record_id,clause_number,family,split,start_position,valid_tokens,padded_tokens,is_padded
FAR52_0001,52.201-1,201,train,0,256,0,False
FAR52_0001,52.201-1,201,train,128,256,0,False
FAR52_0001,52.201-1,201,train,256,256,0,False
FAR52_0001,52.201-1,201,train,384,256,0,False
FAR52_0001,52.201-1,201,train,512,256,0,False
FAR52_0001,52.201-1,201,train,640,256,0,False
FAR52_0001,52.201-1,201,train,744,256,0,False
FAR52_0001,52.201-1,201,train,768,232,24,True
FAR52_0001,52.201-1,201,train,896,104,152,True
FAR52_0002,52.202-1,202,validation,0,256,0,False
FAR52_0002,52.202-1,202,validation,128,256,0,False
FAR52_0002,52.202-1,202,validation,256,256,0,False
FAR52_0002,52.202-1,202,validation,384,256,0,False
FAR52_0002,52.202-1,202,validation,512,256,0,False
FAR52_0002,52.202-1,202,validation,640,256,0,False
FAR52_0002,52.202-1,202,validation,767,256,0,False
FAR52_0002,52.202-1,202,validation,768,255,1,True
FAR52_0002,52.202-1,202,validation,896,127,129,True
FAR52_0003,52.203-2,203,train,0,256,0,False
FAR52_0003,52.203-2,203,train,128,256,0,False
FAR52_0003,52.203-2,203,train,256,256,0,False
FAR52_0003,52.203-2,203,train,384,256,0,False
FAR52_0003,52.203-2,203,train,512,256,0,False
FAR52_0003,52.203-2,203,train,640,256,0,False
FAR52_0003,52.203-2,203,train,768,256,0,False
FAR52_0003,52.203-2,203,train,896,256,0,False
FAR52_0003,52.203-2,203,train,1024,256,0,False
FAR52_0003,52.203-2,203,train,1152,256,0,False
FAR52_0003,52.203-2,203,train,1280,256,0,False
FAR52_0003,52.203-2,203,train,1408,256,0,False
FAR52_0003,52.203-2,203,train,1536,256,0,False
FAR52_0003,52.203-2,203,train,1664,256,0,False
FAR52_0003,52.203-2,203,train,1792,256,0,False
FAR52_0003,52.203-2,203,train,1920,256,0,False
FAR52_0003,52.203-2,203,train,2048,256,0,False
FAR52_0003,52.203-2,203,train,2176,256,0,False
FAR52_0003,52.203-2,203,train,2304,256,0,False
FAR52_0003,52.203-2,203,train,2351,256,0,False
FAR52_0003,52.203-2,203,train,2432,175,81,True
FAR52_0003,52.203-2,203,train,2560,47,209,True
FAR52_0004,52.203-3,203,train,0,256,0,False
FAR52_0004,52.203-3,203,train,128,256,0,False
FAR52_0004,52.203-3,203,train,256,256,0,False
FAR52_0004,52.203-3,203,train,384,256,0,False
FAR52_0004,52.203-3,203,train,512,256,0,False
FAR52_0004,52.203-3,203,train,640,256,0,False
FAR52_0004,52.203-3,203,train,768,256,0,False
FAR52_0004,52.203-3,203,train,896,256,0,False
FAR52_0004,52.203-3,203,train,1024,256,0,False
FAR52_0004,52.203-3,203,train,1100,256,0,False
FAR52_0004,52.203-3,203,train,1152,204,52,True
FAR52_0004,52.203-3,203,train,1280,76,180,True
FAR52_0005,52.203-5,203,train,0,256,0,False
FAR52_0005,52.203-5,203,train,128,256,0,False
FAR52_0005,52.203-5,203,train,256,256,0,False
FAR52_0005,52.203-5,203,train,384,256,0,False
FAR52_0005,52.203-5,203,train,512,256,0,False
FAR52_0005,52.203-5,203,train,640,256,0,False
FAR52_0005,52.203-5,203,train,768,256,0,False
FAR52_0005,52.203-5,203,train,896,256,0,False
FAR52_0005,52.203-5,203,train,1024,256,0,False
FAR52_0005,52.203-5,203,train,1152,256,0,False
FAR52_0005,52.203-5,203,train,1280,256,0,False
FAR52_0005,52.203-5,203,train,1408,256,0,False
FAR52_0005,52.203-5,203,train,1536,256,0,False
FAR52_0005,52.203-5,203,train,1562,256,0,False
FAR52_0005,52.203-5,203,train,1664,154,102,True
FAR52_0005,52.203-5,203,train,1792,26,230,True
FAR52_0006,52.203-6,203,train,0,256,0,False
FAR52_0006,52.203-6,203,train,128,256,0,False
FAR52_0006,52.203-6,203,train,256,256,0,False
FAR52_0006,52.203-6,203,train,384,256,0,False
FAR52_0006,52.203-6,203,train,512,256,0,False
FAR52_0006,52.203-6,203,train,640,256,0,False
FAR52_0006,52.203-6,203,train,768,256,0,False
FAR52_0006,52.203-6,203,train,896,256,0,False
FAR52_0006,52.203-6,203,train,1024,256,0,False
FAR52_0006,52.203-6,203,train,1152,256,0,False
FAR52_0006,52.203-6,203,train,1280,256,0,False
FAR52_0006,52.203-6,203,train,1408,256,0,False
FAR52_0006,52.203-6,203,train,1446,256,0,False
FAR52_0006,52.203-6,203,train,1536,166,90,True
FAR52_0006,52.203-6,203,train,1664,38,218,True
FAR52_0007,52.203-7,203,train,0,256,0,False
FAR52_0007,52.203-7,203,train,128,256,0,False
FAR52_0007,52.203-7,203,train,256,256,0,False
FAR52_0007,52.203-7,203,train,384,256,0,False
FAR52_0007,52.203-7,203,train,512,256,0,False
FAR52_0007,52.203-7,203,train,640,256,0,False
FAR52_0007,52.203-7,203,train,768,256,0,False
FAR52_0007,52.203-7,203,train,896,256,0,False
FAR52_0007,52.203-7,203,train,1024,256,0,False
FAR52_0007,52.203-7,203,train,1152,256,0,False
FAR52_0007,52.203-7,203,train,1280,256,0,False
FAR52_0007,52.203-7,203,train,1408,256,0,False
FAR52_0007,52.203-7,203,train,1536,256,0,False
FAR52_0007,52.203-7,203,train,1664,256,0,False
FAR52_0007,52.203-7,203,train,1792,256,0,False
FAR52_0007,52.203-7,203,train,1920,256,0,False
FAR52_0007,52.203-7,203,train,2048,256,0,False
FAR52_0007,52.203-7,203,train,2176,256,0,False
FAR52_0007,52.203-7,203,train,2304,256,0,False
FAR52_0007,52.203-7,203,train,2432,256,0,False
FAR52_0007,52.203-7,203,train,2560,256,0,False
FAR52_0007,52.203-7,203,train,2688,256,0,False
FAR52_0007,52.203-7,203,train,2816,256,0,False
FAR52_0007,52.203-7,203,train,2944,256,0,False
FAR52_0007,52.203-7,203,train,3072,256,0,False
FAR52_0007,52.203-7,203,train,3200,256,0,False
FAR52_0007,52.203-7,203,train,3328,256,0,False
FAR52_0007,52.203-7,203,train,3456,256,0,False
FAR52_0007,52.203-7,203,train,3584,256,0,False
FAR52_0007,52.203-7,203,train,3712,256,0,False
FAR52_0007,52.203-7,203,train,3811,256,0,False
FAR52_0007,52.203-7,203,train,3840,227,29,True
FAR52_0007,52.203-7,203,train,3968,99,157,True
FAR52_0008,52.203-8,203,train,0,256,0,False
FAR52_0008,52.203-8,203,train,128,256,0,False
FAR52_0008,52.203-8,203,train,256,256,0,False
FAR52_0008,52.203-8,203,train,384,256,0,False
FAR52_0008,52.203-8,203,train,512,256,0,False
FAR52_0008,52.203-8,203,train,640,256,0,False
FAR52_0008,52.203-8,203,train,768,256,0,False
FAR52_0008,52.203-8,203,train,896,256,0,False
FAR52_0008,52.203-8,203,train,1024,256,0,False
FAR52_0008,52.203-8,203,train,1152,256,0,False
FAR52_0008,52.203-8,203,train,1280,256,0,False
FAR52_0008,52.203-8,203,train,1290,256,0,False
FAR52_0008,52.203-8,203,train,1408,138,118,True
FAR52_0008,52.203-8,203,train,1536,10,246,True
FAR52_0009,52.203-10,203,validation,0,256,0,False
FAR52_0009,52.203-10,203,validation,128,256,0,False
FAR52_0009,52.203-10,203,validation,256,256,0,False
FAR52_0009,52.203-10,203,validation,384,256,0,False
FAR52_0009,52.203-10,203,validation,512,256,0,False
FAR52_0009,52.203-10,203,validation,640,256,0,False
FAR52_0009,52.203-10,203,validation,768,256,0,False
FAR52_0009,52.203-10,203,validation,896,256,0,False
FAR52_0009,52.203-10,203,validation,1024,256,0,False
FAR52_0009,52.203-10,203,validation,1152,256,0,False
FAR52_0009,52.203-10,203,validation,1280,256,0,False
FAR52_0009,52.203-10,203,validation,1408,256,0,False
FAR52_0009,52.203-10,203,validation,1536,256,0,False
FAR52_0009,52.203-10,203,validation,1664,256,0,False
FAR52_0009,52.203-10,203,validation,1792,256,0,False
FAR52_0009,52.203-10,203,validation,1920,256,0,False
FAR52_0009,52.203-10,203,validation,2048,256,0,False
FAR52_0009,52.203-10,203,validation,2176,256,0,False
FAR52_0009,52.203-10,203,validation,2304,256,0,False
FAR52_0009,52.203-10,203,validation,2432,256,0,False
FAR52_0009,52.203-10,203,validation,2560,256,0,False
FAR52_0009,52.203-10,203,validation,2688,256,0,False
FAR52_0009,52.203-10,203,validation,2816,256,0,False
FAR52_0009,52.203-10,203,validation,2823,256,0,False
FAR52_0009,52.203-10,203,validation,2944,135,121,True
FAR52_0009,52.203-10,203,validation,3072,7,249,True
FAR52_0010,52.203-11,203,train,0,256,0,False
FAR52_0010,52.203-11,203,train,128,256,0,False
FAR52_0010,52.203-11,203,train,256,256,0,False
FAR52_0010,52.203-11,203,train,384,256,0,False
FAR52_0010,52.203-11,203,train,512,256,0,False
FAR52_0010,52.203-11,203,train,640,256,0,False
FAR52_0010,52.203-11,203,train,768,256,0,False
FAR52_0010,52.203-11,203,train,896,256,0,False
FAR52_0010,52.203-11,203,train,1024,256,0,False
FAR52_0010,52.203-11,203,train,1152,256,0,False
FAR52_0010,52.203-11,203,train,1280,256,0,False
FAR52_0010,52.203-11,203,train,1408,256,0,False
FAR52_0010,52.203-11,203,train,1536,256,0,False
FAR52_0010,52.203-11,203,train,1664,256,0,False
FAR52_0010,52.203-11,203,train,1792,256,0,False
FAR52_0010,52.203-11,203,train,1920,256,0,False
FAR52_0010,52.203-11,203,train,2048,256,0,False
FAR52_0010,52.203-11,203,train,2059,256,0,False
FAR52_0010,52.203-11,203,train,2176,139,117,True
FAR52_0010,52.203-11,203,train,2304,11,245,True
FAR52_0011,52.203-12,203,train,0,256,0,False
FAR52_0011,52.203-12,203,train,128,256,0,False
FAR52_0011,52.203-12,203,train,256,256,0,False
FAR52_0011,52.203-12,203,train,512,256,0,False
FAR52_0011,52.203-12,203,train,640,256,0,False
FAR52_0011,52.203-12,203,train,896,256,0,False
FAR52_0011,52.203-12,203,train,1024,256,0,False
FAR52_0011,52.203-12,203,train,1280,256,0,False
FAR52_0011,52.203-12,203,train,1408,256,0,False
FAR52_0011,52.203-12,203,train,1664,256,0,False
FAR52_0011,52.203-12,203,train,1792,256,0,False
FAR52_0011,52.203-12,203,train,2048,256,0,False
FAR52_0011,52.203-12,203,train,2176,256,0,False
FAR52_0011,52.203-12,203,train,2432,256,0,False
FAR52_0011,52.203-12,203,train,2560,256,0,False
FAR52_0011,52.203-12,203,train,2816,256,0,False
FAR52_0011,52.203-12,203,train,2944,256,0,False
FAR52_0011,52.203-12,203,train,3200,256,0,False
FAR52_0011,52.203-12,203,train,3328,256,0,False
FAR52_0011,52.203-12,203,train,3584,256,0,False
FAR52_0011,52.203-12,203,train,3712,256,0,False
FAR52_0011,52.203-12,203,train,3968,256,0,False
FAR52_0011,52.203-12,203,train,4096,256,0,False
FAR52_0011,52.203-12,203,train,4352,256,0,False
FAR52_0011,52.203-12,203,train,4480,256,0,False
FAR52_0011,52.203-12,203,train,4736,256,0,False
FAR52_0011,52.203-12,203,train,4864,256,0,False
FAR52_0011,52.203-12,203,train,5120,256,0,False
FAR52_0011,52.203-12,203,train,5248,256,0,False
FAR52_0011,52.203-12,203,train,5504,256,0,False
FAR52_0011,52.203-12,203,train,5632,256,0,False
FAR52_0011,52.203-12,203,train,5888,256,0,False
FAR52_0011,52.203-12,203,train,6016,256,0,False
FAR52_0011,52.203-12,203,train,6272,256,0,False
FAR52_0011,52.203-12,203,train,6400,256,0,False
FAR52_0011,52.203-12,203,train,6656,256,0,False
FAR52_0011,52.203-12,203,train,6784,256,0,False
FAR52_0011,52.203-12,203,train,7040,256,0,False
FAR52_0011,52.203-12,203,train,7168,256,0,False
FAR52_0011,52.203-12,203,train,7424,256,0,False
FAR52_0011,52.203-12,203,train,7552,256,0,False
FAR52_0011,52.203-12,203,train,7808,256,0,False
FAR52_0011,52.203-12,203,train,7936,256,0,False
FAR52_0011,52.203-12,203,train,8192,256,0,False
FAR52_0011,52.203-12,203,train,8320,256,0,False
FAR52_0011,52.203-12,203,train,8576,256,0,False
FAR52_0011,52.203-12,203,train,8704,256,0,False
FAR52_0011,52.203-12,203,train,8960,256,0,False
FAR52_0011,52.203-12,203,train,9088,256,0,False
FAR52_0011,52.203-12,203,train,9344,256,0,False
FAR52_0011,52.203-12,203,train,9472,256,0,False
FAR52_0011,52.203-12,203,train,9728,256,0,False
FAR52_0011,52.203-12,203,train,9856,256,0,False
FAR52_0011,52.203-12,203,train,10112,256,0,False
FAR52_0011,52.203-12,203,train,10240,256,0,False
FAR52_0011,52.203-12,203,train,10496,256,0,False
FAR52_0011,52.203-12,203,train,10624,256,0,False
FAR52_0011,52.203-12,203,train,10880,256,0,False
FAR52_0011,52.203-12,203,train,11008,256,0,False
FAR52_0011,52.203-12,203,train,11264,256,0,False
FAR52_0011,52.203-12,203,train,11392,256,0,False
FAR52_0011,52.203-12,203,train,11648,256,0,False
FAR52_0011,52.203-12,203,train,11719,256,0,False
FAR52_0011,52.203-12,203,train,11904,71,185,True
FAR52_0012,52.203-13,203,train,0,256,0,False
FAR52_0012,52.203-13,203,train,128,256,0,False
FAR52_0012,52.203-13,203,train,256,256,0,False
FAR52_0012,52.203-13,203,train,384,256,0,False
FAR52_0012,52.203-13,203,train,512,256,0,False
FAR52_0012,52.203-13,203,train,640,256,0,False
FAR52_0012,52.203-13,203,train,896,256,0,False
FAR52_0012,52.203-13,203,train,1024,256,0,False
FAR52_0012,52.203-13,203,train,1152,256,0,False
FAR52_0012,52.203-13,203,train,1280,256,0,False
FAR52_0012,52.203-13,203,train,1408,256,0,False
FAR52_0012,52.203-13,203,train,1536,256,0,False
FAR52_0012,52.203-13,203,train,1792,256,0,False
FAR52_0012,52.203-13,203,train,1920,256,0,False
FAR52_0012,52.203-13,203,train,2048,256,0,False
FAR52_0012,52.203-13,203,train,2176,256,0,False
FAR52_0012,52.203-13,203,train,2304,256,0,False
FAR52_0012,52.203-13,203,train,2432,256,0,False
FAR52_0012,52.203-13,203,train,2688,256,0,False
FAR52_0012,52.203-13,203,train,2816,256,0,False
FAR52_0012,52.203-13,203,train,2944,256,0,False
FAR52_0012,52.203-13,203,train,3072,256,0,False
FAR52_0012,52.203-13,203,train,3200,256,0,False
FAR52_0012,52.203-13,203,train,3456,256,0,False
FAR52_0012,52.203-13,203,train,3584,256,0,False
FAR52_0012,52.203-13,203,train,3712,256,0,False
FAR52_0012,52.203-13,203,train,3840,256,0,False
FAR52_0012,52.203-13,203,train,3968,256,0,False
FAR52_0012,52.203-13,203,train,4096,256,0,False
FAR52_0012,52.203-13,203,train,4352,256,0,False
FAR52_0012,52.203-13,203,train,4480,256,0,False
FAR52_0012,52.203-13,203,train,4608,256,0,False
FAR52_0012,52.203-13,203,train,4736,256,0,False
FAR52_0012,52.203-13,203,train,4864,256,0,False
FAR52_0012,52.203-13,203,train,4992,256,0,False
FAR52_0012,52.203-13,203,train,5248,256,0,False
FAR52_0012,52.203-13,203,train,5376,256,0,False
FAR52_0012,52.203-13,203,train,5504,256,0,False
FAR52_0012,52.203-13,203,train,5632,256,0,False
FAR52_0012,52.203-13,203,train,5760,256,0,False
FAR52_0012,52.203-13,203,train,5888,256,0,False
FAR52_0012,52.203-13,203,train,6144,256,0,False
FAR52_0012,52.203-13,203,train,6272,256,0,False
FAR52_0012,52.203-13,203,train,6400,256,0,False
FAR52_0012,52.203-13,203,train,6528,256,0,False
FAR52_0012,52.203-13,203,train,6656,256,0,False
FAR52_0012,52.203-13,203,train,6912,256,0,False
FAR52_0012,52.203-13,203,train,7040,256,0,False
FAR52_0012,52.203-13,203,train,7168,256,0,False
FAR52_0012,52.203-13,203,train,7296,256,0,False
FAR52_0012,52.203-13,203,train,7424,256,0,False
FAR52_0012,52.203-13,203,train,7552,256,0,False
FAR52_0012,52.203-13,203,train,7808,256,0,False
FAR52_0012,52.203-13,203,train,7936,256,0,False
FAR52_0012,52.203-13,203,train,8064,256,0,False
FAR52_0012,52.203-13,203,train,8192,256,0,False
FAR52_0012,52.203-13,203,train,8320,256,0,False
FAR52_0012,52.203-13,203,train,8448,256,0,False
FAR52_0012,52.203-13,203,train,8704,256,0,False
FAR52_0012,52.203-13,203,train,8832,256,0,False
FAR52_0012,52.203-13,203,train,8960,256,0,False
FAR52_0012,52.203-13,203,train,9088,256,0,False
FAR52_0012,52.203-13,203,train,9118,256,0,False
FAR52_0012,52.203-13,203,train,9344,30,226,True
FAR52_0013,52.203-14,203,train,0,256,0,False
FAR52_0013,52.203-14,203,train,128,256,0,False
FAR52_0013,52.203-14,203,train,256,256,0,False
FAR52_0013,52.203-14,203,train,384,256,0,False
FAR52_0013,52.203-14,203,train,512,256,0,False
FAR52_0013,52.203-14,203,train,640,256,0,False
FAR52_0013,52.203-14,203,train,768,256,0,False
FAR52_0013,52.203-14,203,train,896,256,0,False
FAR52_0013,52.203-14,203,train,1024,256,0,False
FAR52_0013,52.203-14,203,train,1152,256,0,False
FAR52_0013,52.203-14,203,train,1280,256,0,False
FAR52_0013,52.203-14,203,train,1408,256,0,False
FAR52_0013,52.203-14,203,train,1536,256,0,False
FAR52_0013,52.203-14,203,train,1664,256,0,False
FAR52_0013,52.203-14,203,train,1792,256,0,False
FAR52_0013,52.203-14,203,train,1920,256,0,False
FAR52_0013,52.203-14,203,train,1962,256,0,False
FAR52_0013,52.203-14,203,train,2048,170,86,True
FAR52_0013,52.203-14,203,train,2176,42,214,True
FAR52_0014,52.203-15,203,train,0,256,0,False
FAR52_0014,52.203-15,203,train,128,256,0,False
FAR52_0014,52.203-15,203,train,256,256,0,False
FAR52_0014,52.203-15,203,train,384,256,0,False
FAR52_0014,52.203-15,203,train,391,256,0,False
FAR52_0014,52.203-15,203,train,512,135,121,True
FAR52_0014,52.203-15,203,train,640,7,249,True
FAR52_0015,52.203-16,203,train,0,256,0,False
FAR52_0015,52.203-16,203,train,128,256,0,False
FAR52_0015,52.203-16,203,train,256,256,0,False
FAR52_0015,52.203-16,203,train,384,256,0,False
FAR52_0015,52.203-16,203,train,512,256,0,False
FAR52_0015,52.203-16,203,train,640,256,0,False
FAR52_0015,52.203-16,203,train,768,256,0,False
FAR52_0015,52.203-16,203,train,896,256,0,False
FAR52_0015,52.203-16,203,train,1024,256,0,False
FAR52_0015,52.203-16,203,train,1152,256,0,False
FAR52_0015,52.203-16,203,train,1280,256,0,False
FAR52_0015,52.203-16,203,train,1408,256,0,False
FAR52_0015,52.203-16,203,train,1536,256,0,False
FAR52_0015,52.203-16,203,train,1664,256,0,False
FAR52_0015,52.203-16,203,train,1792,256,0,False
FAR52_0015,52.203-16,203,train,1920,256,0,False
FAR52_0015,52.203-16,203,train,2048,256,0,False
FAR52_0015,52.203-16,203,train,2176,256,0,False
FAR52_0015,52.203-16,203,train,2304,256,0,False
FAR52_0015,52.203-16,203,train,2432,256,0,False
FAR52_0015,52.203-16,203,train,2560,256,0,False
FAR52_0015,52.203-16,203,train,2688,256,0,False
FAR52_0015,52.203-16,203,train,2816,256,0,False
FAR52_0015,52.203-16,203,train,2944,256,0,False
FAR52_0015,52.203-16,203,train,3072,256,0,False
FAR52_0015,52.203-16,203,train,3200,256,0,False
FAR52_0015,52.203-16,203,train,3328,256,0,False
FAR52_0015,52.203-16,203,train,3456,256,0,False
FAR52_0015,52.203-16,203,train,3584,256,0,False
FAR52_0015,52.203-16,203,train,3712,256,0,False
FAR52_0015,52.203-16,203,train,3840,256,0,False
FAR52_0015,52.203-16,203,train,3968,256,0,False
FAR52_0015,52.203-16,203,train,4096,256,0,False
FAR52_0015,52.203-16,203,train,4224,256,0,False
FAR52_0015,52.203-16,203,train,4352,256,0,False
FAR52_0015,52.203-16,203,train,4480,256,0,False
FAR52_0015,52.203-16,203,train,4608,256,0,False
FAR52_0015,52.203-16,203,train,4736,256,0,False
FAR52_0015,52.203-16,203,train,4864,256,0,False
FAR52_0015,52.203-16,203,train,4992,256,0,False
FAR52_0015,52.203-16,203,train,5120,256,0,False
FAR52_0015,52.203-16,203,train,5248,256,0,False
FAR52_0015,52.203-16,203,train,5376,256,0,False
FAR52_0015,52.203-16,203,train,5504,256,0,False
FAR52_0015,52.203-16,203,train,5632,256,0,False
FAR52_0015,52.203-16,203,train,5760,256,0,False
FAR52_0015,52.203-16,203,train,5888,256,0,False
FAR52_0015,52.203-16,203,train,6016,256,0,False
FAR52_0015,52.203-16,203,train,6144,256,0,False
FAR52_0015,52.203-16,203,train,6272,256,0,False
FAR52_0015,52.203-16,203,train,6400,256,0,False
FAR52_0015,52.203-16,203,train,6528,256,0,False
FAR52_0015,52.203-16,203,train,6656,256,0,False
FAR52_0015,52.203-16,203,train,6784,256,0,False
FAR52_0015,52.203-16,203,train,6912,256,0,False
FAR52_0015,52.203-16,203,train,7040,256,0,False
FAR52_0015,52.203-16,203,train,7168,256,0,False
FAR52_0015,52.203-16,203,train,7296,256,0,False
FAR52_0015,52.203-16,203,train,7424,256,0,False
FAR52_0015,52.203-16,203,train,7457,256,0,False
FAR52_0015,52.203-16,203,train,7552,161,95,True
FAR52_0015,52.203-16,203,train,7680,33,223,True
FAR52_0016,52.203-17,203,test,0,256,0,False
FAR52_0016,52.203-17,203,test,128,256,0,False
FAR52_0016,52.203-17,203,test,256,256,0,False
FAR52_0016,52.203-17,203,test,384,256,0,False
FAR52_0016,52.203-17,203,test,454,256,0,False
FAR52_0016,52.203-17,203,test,512,198,58,True
FAR52_0016,52.203-17,203,test,640,70,186,True
FAR52_0017,52.203-18,203,train,0,256,0,False
FAR52_0017,52.203-18,203,train,128,256,0,False
FAR52_0017,52.203-18,203,train,256,256,0,False
FAR52_0017,52.203-18,203,train,384,256,0,False
FAR52_0017,52.203-18,203,train,512,256,0,False
FAR52_0017,52.203-18,203,train,640,256,0,False
FAR52_0017,52.203-18,203,train,768,256,0,False
FAR52_0017,52.203-18,203,train,896,256,0,False
FAR52_0017,52.203-18,203,train,1024,256,0,False
FAR52_0017,52.203-18,203,train,1152,256,0,False
FAR52_0017,52.203-18,203,train,1280,256,0,False
FAR52_0017,52.203-18,203,train,1408,256,0,False
FAR52_0017,52.203-18,203,train,1536,256,0,False
FAR52_0017,52.203-18,203,train,1664,256,0,False
FAR52_0017,52.203-18,203,train,1792,256,0,False
FAR52_0017,52.203-18,203,train,1920,256,0,False
FAR52_0017,52.203-18,203,train,2048,256,0,False
FAR52_0017,52.203-18,203,train,2057,256,0,False
FAR52_0017,52.203-18,203,train,2176,137,119,True
FAR52_0017,52.203-18,203,train,2304,9,247,True
FAR52_0018,52.203-19,203,test,0,256,0,False
FAR52_0018,52.203-19,203,test,128,256,0,False
FAR52_0018,52.203-19,203,test,256,256,0,False
FAR52_0018,52.203-19,203,test,384,256,0,False
FAR52_0018,52.203-19,203,test,512,256,0,False
FAR52_0018,52.203-19,203,test,640,256,0,False
FAR52_0018,52.203-19,203,test,768,256,0,False
FAR52_0018,52.203-19,203,test,896,256,0,False
FAR52_0018,52.203-19,203,test,1024,256,0,False
FAR52_0018,52.203-19,203,test,1152,256,0,False
FAR52_0018,52.203-19,203,test,1280,256,0,False
FAR52_0018,52.203-19,203,test,1408,256,0,False
FAR52_0018,52.203-19,203,test,1536,256,0,False
FAR52_0018,52.203-19,203,test,1664,256,0,False
FAR52_0018,52.203-19,203,test,1792,256,0,False
FAR52_0018,52.203-19,203,test,1920,256,0,False
FAR52_0018,52.203-19,203,test,2048,256,0,False
FAR52_0018,52.203-19,203,test,2176,256,0,False
FAR52_0018,52.203-19,203,test,2304,256,0,False
FAR52_0018,52.203-19,203,test,2432,256,0,False
FAR52_0018,52.203-19,203,test,2560,256,0,False
FAR52_0018,52.203-19,203,test,2688,256,0,False
FAR52_0018,52.203-19,203,test,2693,256,0,False
FAR52_0018,52.203-19,203,test,2816,133,123,True
FAR52_0018,52.203-19,203,test,2944,5,251,True
FAR52_0019,52.204-1,204,train,0,256,0,False
FAR52_0019,52.204-1,204,train,26,256,0,False
FAR52_0019,52.204-1,204,train,128,154,102,True
FAR52_0019,52.204-1,204,train,256,26,230,True
FAR52_0020,52.204-2,204,train,0,256,0,False
FAR52_0020,52.204-2,204,train,128,256,0,False
FAR52_0020,52.204-2,204,train,256,256,0,False
FAR52_0020,52.204-2,204,train,384,256,0,False
FAR52_0020,52.204-2,204,train,512,256,0,False
FAR52_0020,52.204-2,204,train,640,256,0,False
FAR52_0020,52.204-2,204,train,768,256,0,False
FAR52_0020,52.204-2,204,train,896,256,0,False
FAR52_0020,52.204-2,204,train,1024,256,0,False
FAR52_0020,52.204-2,204,train,1152,256,0,False
FAR52_0020,52.204-2,204,train,1280,256,0,False
FAR52_0020,52.204-2,204,train,1408,256,0,False
FAR52_0020,52.204-2,204,train,1536,256,0,False
FAR52_0020,52.204-2,204,train,1664,256,0,False
FAR52_0020,52.204-2,204,train,1792,256,0,False
FAR52_0020,52.204-2,204,train,1920,256,0,False
FAR52_0020,52.204-2,204,train,2048,256,0,False
FAR52_0020,52.204-2,204,train,2176,256,0,False
FAR52_0020,52.204-2,204,train,2304,256,0,False
FAR52_0020,52.204-2,204,train,2432,256,0,False
FAR52_0020,52.204-2,204,train,2560,256,0,False
FAR52_0020,52.204-2,204,train,2688,256,0,False
FAR52_0020,52.204-2,204,train,2816,256,0,False
FAR52_0020,52.204-2,204,train,2944,256,0,False
FAR52_0020,52.204-2,204,train,3072,256,0,False
FAR52_0020,52.204-2,204,train,3200,256,0,False
FAR52_0020,52.204-2,204,train,3328,256,0,False
FAR52_0020,52.204-2,204,train,3456,256,0,False
FAR52_0020,52.204-2,204,train,3584,256,0,False
FAR52_0020,52.204-2,204,train,3712,256,0,False
FAR52_0020,52.204-2,204,train,3840,256,0,False
FAR52_0020,52.204-2,204,train,3875,256,0,False
FAR52_0020,52.204-2,204,train,3968,163,93,True
FAR52_0020,52.204-2,204,train,4096,35,221,True
FAR52_0021,52.204-3,204,test,0,256,0,False
FAR52_0021,52.204-3,204,test,128,256,0,False
FAR52_0021,52.204-3,204,test,256,256,0,False
FAR52_0021,52.204-3,204,test,384,256,0,False
FAR52_0021,52.204-3,204,test,512,256,0,False
FAR52_0021,52.204-3,204,test,640,256,0,False
FAR52_0021,52.204-3,204,test,768,256,0,False
FAR52_0021,52.204-3,204,test,896,256,0,False
FAR52_0021,52.204-3,204,test,1024,256,0,False
FAR52_0021,52.204-3,204,test,1152,256,0,False
FAR52_0021,52.204-3,204,test,1280,256,0,False
FAR52_0021,52.204-3,204,test,1408,256,0,False
FAR52_0021,52.204-3,204,test,1536,256,0,False
FAR52_0021,52.204-3,204,test,1664,256,0,False
FAR52_0021,52.204-3,204,test,1792,256,0,False
FAR52_0021,52.204-3,204,test,1920,256,0,False
FAR52_0021,52.204-3,204,test,2048,256,0,False
FAR52_0021,52.204-3,204,test,2176,256,0,False
FAR52_0021,52.204-3,204,test,2304,256,0,False
FAR52_0021,52.204-3,204,test,2405,256,0,False
FAR52_0021,52.204-3,204,test,2432,229,27,True
FAR52_0021,52.204-3,204,test,2560,101,155,True
FAR52_0022,52.204-5,204,train,0,256,0,False
FAR52_0022,52.204-5,204,train,128,256,0,False
FAR52_0022,52.204-5,204,train,256,256,0,False
FAR52_0022,52.204-5,204,train,384,256,0,False
FAR52_0022,52.204-5,204,train,512,256,0,False
FAR52_0022,52.204-5,204,train,598,256,0,False
FAR52_0022,52.204-5,204,train,640,214,42,True
FAR52_0022,52.204-5,204,train,768,86,170,True
FAR52_0023,52.204-6,204,train,0,256,0,False
FAR52_0023,52.204-6,204,train,128,256,0,False
FAR52_0023,52.204-6,204,train,256,256,0,False
FAR52_0023,52.204-6,204,train,384,256,0,False
FAR52_0023,52.204-6,204,train,512,256,0,False
FAR52_0023,52.204-6,204,train,640,256,0,False
FAR52_0023,52.204-6,204,train,768,256,0,False
FAR52_0023,52.204-6,204,train,896,256,0,False
FAR52_0023,52.204-6,204,train,1024,256,0,False
FAR52_0023,52.204-6,204,train,1152,256,0,False
FAR52_0023,52.204-6,204,train,1280,256,0,False
FAR52_0023,52.204-6,204,train,1408,256,0,False
FAR52_0023,52.204-6,204,train,1536,256,0,False
FAR52_0023,52.204-6,204,train,1617,256,0,False
FAR52_0023,52.204-6,204,train,1664,209,47,True
FAR52_0023,52.204-6,204,train,1792,81,175,True
FAR52_0024,52.204-7,204,train,0,256,0,False
FAR52_0024,52.204-7,204,train,128,256,0,False
FAR52_0024,52.204-7,204,train,256,256,0,False
FAR52_0024,52.204-7,204,train,384,256,0,False
FAR52_0024,52.204-7,204,train,512,256,0,False
FAR52_0024,52.204-7,204,train,640,256,0,False
FAR52_0024,52.204-7,204,train,768,256,0,False
FAR52_0024,52.204-7,204,train,896,256,0,False
FAR52_0024,52.204-7,204,train,1024,256,0,False
FAR52_0024,52.204-7,204,train,1152,256,0,False
FAR52_0024,52.204-7,204,train,1280,256,0,False
FAR52_0024,52.204-7,204,train,1408,256,0,False
FAR52_0024,52.204-7,204,train,1536,256,0,False
FAR52_0024,52.204-7,204,train,1664,256,0,False
FAR52_0024,52.204-7,204,train,1792,256,0,False
FAR52_0024,52.204-7,204,train,1920,256,0,False
FAR52_0024,52.204-7,204,train,2048,256,0,False
FAR52_0024,52.204-7,204,train,2176,256,0,False
FAR52_0024,52.204-7,204,train,2304,256,0,False
FAR52_0024,52.204-7,204,train,2432,256,0,False
FAR52_0024,52.204-7,204,train,2560,256,0,False
FAR52_0024,52.204-7,204,train,2688,256,0,False
FAR52_0024,52.204-7,204,train,2816,256,0,False
FAR52_0024,52.204-7,204,train,2944,256,0,False
FAR52_0024,52.204-7,204,train,3072,256,0,False
FAR52_0024,52.204-7,204,train,3200,256,0,False
FAR52_0024,52.204-7,204,train,3328,256,0,False
FAR52_0024,52.204-7,204,train,3456,256,0,False
FAR52_0024,52.204-7,204,train,3584,256,0,False
FAR52_0024,52.204-7,204,train,3607,256,0,False
FAR52_0024,52.204-7,204,train,3712,151,105,True
FAR52_0024,52.204-7,204,train,3840,23,233,True
FAR52_0025,52.204-8,204,train,0,256,0,False
FAR52_0025,52.204-8,204,train,128,256,0,False
FAR52_0025,52.204-8,204,train,256,256,0,False
FAR52_0025,52.204-8,204,train,512,256,0,False
FAR52_0025,52.204-8,204,train,640,256,0,False
FAR52_0025,52.204-8,204,train,896,256,0,False
FAR52_0025,52.204-8,204,train,1024,256,0,False
FAR52_0025,52.204-8,204,train,1280,256,0,False
FAR52_0025,52.204-8,204,train,1408,256,0,False
FAR52_0025,52.204-8,204,train,1664,256,0,False
FAR52_0025,52.204-8,204,train,1792,256,0,False
FAR52_0025,52.204-8,204,train,1920,256,0,False
FAR52_0025,52.204-8,204,train,2176,256,0,False
FAR52_0025,52.204-8,204,train,2304,256,0,False
FAR52_0025,52.204-8,204,train,2560,256,0,False
FAR52_0025,52.204-8,204,train,2688,256,0,False
FAR52_0025,52.204-8,204,train,2944,256,0,False
FAR52_0025,52.204-8,204,train,3072,256,0,False
FAR52_0025,52.204-8,204,train,3328,256,0,False
FAR52_0025,52.204-8,204,train,3456,256,0,False
FAR52_0025,52.204-8,204,train,3584,256,0,False
FAR52_0025,52.204-8,204,train,3840,256,0,False
FAR52_0025,52.204-8,204,train,3968,256,0,False
FAR52_0025,52.204-8,204,train,4224,256,0,False
FAR52_0025,52.204-8,204,train,4352,256,0,False
FAR52_0025,52.204-8,204,train,4608,256,0,False
FAR52_0025,52.204-8,204,train,4736,256,0,False
FAR52_0025,52.204-8,204,train,4992,256,0,False
FAR52_0025,52.204-8,204,train,5120,256,0,False
FAR52_0025,52.204-8,204,train,5248,256,0,False
FAR52_0025,52.204-8,204,train,5504,256,0,False
FAR52_0025,52.204-8,204,train,5632,256,0,False
FAR52_0025,52.204-8,204,train,5888,256,0,False
FAR52_0025,52.204-8,204,train,6016,256,0,False
FAR52_0025,52.204-8,204,train,6272,256,0,False
FAR52_0025,52.204-8,204,train,6400,256,0,False
FAR52_0025,52.204-8,204,train,6656,256,0,False
FAR52_0025,52.204-8,204,train,6784,256,0,False
FAR52_0025,52.204-8,204,train,6912,256,0,False
FAR52_0025,52.204-8,204,train,7168,256,0,False
FAR52_0025,52.204-8,204,train,7296,256,0,False
FAR52_0025,52.204-8,204,train,7552,256,0,False
FAR52_0025,52.204-8,204,train,7680,256,0,False
FAR52_0025,52.204-8,204,train,7936,256,0,False
FAR52_0025,52.204-8,204,train,8064,256,0,False
FAR52_0025,52.204-8,204,train,8320,256,0,False
FAR52_0025,52.204-8,204,train,8448,256,0,False
FAR52_0025,52.204-8,204,train,8576,256,0,False
FAR52_0025,52.204-8,204,train,8832,256,0,False
FAR52_0025,52.204-8,204,train,8960,256,0,False
FAR52_0025,52.204-8,204,train,9216,256,0,False
FAR52_0025,52.204-8,204,train,9344,256,0,False
FAR52_0025,52.204-8,204,train,9600,256,0,False
FAR52_0025,52.204-8,204,train,9728,256,0,False
FAR52_0025,52.204-8,204,train,9984,256,0,False
FAR52_0025,52.204-8,204,train,10112,256,0,False
FAR52_0025,52.204-8,204,train,10240,256,0,False
FAR52_0025,52.204-8,204,train,10496,256,0,False
FAR52_0025,52.204-8,204,train,10624,256,0,False
FAR52_0025,52.204-8,204,train,10880,256,0,False
FAR52_0025,52.204-8,204,train,11008,256,0,False
FAR52_0025,52.204-8,204,train,11264,256,0,False
FAR52_0025,52.204-8,204,train,11335,256,0,False
FAR52_0025,52.204-8,204,train,11520,71,185,True
FAR52_0026,52.204-9,204,train,0,256,0,False
FAR52_0026,52.204-9,204,train,128,256,0,False
FAR52_0026,52.204-9,204,train,256,256,0,False
FAR52_0026,52.204-9,204,train,384,256,0,False
FAR52_0026,52.204-9,204,train,512,256,0,False
FAR52_0026,52.204-9,204,train,640,256,0,False
FAR52_0026,52.204-9,204,train,768,256,0,False
FAR52_0026,52.204-9,204,train,896,256,0,False
FAR52_0026,52.204-9,204,train,1024,256,0,False
FAR52_0026,52.204-9,204,train,1152,256,0,False
FAR52_0026,52.204-9,204,train,1280,256,0,False
FAR52_0026,52.204-9,204,train,1408,256,0,False
FAR52_0026,52.204-9,204,train,1422,256,0,False
FAR52_0026,52.204-9,204,train,1536,142,114,True
FAR52_0026,52.204-9,204,train,1664,14,242,True
FAR52_0027,52.204-10,204,train,0,256,0,False
FAR52_0027,52.204-10,204,train,128,256,0,False
FAR52_0027,52.204-10,204,train,256,256,0,False
FAR52_0027,52.204-10,204,train,384,256,0,False
FAR52_0027,52.204-10,204,train,512,256,0,False
FAR52_0027,52.204-10,204,train,640,256,0,False
FAR52_0027,52.204-10,204,train,768,256,0,False
FAR52_0027,52.204-10,204,train,896,256,0,False
FAR52_0027,52.204-10,204,train,1024,256,0,False
FAR52_0027,52.204-10,204,train,1152,256,0,False
FAR52_0027,52.204-10,204,train,1280,256,0,False
FAR52_0027,52.204-10,204,train,1408,256,0,False
FAR52_0027,52.204-10,204,train,1536,256,0,False
FAR52_0027,52.204-10,204,train,1792,256,0,False
FAR52_0027,52.204-10,204,train,1920,256,0,False
FAR52_0027,52.204-10,204,train,2048,256,0,False
FAR52_0027,52.204-10,204,train,2176,256,0,False
FAR52_0027,52.204-10,204,train,2304,256,0,False
FAR52_0027,52.204-10,204,train,2432,256,0,False
FAR52_0027,52.204-10,204,train,2560,256,0,False
FAR52_0027,52.204-10,204,train,2688,256,0,False
FAR52_0027,52.204-10,204,train,2816,256,0,False
FAR52_0027,52.204-10,204,train,2944,256,0,False
FAR52_0027,52.204-10,204,train,3072,256,0,False
FAR52_0027,52.204-10,204,train,3200,256,0,False
FAR52_0027,52.204-10,204,train,3328,256,0,False
FAR52_0027,52.204-10,204,train,3584,256,0,False
FAR52_0027,52.204-10,204,train,3712,256,0,False
FAR52_0027,52.204-10,204,train,3840,256,0,False
FAR52_0027,52.204-10,204,train,3968,256,0,False
FAR52_0027,52.204-10,204,train,4096,256,0,False
FAR52_0027,52.204-10,204,train,4224,256,0,False
FAR52_0027,52.204-10,204,train,4352,256,0,False
FAR52_0027,52.204-10,204,train,4480,256,0,False
FAR52_0027,52.204-10,204,train,4608,256,0,False
FAR52_0027,52.204-10,204,train,4736,256,0,False
FAR52_0027,52.204-10,204,train,4864,256,0,False
FAR52_0027,52.204-10,204,train,4992,256,0,False
FAR52_0027,52.204-10,204,train,5248,256,0,False
FAR52_0027,52.204-10,204,train,5376,256,0,False
FAR52_0027,52.204-10,204,train,5504,256,0,False
FAR52_0027,52.204-10,204,train,5632,256,0,False
FAR52_0027,52.204-10,204,train,5760,256,0,False
FAR52_0027,52.204-10,204,train,5888,256,0,False
FAR52_0027,52.204-10,204,train,6016,256,0,False
FAR52_0027,52.204-10,204,train,6144,256,0,False
FAR52_0027,52.204-10,204,train,6272,256,0,False
FAR52_0027,52.204-10,204,train,6400,256,0,False
FAR52_0027,52.204-10,204,train,6528,256,0,False
FAR52_0027,52.204-10,204,train,6656,256,0,False
FAR52_0027,52.204-10,204,train,6784,256,0,False
FAR52_0027,52.204-10,204,train,7040,256,0,False
FAR52_0027,52.204-10,204,train,7168,256,0,False
FAR52_0027,52.204-10,204,train,7296,256,0,False
FAR52_0027,52.204-10,204,train,7424,256,0,False
FAR52_0027,52.204-10,204,train,7552,256,0,False
FAR52_0027,52.204-10,204,train,7680,256,0,False
FAR52_0027,52.204-10,204,train,7808,256,0,False
FAR52_0027,52.204-10,204,train,7936,256,0,False
FAR52_0027,52.204-10,204,train,8064,256,0,False
FAR52_0027,52.204-10,204,train,8192,256,0,False
FAR52_0027,52.204-10,204,train,8320,256,0,False
FAR52_0027,52.204-10,204,train,8333,256,0,False
FAR52_0027,52.204-10,204,train,8576,13,243,True
FAR52_0028,52.204-12,204,train,0,256,0,False
FAR52_0028,52.204-12,204,train,128,256,0,False
FAR52_0028,52.204-12,204,train,256,256,0,False
FAR52_0028,52.204-12,204,train,384,256,0,False
FAR52_0028,52.204-12,204,train,512,256,0,False
FAR52_0028,52.204-12,204,train,640,256,0,False
FAR52_0028,52.204-12,204,train,723,256,0,False
FAR52_0028,52.204-12,204,train,768,211,45,True
FAR52_0028,52.204-12,204,train,896,83,173,True
FAR52_0029,52.204-13,204,test,0,256,0,False
FAR52_0029,52.204-13,204,test,128,256,0,False
FAR52_0029,52.204-13,204,test,256,256,0,False
FAR52_0029,52.204-13,204,test,384,256,0,False
FAR52_0029,52.204-13,204,test,512,256,0,False
FAR52_0029,52.204-13,204,test,640,256,0,False
FAR52_0029,52.204-13,204,test,768,256,0,False
FAR52_0029,52.204-13,204,test,896,256,0,False
FAR52_0029,52.204-13,204,test,1024,256,0,False
FAR52_0029,52.204-13,204,test,1152,256,0,False
FAR52_0029,52.204-13,204,test,1280,256,0,False
FAR52_0029,52.204-13,204,test,1408,256,0,False
FAR52_0029,52.204-13,204,test,1536,256,0,False
FAR52_0029,52.204-13,204,test,1664,256,0,False
FAR52_0029,52.204-13,204,test,1792,256,0,False
FAR52_0029,52.204-13,204,test,1920,256,0,False
FAR52_0029,52.204-13,204,test,2048,256,0,False
FAR52_0029,52.204-13,204,test,2176,256,0,False
FAR52_0029,52.204-13,204,test,2304,256,0,False
FAR52_0029,52.204-13,204,test,2432,256,0,False
FAR52_0029,52.204-13,204,test,2560,256,0,False
FAR52_0029,52.204-13,204,test,2688,256,0,False
FAR52_0029,52.204-13,204,test,2816,256,0,False
FAR52_0029,52.204-13,204,test,2944,256,0,False
FAR52_0029,52.204-13,204,test,3072,256,0,False
FAR52_0029,52.204-13,204,test,3200,256,0,False
FAR52_0029,52.204-13,204,test,3328,256,0,False
FAR52_0029,52.204-13,204,test,3456,256,0,False
FAR52_0029,52.204-13,204,test,3584,256,0,False
FAR52_0029,52.204-13,204,test,3712,256,0,False
FAR52_0029,52.204-13,204,test,3840,256,0,False
FAR52_0029,52.204-13,204,test,3968,256,0,False
FAR52_0029,52.204-13,204,test,4096,256,0,False
FAR52_0029,52.204-13,204,test,4224,256,0,False
FAR52_0029,52.204-13,204,test,4352,256,0,False
FAR52_0029,52.204-13,204,test,4480,256,0,False
FAR52_0029,52.204-13,204,test,4608,256,0,False
FAR52_0029,52.204-13,204,test,4736,256,0,False
FAR52_0029,52.204-13,204,test,4864,256,0,False
FAR52_0029,52.204-13,204,test,4992,256,0,False
FAR52_0029,52.204-13,204,test,5120,256,0,False
FAR52_0029,52.204-13,204,test,5248,256,0,False
FAR52_0029,52.204-13,204,test,5376,256,0,False
FAR52_0029,52.204-13,204,test,5504,256,0,False
FAR52_0029,52.204-13,204,test,5632,256,0,False
FAR52_0029,52.204-13,204,test,5727,256,0,False
FAR52_0029,52.204-13,204,test,5760,223,33,True
FAR52_0029,52.204-13,204,test,5888,95,161,True
FAR52_0030,52.204-14,204,train,0,256,0,False
FAR52_0030,52.204-14,204,train,128,256,0,False
FAR52_0030,52.204-14,204,train,256,256,0,False
FAR52_0030,52.204-14,204,train,384,256,0,False
FAR52_0030,52.204-14,204,train,512,256,0,False
FAR52_0030,52.204-14,204,train,640,256,0,False
FAR52_0030,52.204-14,204,train,768,256,0,False
FAR52_0030,52.204-14,204,train,896,256,0,False
FAR52_0030,52.204-14,204,train,1024,256,0,False
FAR52_0030,52.204-14,204,train,1152,256,0,False
FAR52_0030,52.204-14,204,train,1280,256,0,False
FAR52_0030,52.204-14,204,train,1408,256,0,False
FAR52_0030,52.204-14,204,train,1536,256,0,False
FAR52_0030,52.204-14,204,train,1664,256,0,False
FAR52_0030,52.204-14,204,train,1792,256,0,False
FAR52_0030,52.204-14,204,train,1920,256,0,False
FAR52_0030,52.204-14,204,train,2048,256,0,False
FAR52_0030,52.204-14,204,train,2176,256,0,False
FAR52_0030,52.204-14,204,train,2304,256,0,False
FAR52_0030,52.204-14,204,train,2432,256,0,False
FAR52_0030,52.204-14,204,train,2560,256,0,False
FAR52_0030,52.204-14,204,train,2649,256,0,False
FAR52_0030,52.204-14,204,train,2688,217,39,True
FAR52_0030,52.204-14,204,train,2816,89,167,True
FAR52_0031,52.204-15,204,train,0,256,0,False
FAR52_0031,52.204-15,204,train,128,256,0,False
FAR52_0031,52.204-15,204,train,256,256,0,False
FAR52_0031,52.204-15,204,train,384,256,0,False
FAR52_0031,52.204-15,204,train,512,256,0,False
FAR52_0031,52.204-15,204,train,640,256,0,False
FAR52_0031,52.204-15,204,train,768,256,0,False
FAR52_0031,52.204-15,204,train,896,256,0,False
FAR52_0031,52.204-15,204,train,1024,256,0,False
FAR52_0031,52.204-15,204,train,1152,256,0,False
FAR52_0031,52.204-15,204,train,1280,256,0,False
FAR52_0031,52.204-15,204,train,1408,256,0,False
FAR52_0031,52.204-15,204,train,1536,256,0,False
FAR52_0031,52.204-15,204,train,1664,256,0,False
FAR52_0031,52.204-15,204,train,1792,256,0,False
FAR52_0031,52.204-15,204,train,1920,256,0,False
FAR52_0031,52.204-15,204,train,2048,256,0,False
FAR52_0031,52.204-15,204,train,2176,256,0,False
FAR52_0031,52.204-15,204,train,2304,256,0,False
FAR52_0031,52.204-15,204,train,2432,256,0,False
FAR52_0031,52.204-15,204,train,2560,256,0,False
FAR52_0031,52.204-15,204,train,2688,256,0,False
FAR52_0031,52.204-15,204,train,2765,256,0,False
FAR52_0031,52.204-15,204,train,2816,205,51,True
FAR52_0031,52.204-15,204,train,2944,77,179,True
FAR52_0032,52.204-16,204,train,0,256,0,False
FAR52_0032,52.204-16,204,train,128,256,0,False
FAR52_0032,52.204-16,204,train,256,256,0,False
FAR52_0032,52.204-16,204,train,384,256,0,False
FAR52_0032,52.204-16,204,train,512,256,0,False
FAR52_0032,52.204-16,204,train,640,256,0,False
FAR52_0032,52.204-16,204,train,768,256,0,False
FAR52_0032,52.204-16,204,train,896,256,0,False
FAR52_0032,52.204-16,204,train,1024,256,0,False
FAR52_0032,52.204-16,204,train,1152,256,0,False
FAR52_0032,52.204-16,204,train,1280,256,0,False
FAR52_0032,52.204-16,204,train,1408,256,0,False
FAR52_0032,52.204-16,204,train,1536,256,0,False
FAR52_0032,52.204-16,204,train,1664,256,0,False
FAR52_0032,52.204-16,204,train,1792,256,0,False
FAR52_0032,52.204-16,204,train,1920,256,0,False
FAR52_0032,52.204-16,204,train,2048,256,0,False
FAR52_0032,52.204-16,204,train,2176,256,0,False
FAR52_0032,52.204-16,204,train,2304,256,0,False
FAR52_0032,52.204-16,204,train,2432,256,0,False
FAR52_0032,52.204-16,204,train,2560,256,0,False
FAR52_0032,52.204-16,204,train,2688,256,0,False
FAR52_0032,52.204-16,204,train,2816,256,0,False
FAR52_0032,52.204-16,204,train,2944,256,0,False
FAR52_0032,52.204-16,204,train,3072,256,0,False
FAR52_0032,52.204-16,204,train,3200,256,0,False
FAR52_0032,52.204-16,204,train,3328,256,0,False
FAR52_0032,52.204-16,204,train,3456,256,0,False
FAR52_0032,52.204-16,204,train,3584,256,0,False
FAR52_0032,52.204-16,204,train,3692,256,0,False
FAR52_0032,52.204-16,204,train,3712,236,20,True
FAR52_0032,52.204-16,204,train,3840,108,148,True
FAR52_0033,52.204-17,204,train,0,256,0,False
FAR52_0033,52.204-17,204,train,128,256,0,False
FAR52_0033,52.204-17,204,train,256,256,0,False
FAR52_0033,52.204-17,204,train,384,256,0,False
FAR52_0033,52.204-17,204,train,512,256,0,False
FAR52_0033,52.204-17,204,train,640,256,0,False
FAR52_0033,52.204-17,204,train,768,256,0,False
FAR52_0033,52.204-17,204,train,896,256,0,False
FAR52_0033,52.204-17,204,train,1024,256,0,False
FAR52_0033,52.204-17,204,train,1152,256,0,False
FAR52_0033,52.204-17,204,train,1280,256,0,False
FAR52_0033,52.204-17,204,train,1408,256,0,False
FAR52_0033,52.204-17,204,train,1536,256,0,False
FAR52_0033,52.204-17,204,train,1664,256,0,False
FAR52_0033,52.204-17,204,train,1792,256,0,False
FAR52_0033,52.204-17,204,train,1920,256,0,False
FAR52_0033,52.204-17,204,train,2048,256,0,False
FAR52_0033,52.204-17,204,train,2119,256,0,False
FAR52_0033,52.204-17,204,train,2176,199,57,True
FAR52_0033,52.204-17,204,train,2304,71,185,True
FAR52_0034,52.204-18,204,train,0,256,0,False
FAR52_0034,52.204-18,204,train,128,256,0,False
FAR52_0034,52.204-18,204,train,256,256,0,False
FAR52_0034,52.204-18,204,train,384,256,0,False
FAR52_0034,52.204-18,204,train,512,256,0,False
FAR52_0034,52.204-18,204,train,640,256,0,False
FAR52_0034,52.204-18,204,train,768,256,0,False
FAR52_0034,52.204-18,204,train,896,256,0,False
FAR52_0034,52.204-18,204,train,1024,256,0,False
FAR52_0034,52.204-18,204,train,1152,256,0,False
FAR52_0034,52.204-18,204,train,1280,256,0,False
FAR52_0034,52.204-18,204,train,1408,256,0,False
FAR52_0034,52.204-18,204,train,1536,256,0,False
FAR52_0034,52.204-18,204,train,1664,256,0,False
FAR52_0034,52.204-18,204,train,1792,256,0,False
FAR52_0034,52.204-18,204,train,1920,256,0,False
FAR52_0034,52.204-18,204,train,2048,256,0,False
FAR52_0034,52.204-18,204,train,2176,256,0,False
FAR52_0034,52.204-18,204,train,2304,256,0,False
FAR52_0034,52.204-18,204,train,2421,256,0,False
FAR52_0034,52.204-18,204,train,2432,245,11,True
FAR52_0034,52.204-18,204,train,2560,117,139,True
FAR52_0035,52.204-19,204,train,0,256,0,False
FAR52_0035,52.204-19,204,train,128,256,0,False
FAR52_0035,52.204-19,204,train,156,256,0,False
FAR52_0035,52.204-19,204,train,256,156,100,True
FAR52_0035,52.204-19,204,train,384,28,228,True
FAR52_0036,52.204-20,204,train,0,256,0,False
FAR52_0036,52.204-20,204,train,128,256,0,False
FAR52_0036,52.204-20,204,train,256,256,0,False
FAR52_0036,52.204-20,204,train,384,256,0,False
FAR52_0036,52.204-20,204,train,512,256,0,False
FAR52_0036,52.204-20,204,train,640,256,0,False
FAR52_0036,52.204-20,204,train,768,256,0,False
FAR52_0036,52.204-20,204,train,896,256,0,False
FAR52_0036,52.204-20,204,train,1024,256,0,False
FAR52_0036,52.204-20,204,train,1152,256,0,False
FAR52_0036,52.204-20,204,train,1280,256,0,False
FAR52_0036,52.204-20,204,train,1408,256,0,False
FAR52_0036,52.204-20,204,train,1536,256,0,False
FAR52_0036,52.204-20,204,train,1664,256,0,False
FAR52_0036,52.204-20,204,train,1719,256,0,False
FAR52_0036,52.204-20,204,train,1792,183,73,True
FAR52_0036,52.204-20,204,train,1920,55,201,True
FAR52_0037,52.204-21,204,train,0,256,0,False
FAR52_0037,52.204-21,204,train,128,256,0,False
FAR52_0037,52.204-21,204,train,256,256,0,False
FAR52_0037,52.204-21,204,train,384,256,0,False
FAR52_0037,52.204-21,204,train,512,256,0,False
FAR52_0037,52.204-21,204,train,640,256,0,False
FAR52_0037,52.204-21,204,train,768,256,0,False
FAR52_0037,52.204-21,204,train,896,256,0,False
FAR52_0037,52.204-21,204,train,1024,256,0,False
FAR52_0037,52.204-21,204,train,1152,256,0,False
FAR52_0037,52.204-21,204,train,1280,256,0,False
FAR52_0037,52.204-21,204,train,1408,256,0,False
FAR52_0037,52.204-21,204,train,1536,256,0,False
FAR52_0037,52.204-21,204,train,1664,256,0,False
FAR52_0037,52.204-21,204,train,1792,256,0,False
FAR52_0037,52.204-21,204,train,1920,256,0,False
FAR52_0037,52.204-21,204,train,2048,256,0,False
FAR52_0037,52.204-21,204,train,2176,256,0,False
FAR52_0037,52.204-21,204,train,2304,256,0,False
FAR52_0037,52.204-21,204,train,2432,256,0,False
FAR52_0037,52.204-21,204,train,2560,256,0,False
FAR52_0037,52.204-21,204,train,2688,256,0,False
FAR52_0037,52.204-21,204,train,2816,256,0,False
FAR52_0037,52.204-21,204,train,2944,256,0,False
FAR52_0037,52.204-21,204,train,3072,256,0,False
FAR52_0037,52.204-21,204,train,3200,256,0,False
FAR52_0037,52.204-21,204,train,3328,256,0,False
FAR52_0037,52.204-21,204,train,3456,256,0,False
FAR52_0037,52.204-21,204,train,3584,256,0,False
FAR52_0037,52.204-21,204,train,3712,256,0,False
FAR52_0037,52.204-21,204,train,3840,256,0,False
FAR52_0037,52.204-21,204,train,3968,256,0,False
FAR52_0037,52.204-21,204,train,4096,256,0,False
FAR52_0037,52.204-21,204,train,4167,256,0,False
FAR52_0037,52.204-21,204,train,4224,199,57,True
FAR52_0037,52.204-21,204,train,4352,71,185,True
FAR52_0038,52.204-22,204,test,0,256,0,False
FAR52_0038,52.204-22,204,test,128,256,0,False
FAR52_0038,52.204-22,204,test,256,256,0,False
FAR52_0038,52.204-22,204,test,384,256,0,False
FAR52_0038,52.204-22,204,test,512,256,0,False
FAR52_0038,52.204-22,204,test,640,256,0,False
FAR52_0038,52.204-22,204,test,768,256,0,False
FAR52_0038,52.204-22,204,test,861,256,0,False
FAR52_0038,52.204-22,204,test,896,221,35,True
FAR52_0038,52.204-22,204,test,1024,93,163,True
FAR52_0039,52.204-23,204,train,0,256,0,False
FAR52_0039,52.204-23,204,train,128,256,0,False
FAR52_0039,52.204-23,204,train,256,256,0,False
FAR52_0039,52.204-23,204,train,384,256,0,False
FAR52_0039,52.204-23,204,train,512,256,0,False
FAR52_0039,52.204-23,204,train,640,256,0,False
FAR52_0039,52.204-23,204,train,768,256,0,False
FAR52_0039,52.204-23,204,train,896,256,0,False
FAR52_0039,52.204-23,204,train,1024,256,0,False
FAR52_0039,52.204-23,204,train,1152,256,0,False
FAR52_0039,52.204-23,204,train,1280,256,0,False
FAR52_0039,52.204-23,204,train,1408,256,0,False
FAR52_0039,52.204-23,204,train,1536,256,0,False
FAR52_0039,52.204-23,204,train,1664,256,0,False
FAR52_0039,52.204-23,204,train,1792,256,0,False
FAR52_0039,52.204-23,204,train,1920,256,0,False
FAR52_0039,52.204-23,204,train,2048,256,0,False
FAR52_0039,52.204-23,204,train,2176,256,0,False
FAR52_0039,52.204-23,204,train,2304,256,0,False
FAR52_0039,52.204-23,204,train,2432,256,0,False
FAR52_0039,52.204-23,204,train,2560,256,0,False
FAR52_0039,52.204-23,204,train,2688,256,0,False
FAR52_0039,52.204-23,204,train,2816,256,0,False
FAR52_0039,52.204-23,204,train,2944,256,0,False
FAR52_0039,52.204-23,204,train,3072,256,0,False
FAR52_0039,52.204-23,204,train,3200,256,0,False
FAR52_0039,52.204-23,204,train,3292,256,0,False
FAR52_0039,52.204-23,204,train,3328,220,36,True
FAR52_0039,52.204-23,204,train,3456,92,164,True
FAR52_0040,52.204-24,204,validation,0,256,0,False
FAR52_0040,52.204-24,204,validation,128,256,0,False
FAR52_0040,52.204-24,204,validation,256,256,0,False
FAR52_0040,52.204-24,204,validation,384,256,0,False
FAR52_0040,52.204-24,204,validation,512,256,0,False
FAR52_0040,52.204-24,204,validation,640,256,0,False
FAR52_0040,52.204-24,204,validation,768,256,0,False
FAR52_0040,52.204-24,204,validation,896,256,0,False
FAR52_0040,52.204-24,204,validation,1024,256,0,False
FAR52_0040,52.204-24,204,validation,1152,256,0,False
FAR52_0040,52.204-24,204,validation,1280,256,0,False
FAR52_0040,52.204-24,204,validation,1408,256,0,False
FAR52_0040,52.204-24,204,validation,1536,256,0,False
FAR52_0040,52.204-24,204,validation,1664,256,0,False
FAR52_0040,52.204-24,204,validation,1792,256,0,False
FAR52_0040,52.204-24,204,validation,1920,256,0,False
FAR52_0040,52.204-24,204,validation,2048,256,0,False
FAR52_0040,52.204-24,204,validation,2176,256,0,False
FAR52_0040,52.204-24,204,validation,2304,256,0,False
FAR52_0040,52.204-24,204,validation,2432,256,0,False
FAR52_0040,52.204-24,204,validation,2560,256,0,False
FAR52_0040,52.204-24,204,validation,2688,256,0,False
FAR52_0040,52.204-24,204,validation,2816,256,0,False
FAR52_0040,52.204-24,204,validation,2944,256,0,False
FAR52_0040,52.204-24,204,validation,3072,256,0,False
FAR52_0040,52.204-24,204,validation,3200,256,0,False
FAR52_0040,52.204-24,204,validation,3328,256,0,False
FAR52_0040,52.204-24,204,validation,3456,256,0,False
FAR52_0040,52.204-24,204,validation,3584,256,0,False
FAR52_0040,52.204-24,204,validation,3712,256,0,False
FAR52_0040,52.204-24,204,validation,3840,256,0,False
FAR52_0040,52.204-24,204,validation,3968,256,0,False
FAR52_0040,52.204-24,204,validation,4096,256,0,False
FAR52_0040,52.204-24,204,validation,4224,256,0,False
FAR52_0040,52.204-24,204,validation,4352,256,0,False
FAR52_0040,52.204-24,204,validation,4480,256,0,False
FAR52_0040,52.204-24,204,validation,4608,256,0,False
FAR52_0040,52.204-24,204,validation,4736,256,0,False
FAR52_0040,52.204-24,204,validation,4864,256,0,False
FAR52_0040,52.204-24,204,validation,4992,256,0,False
FAR52_0040,52.204-24,204,validation,5120,256,0,False
FAR52_0040,52.204-24,204,validation,5248,256,0,False
FAR52_0040,52.204-24,204,validation,5376,256,0,False
FAR52_0040,52.204-24,204,validation,5504,256,0,False
FAR52_0040,52.204-24,204,validation,5632,256,0,False
FAR52_0040,52.204-24,204,validation,5760,256,0,False
FAR52_0040,52.204-24,204,validation,5888,256,0,False
FAR52_0040,52.204-24,204,validation,6016,256,0,False
FAR52_0040,52.204-24,204,validation,6144,256,0,False
FAR52_0040,52.204-24,204,validation,6272,256,0,False
FAR52_0040,52.204-24,204,validation,6400,256,0,False
FAR52_0040,52.204-24,204,validation,6528,256,0,False
FAR52_0040,52.204-24,204,validation,6656,256,0,False
FAR52_0040,52.204-24,204,validation,6784,256,0,False
FAR52_0040,52.204-24,204,validation,6912,256,0,False
FAR52_0040,52.204-24,204,validation,7040,256,0,False
FAR52_0040,52.204-24,204,validation,7168,256,0,False
FAR52_0040,52.204-24,204,validation,7296,256,0,False
FAR52_0040,52.204-24,204,validation,7424,256,0,False
FAR52_0040,52.204-24,204,validation,7552,256,0,False
FAR52_0040,52.204-24,204,validation,7674,256,0,False
FAR52_0040,52.204-24,204,validation,7680,250,6,True
FAR52_0040,52.204-24,204,validation,7808,122,134,True
FAR52_0041,52.204-25,204,train,0,256,0,False
FAR52_0041,52.204-25,204,train,128,256,0,False
FAR52_0041,52.204-25,204,train,256,256,0,False
FAR52_0041,52.204-25,204,train,384,256,0,False
FAR52_0041,52.204-25,204,train,512,256,0,False
FAR52_0041,52.204-25,204,train,640,256,0,False
FAR52_0041,52.204-25,204,train,768,256,0,False
FAR52_0041,52.204-25,204,train,896,256,0,False
FAR52_0041,52.204-25,204,train,1024,256,0,False
FAR52_0041,52.204-25,204,train,1152,256,0,False
FAR52_0041,52.204-25,204,train,1280,256,0,False
FAR52_0041,52.204-25,204,train,1536,256,0,False
FAR52_0041,52.204-25,204,train,1664,256,0,False
FAR52_0041,52.204-25,204,train,1792,256,0,False
FAR52_0041,52.204-25,204,train,1920,256,0,False
FAR52_0041,52.204-25,204,train,2048,256,0,False
FAR52_0041,52.204-25,204,train,2176,256,0,False
FAR52_0041,52.204-25,204,train,2304,256,0,False
FAR52_0041,52.204-25,204,train,2432,256,0,False
FAR52_0041,52.204-25,204,train,2560,256,0,False
FAR52_0041,52.204-25,204,train,2688,256,0,False
FAR52_0041,52.204-25,204,train,2944,256,0,False
FAR52_0041,52.204-25,204,train,3072,256,0,False
FAR52_0041,52.204-25,204,train,3200,256,0,False
FAR52_0041,52.204-25,204,train,3328,256,0,False
FAR52_0041,52.204-25,204,train,3456,256,0,False
FAR52_0041,52.204-25,204,train,3584,256,0,False
FAR52_0041,52.204-25,204,train,3712,256,0,False
FAR52_0041,52.204-25,204,train,3840,256,0,False
FAR52_0041,52.204-25,204,train,3968,256,0,False
FAR52_0041,52.204-25,204,train,4096,256,0,False
FAR52_0041,52.204-25,204,train,4224,256,0,False
FAR52_0041,52.204-25,204,train,4480,256,0,False
FAR52_0041,52.204-25,204,train,4608,256,0,False
FAR52_0041,52.204-25,204,train,4736,256,0,False
FAR52_0041,52.204-25,204,train,4864,256,0,False
FAR52_0041,52.204-25,204,train,4992,256,0,False
FAR52_0041,52.204-25,204,train,5120,256,0,False
FAR52_0041,52.204-25,204,train,5248,256,0,False
FAR52_0041,52.204-25,204,train,5376,256,0,False
FAR52_0041,52.204-25,204,train,5504,256,0,False
FAR52_0041,52.204-25,204,train,5632,256,0,False
FAR52_0041,52.204-25,204,train,5888,256,0,False
FAR52_0041,52.204-25,204,train,6016,256,0,False
FAR52_0041,52.204-25,204,train,6144,256,0,False
FAR52_0041,52.204-25,204,train,6272,256,0,False
FAR52_0041,52.204-25,204,train,6400,256,0,False
FAR52_0041,52.204-25,204,train,6528,256,0,False
FAR52_0041,52.204-25,204,train,6656,256,0,False
FAR52_0041,52.204-25,204,train,6784,256,0,False
FAR52_0041,52.204-25,204,train,6912,256,0,False
FAR52_0041,52.204-25,204,train,7040,256,0,False
FAR52_0041,52.204-25,204,train,7168,256,0,False
FAR52_0041,52.204-25,204,train,7424,256,0,False
FAR52_0041,52.204-25,204,train,7552,256,0,False
FAR52_0041,52.204-25,204,train,7680,256,0,False
FAR52_0041,52.204-25,204,train,7808,256,0,False
FAR52_0041,52.204-25,204,train,7936,256,0,False
FAR52_0041,52.204-25,204,train,8064,256,0,False
FAR52_0041,52.204-25,204,train,8192,256,0,False
FAR52_0041,52.204-25,204,train,8320,256,0,False
FAR52_0041,52.204-25,204,train,8448,256,0,False
FAR52_0041,52.204-25,204,train,8469,256,0,False
FAR52_0041,52.204-25,204,train,8704,21,235,True
FAR52_0042,52.204-26,204,validation,0,256,0,False
FAR52_0042,52.204-26,204,validation,128,256,0,False
FAR52_0042,52.204-26,204,validation,256,256,0,False
FAR52_0042,52.204-26,204,validation,384,256,0,False
FAR52_0042,52.204-26,204,validation,512,256,0,False
FAR52_0042,52.204-26,204,validation,640,256,0,False
FAR52_0042,52.204-26,204,validation,768,256,0,False
FAR52_0042,52.204-26,204,validation,896,256,0,False
FAR52_0042,52.204-26,204,validation,1024,256,0,False
FAR52_0042,52.204-26,204,validation,1049,256,0,False
FAR52_0042,52.204-26,204,validation,1152,153,103,True
FAR52_0042,52.204-26,204,validation,1280,25,231,True
FAR52_0043,52.204-27,204,validation,0,256,0,False
FAR52_0043,52.204-27,204,validation,128,256,0,False
FAR52_0043,52.204-27,204,validation,256,256,0,False
FAR52_0043,52.204-27,204,validation,384,256,0,False
FAR52_0043,52.204-27,204,validation,512,256,0,False
FAR52_0043,52.204-27,204,validation,640,256,0,False
FAR52_0043,52.204-27,204,validation,768,256,0,False
FAR52_0043,52.204-27,204,validation,896,256,0,False
FAR52_0043,52.204-27,204,validation,1024,256,0,False
FAR52_0043,52.204-27,204,validation,1152,256,0,False
FAR52_0043,52.204-27,204,validation,1280,256,0,False
FAR52_0043,52.204-27,204,validation,1408,256,0,False
FAR52_0043,52.204-27,204,validation,1536,256,0,False
FAR52_0043,52.204-27,204,validation,1664,256,0,False
FAR52_0043,52.204-27,204,validation,1792,256,0,False
FAR52_0043,52.204-27,204,validation,1920,256,0,False
FAR52_0043,52.204-27,204,validation,2048,256,0,False
FAR52_0043,52.204-27,204,validation,2176,256,0,False
FAR52_0043,52.204-27,204,validation,2304,256,0,False
FAR52_0043,52.204-27,204,validation,2432,256,0,False
FAR52_0043,52.204-27,204,validation,2453,256,0,False
FAR52_0043,52.204-27,204,validation,2560,149,107,True
FAR52_0043,52.204-27,204,validation,2688,21,235,True
FAR52_0044,52.204-28,204,train,0,256,0,False
FAR52_0044,52.204-28,204,train,128,256,0,False
FAR52_0044,52.204-28,204,train,256,256,0,False
FAR52_0044,52.204-28,204,train,384,256,0,False
FAR52_0044,52.204-28,204,train,512,256,0,False
FAR52_0044,52.204-28,204,train,640,256,0,False
FAR52_0044,52.204-28,204,train,768,256,0,False
FAR52_0044,52.204-28,204,train,896,256,0,False
FAR52_0044,52.204-28,204,train,1024,256,0,False
FAR52_0044,52.204-28,204,train,1152,256,0,False
FAR52_0044,52.204-28,204,train,1280,256,0,False
FAR52_0044,52.204-28,204,train,1408,256,0,False
FAR52_0044,52.204-28,204,train,1536,256,0,False
FAR52_0044,52.204-28,204,train,1664,256,0,False
FAR52_0044,52.204-28,204,train,1792,256,0,False
FAR52_0044,52.204-28,204,train,1920,256,0,False
FAR52_0044,52.204-28,204,train,2048,256,0,False
FAR52_0044,52.204-28,204,train,2176,256,0,False
FAR52_0044,52.204-28,204,train,2304,256,0,False
FAR52_0044,52.204-28,204,train,2432,256,0,False
FAR52_0044,52.204-28,204,train,2560,256,0,False
FAR52_0044,52.204-28,204,train,2688,256,0,False
FAR52_0044,52.204-28,204,train,2816,256,0,False
FAR52_0044,52.204-28,204,train,2944,256,0,False
FAR52_0044,52.204-28,204,train,3072,256,0,False
FAR52_0044,52.204-28,204,train,3200,256,0,False
FAR52_0044,52.204-28,204,train,3328,256,0,False
FAR52_0044,52.204-28,204,train,3456,256,0,False
FAR52_0044,52.204-28,204,train,3584,256,0,False
FAR52_0044,52.204-28,204,train,3712,256,0,False
FAR52_0044,52.204-28,204,train,3840,256,0,False
FAR52_0044,52.204-28,204,train,3968,256,0,False
FAR52_0044,52.204-28,204,train,4096,256,0,False
FAR52_0044,52.204-28,204,train,4224,256,0,False
FAR52_0044,52.204-28,204,train,4352,256,0,False
FAR52_0044,52.204-28,204,train,4480,256,0,False
FAR52_0044,52.204-28,204,train,4608,256,0,False
FAR52_0044,52.204-28,204,train,4736,256,0,False
FAR52_0044,52.204-28,204,train,4864,256,0,False
FAR52_0044,52.204-28,204,train,4992,256,0,False
FAR52_0044,52.204-28,204,train,5120,256,0,False
FAR52_0044,52.204-28,204,train,5248,256,0,False
FAR52_0044,52.204-28,204,train,5376,256,0,False
FAR52_0044,52.204-28,204,train,5504,256,0,False
FAR52_0044,52.204-28,204,train,5521,256,0,False
FAR52_0044,52.204-28,204,train,5632,145,111,True
FAR52_0044,52.204-28,204,train,5760,17,239,True
FAR52_0045,52.204-29,204,train,0,256,0,False
FAR52_0045,52.204-29,204,train,128,256,0,False
FAR52_0045,52.204-29,204,train,256,256,0,False
FAR52_0045,52.204-29,204,train,384,256,0,False
FAR52_0045,52.204-29,204,train,512,256,0,False
FAR52_0045,52.204-29,204,train,640,256,0,False
FAR52_0045,52.204-29,204,train,768,256,0,False
FAR52_0045,52.204-29,204,train,896,256,0,False
FAR52_0045,52.204-29,204,train,1024,256,0,False
FAR52_0045,52.204-29,204,train,1152,256,0,False
FAR52_0045,52.204-29,204,train,1280,256,0,False
FAR52_0045,52.204-29,204,train,1408,256,0,False
FAR52_0045,52.204-29,204,train,1536,256,0,False
FAR52_0045,52.204-29,204,train,1664,256,0,False
FAR52_0045,52.204-29,204,train,1792,256,0,False
FAR52_0045,52.204-29,204,train,1920,256,0,False
FAR52_0045,52.204-29,204,train,2048,256,0,False
FAR52_0045,52.204-29,204,train,2176,256,0,False
FAR52_0045,52.204-29,204,train,2304,256,0,False
FAR52_0045,52.204-29,204,train,2432,256,0,False
FAR52_0045,52.204-29,204,train,2560,256,0,False
FAR52_0045,52.204-29,204,train,2688,256,0,False
FAR52_0045,52.204-29,204,train,2816,256,0,False
FAR52_0045,52.204-29,204,train,2944,256,0,False
FAR52_0045,52.204-29,204,train,3072,256,0,False
FAR52_0045,52.204-29,204,train,3200,256,0,False
FAR52_0045,52.204-29,204,train,3307,256,0,False
FAR52_0045,52.204-29,204,train,3328,235,21,True
FAR52_0045,52.204-29,204,train,3456,107,149,True
FAR52_0046,52.204-30,204,train,0,256,0,False
FAR52_0046,52.204-30,204,train,128,256,0,False
FAR52_0046,52.204-30,204,train,384,256,0,False
FAR52_0046,52.204-30,204,train,640,256,0,False
FAR52_0046,52.204-30,204,train,896,256,0,False
FAR52_0046,52.204-30,204,train,1152,256,0,False
FAR52_0046,52.204-30,204,train,1408,256,0,False
FAR52_0046,52.204-30,204,train,1664,256,0,False
FAR52_0046,52.204-30,204,train,1920,256,0,False
FAR52_0046,52.204-30,204,train,2176,256,0,False
FAR52_0046,52.204-30,204,train,2304,256,0,False
FAR52_0046,52.204-30,204,train,2560,256,0,False
FAR52_0046,52.204-30,204,train,2816,256,0,False
FAR52_0046,52.204-30,204,train,3072,256,0,False
FAR52_0046,52.204-30,204,train,3328,256,0,False
FAR52_0046,52.204-30,204,train,3584,256,0,False
FAR52_0046,52.204-30,204,train,3840,256,0,False
FAR52_0046,52.204-30,204,train,4096,256,0,False
FAR52_0046,52.204-30,204,train,4352,256,0,False
FAR52_0046,52.204-30,204,train,4480,256,0,False
FAR52_0046,52.204-30,204,train,4736,256,0,False
FAR52_0046,52.204-30,204,train,4992,256,0,False
FAR52_0046,52.204-30,204,train,5248,256,0,False
FAR52_0046,52.204-30,204,train,5504,256,0,False
FAR52_0046,52.204-30,204,train,5760,256,0,False
FAR52_0046,52.204-30,204,train,6016,256,0,False
FAR52_0046,52.204-30,204,train,6272,256,0,False
FAR52_0046,52.204-30,204,train,6528,256,0,False
FAR52_0046,52.204-30,204,train,6656,256,0,False
FAR52_0046,52.204-30,204,train,6912,256,0,False
FAR52_0046,52.204-30,204,train,7168,256,0,False
FAR52_0046,52.204-30,204,train,7424,256,0,False
FAR52_0046,52.204-30,204,train,7680,256,0,False
FAR52_0046,52.204-30,204,train,7936,256,0,False
FAR52_0046,52.204-30,204,train,8192,256,0,False
FAR52_0046,52.204-30,204,train,8448,256,0,False
FAR52_0046,52.204-30,204,train,8704,256,0,False
FAR52_0046,52.204-30,204,train,8832,256,0,False
FAR52_0046,52.204-30,204,train,9088,256,0,False
FAR52_0046,52.204-30,204,train,9344,256,0,False
FAR52_0046,52.204-30,204,train,9600,256,0,False
FAR52_0046,52.204-30,204,train,9856,256,0,False
FAR52_0046,52.204-30,204,train,10112,256,0,False
FAR52_0046,52.204-30,204,train,10368,256,0,False
FAR52_0046,52.204-30,204,train,10624,256,0,False
FAR52_0046,52.204-30,204,train,10880,256,0,False
FAR52_0046,52.204-30,204,train,11008,256,0,False
FAR52_0046,52.204-30,204,train,11264,256,0,False
FAR52_0046,52.204-30,204,train,11520,256,0,False
FAR52_0046,52.204-30,204,train,11776,256,0,False
FAR52_0046,52.204-30,204,train,12032,256,0,False
FAR52_0046,52.204-30,204,train,12288,256,0,False
FAR52_0046,52.204-30,204,train,12544,256,0,False
FAR52_0046,52.204-30,204,train,12800,256,0,False
FAR52_0046,52.204-30,204,train,13056,256,0,False
FAR52_0046,52.204-30,204,train,13184,256,0,False
FAR52_0046,52.204-30,204,train,13440,256,0,False
FAR52_0046,52.204-30,204,train,13696,256,0,False
FAR52_0046,52.204-30,204,train,13952,256,0,False
FAR52_0046,52.204-30,204,train,14208,256,0,False
FAR52_0046,52.204-30,204,train,14464,256,0,False
FAR52_0046,52.204-30,204,train,14720,256,0,False
FAR52_0046,52.204-30,204,train,14975,256,0,False
FAR52_0046,52.204-30,204,train,15104,127,129,True
FAR52_0047,52.207-1,207,train,0,256,0,False
FAR52_0047,52.207-1,207,train,128,256,0,False
FAR52_0047,52.207-1,207,train,256,256,0,False
FAR52_0047,52.207-1,207,train,384,256,0,False
FAR52_0047,52.207-1,207,train,512,256,0,False
FAR52_0047,52.207-1,207,train,640,256,0,False
FAR52_0047,52.207-1,207,train,768,256,0,False
FAR52_0047,52.207-1,207,train,896,256,0,False
FAR52_0047,52.207-1,207,train,1024,256,0,False
FAR52_0047,52.207-1,207,train,1152,256,0,False
FAR52_0047,52.207-1,207,train,1264,256,0,False
FAR52_0047,52.207-1,207,train,1280,240,16,True
FAR52_0047,52.207-1,207,train,1408,112,144,True
FAR52_0048,52.207-2,207,train,0,256,0,False
FAR52_0048,52.207-2,207,train,128,256,0,False
FAR52_0048,52.207-2,207,train,256,256,0,False
FAR52_0048,52.207-2,207,train,384,256,0,False
FAR52_0048,52.207-2,207,train,512,256,0,False
FAR52_0048,52.207-2,207,train,640,256,0,False
FAR52_0048,52.207-2,207,train,768,256,0,False
FAR52_0048,52.207-2,207,train,896,256,0,False
FAR52_0048,52.207-2,207,train,917,256,0,False
FAR52_0048,52.207-2,207,train,1024,149,107,True
FAR52_0048,52.207-2,207,train,1152,21,235,True
FAR52_0049,52.207-3,207,train,0,256,0,False
FAR52_0049,52.207-3,207,train,128,256,0,False
FAR52_0049,52.207-3,207,train,256,256,0,False
FAR52_0049,52.207-3,207,train,384,256,0,False
FAR52_0049,52.207-3,207,train,512,256,0,False
FAR52_0049,52.207-3,207,train,640,256,0,False
FAR52_0049,52.207-3,207,train,749,256,0,False
FAR52_0049,52.207-3,207,train,768,237,19,True
FAR52_0049,52.207-3,207,train,896,109,147,True
FAR52_0050,52.207-4,207,train,0,256,0,False
FAR52_0050,52.207-4,207,train,128,256,0,False
FAR52_0050,52.207-4,207,train,256,256,0,False
FAR52_0050,52.207-4,207,train,384,256,0,False
FAR52_0050,52.207-4,207,train,512,256,0,False
FAR52_0050,52.207-4,207,train,640,256,0,False
FAR52_0050,52.207-4,207,train,768,256,0,False
FAR52_0050,52.207-4,207,train,896,256,0,False
FAR52_0050,52.207-4,207,train,1024,256,0,False
FAR52_0050,52.207-4,207,train,1152,256,0,False
FAR52_0050,52.207-4,207,train,1280,256,0,False
FAR52_0050,52.207-4,207,train,1408,256,0,False
FAR52_0050,52.207-4,207,train,1442,256,0,False
FAR52_0050,52.207-4,207,train,1536,162,94,True
FAR52_0050,52.207-4,207,train,1664,34,222,True
FAR52_0051,52.207-5,207,validation,0,256,0,False
FAR52_0051,52.207-5,207,validation,128,256,0,False
FAR52_0051,52.207-5,207,validation,256,256,0,False
FAR52_0051,52.207-5,207,validation,384,256,0,False
FAR52_0051,52.207-5,207,validation,512,256,0,False
FAR52_0051,52.207-5,207,validation,640,256,0,False
FAR52_0051,52.207-5,207,validation,768,256,0,False
FAR52_0051,52.207-5,207,validation,896,256,0,False
FAR52_0051,52.207-5,207,validation,1024,256,0,False
FAR52_0051,52.207-5,207,validation,1152,256,0,False
FAR52_0051,52.207-5,207,validation,1280,256,0,False
FAR52_0051,52.207-5,207,validation,1399,256,0,False
FAR52_0051,52.207-5,207,validation,1408,247,9,True
FAR52_0051,52.207-5,207,validation,1536,119,137,True
FAR52_0052,52.207-6,207,train,0,256,0,False
FAR52_0052,52.207-6,207,train,128,256,0,False
FAR52_0052,52.207-6,207,train,256,256,0,False
FAR52_0052,52.207-6,207,train,384,256,0,False
FAR52_0052,52.207-6,207,train,512,256,0,False
FAR52_0052,52.207-6,207,train,640,256,0,False
FAR52_0052,52.207-6,207,train,768,256,0,False
FAR52_0052,52.207-6,207,train,896,256,0,False
FAR52_0052,52.207-6,207,train,1024,256,0,False
FAR52_0052,52.207-6,207,train,1152,256,0,False
FAR52_0052,52.207-6,207,train,1280,256,0,False
FAR52_0052,52.207-6,207,train,1408,256,0,False
FAR52_0052,52.207-6,207,train,1536,256,0,False
FAR52_0052,52.207-6,207,train,1664,256,0,False
FAR52_0052,52.207-6,207,train,1792,256,0,False
FAR52_0052,52.207-6,207,train,1897,256,0,False
FAR52_0052,52.207-6,207,train,1920,233,23,True
FAR52_0052,52.207-6,207,train,2048,105,151,True
FAR52_0053,52.208-4,208,train,0,256,0,False
FAR52_0053,52.208-4,208,train,128,256,0,False
FAR52_0053,52.208-4,208,train,256,256,0,False
FAR52_0053,52.208-4,208,train,384,256,0,False
FAR52_0053,52.208-4,208,train,512,256,0,False
FAR52_0053,52.208-4,208,train,640,256,0,False
FAR52_0053,52.208-4,208,train,768,256,0,False
FAR52_0053,52.208-4,208,train,896,256,0,False
FAR52_0053,52.208-4,208,train,1024,256,0,False
FAR52_0053,52.208-4,208,train,1152,256,0,False
FAR52_0053,52.208-4,208,train,1280,256,0,False
FAR52_0053,52.208-4,208,train,1286,256,0,False
FAR52_0053,52.208-4,208,train,1408,134,122,True
FAR52_0053,52.208-4,208,train,1536,6,250,True
FAR52_0054,52.208-5,208,train,0,256,0,False
FAR52_0054,52.208-5,208,train,128,256,0,False
FAR52_0054,52.208-5,208,train,256,256,0,False
FAR52_0054,52.208-5,208,train,384,256,0,False
FAR52_0054,52.208-5,208,train,512,256,0,False
FAR52_0054,52.208-5,208,train,640,256,0,False
FAR52_0054,52.208-5,208,train,768,256,0,False
FAR52_0054,52.208-5,208,train,888,256,0,False
FAR52_0054,52.208-5,208,train,896,248,8,True
FAR52_0054,52.208-5,208,train,1024,120,136,True
FAR52_0055,52.208-6,208,train,0,256,0,False
FAR52_0055,52.208-6,208,train,128,256,0,False
FAR52_0055,52.208-6,208,train,256,256,0,False
FAR52_0055,52.208-6,208,train,384,256,0,False
FAR52_0055,52.208-6,208,train,512,256,0,False
FAR52_0055,52.208-6,208,train,534,256,0,False
FAR52_0055,52.208-6,208,train,640,150,106,True
FAR52_0055,52.208-6,208,train,768,22,234,True
FAR52_0056,52.208-7,208,test,0,256,0,False
FAR52_0056,52.208-7,208,test,128,256,0,False
FAR52_0056,52.208-7,208,test,256,256,0,False
FAR52_0056,52.208-7,208,test,285,256,0,False
FAR52_0056,52.208-7,208,test,384,157,99,True
FAR52_0056,52.208-7,208,test,512,29,227,True
FAR52_0057,52.208-9,208,train,0,256,0,False
FAR52_0057,52.208-9,208,train,128,256,0,False
FAR52_0057,52.208-9,208,train,256,256,0,False
FAR52_0057,52.208-9,208,train,384,256,0,False
FAR52_0057,52.208-9,208,train,512,256,0,False
FAR52_0057,52.208-9,208,train,640,256,0,False
FAR52_0057,52.208-9,208,train,768,256,0,False
FAR52_0057,52.208-9,208,train,896,256,0,False
FAR52_0057,52.208-9,208,train,1024,256,0,False
FAR52_0057,52.208-9,208,train,1152,256,0,False
FAR52_0057,52.208-9,208,train,1280,256,0,False
FAR52_0057,52.208-9,208,train,1408,256,0,False
FAR52_0057,52.208-9,208,train,1536,256,0,False
FAR52_0057,52.208-9,208,train,1664,256,0,False
FAR52_0057,52.208-9,208,train,1751,256,0,False
FAR52_0057,52.208-9,208,train,1792,215,41,True
FAR52_0057,52.208-9,208,train,1920,87,169,True
FAR52_0058,52.209-1,209,train,0,256,0,False
FAR52_0058,52.209-1,209,train,128,256,0,False
FAR52_0058,52.209-1,209,train,256,256,0,False
FAR52_0058,52.209-1,209,train,384,256,0,False
FAR52_0058,52.209-1,209,train,512,256,0,False
FAR52_0058,52.209-1,209,train,640,256,0,False
FAR52_0058,52.209-1,209,train,768,256,0,False
FAR52_0058,52.209-1,209,train,896,256,0,False
FAR52_0058,52.209-1,209,train,1024,256,0,False
FAR52_0058,52.209-1,209,train,1152,256,0,False
FAR52_0058,52.209-1,209,train,1280,256,0,False
FAR52_0058,52.209-1,209,train,1408,256,0,False
FAR52_0058,52.209-1,209,train,1536,256,0,False
FAR52_0058,52.209-1,209,train,1664,256,0,False
FAR52_0058,52.209-1,209,train,1792,256,0,False
FAR52_0058,52.209-1,209,train,1920,256,0,False
FAR52_0058,52.209-1,209,train,2048,256,0,False
FAR52_0058,52.209-1,209,train,2176,256,0,False
FAR52_0058,52.209-1,209,train,2304,256,0,False
FAR52_0058,52.209-1,209,train,2432,256,0,False
FAR52_0058,52.209-1,209,train,2560,256,0,False
FAR52_0058,52.209-1,209,train,2688,256,0,False
FAR52_0058,52.209-1,209,train,2816,256,0,False
FAR52_0058,52.209-1,209,train,2944,256,0,False
FAR52_0058,52.209-1,209,train,3072,256,0,False
FAR52_0058,52.209-1,209,train,3200,256,0,False
FAR52_0058,52.209-1,209,train,3259,256,0,False
FAR52_0058,52.209-1,209,train,3328,187,69,True
FAR52_0058,52.209-1,209,train,3456,59,197,True
FAR52_0059,52.209-2,209,train,0,256,0,False
FAR52_0059,52.209-2,209,train,128,256,0,False
FAR52_0059,52.209-2,209,train,256,256,0,False
FAR52_0059,52.209-2,209,train,384,256,0,False
FAR52_0059,52.209-2,209,train,512,256,0,False
FAR52_0059,52.209-2,209,train,640,256,0,False
FAR52_0059,52.209-2,209,train,717,256,0,False
FAR52_0059,52.209-2,209,train,768,205,51,True
FAR52_0059,52.209-2,209,train,896,77,179,True
FAR52_0060,52.209-3,209,train,0,256,0,False
FAR52_0060,52.209-3,209,train,128,256,0,False
FAR52_0060,52.209-3,209,train,256,256,0,False
FAR52_0060,52.209-3,209,train,384,256,0,False
FAR52_0060,52.209-3,209,train,512,256,0,False
FAR52_0060,52.209-3,209,train,640,256,0,False
FAR52_0060,52.209-3,209,train,768,256,0,False
FAR52_0060,52.209-3,209,train,896,256,0,False
FAR52_0060,52.209-3,209,train,1024,256,0,False
FAR52_0060,52.209-3,209,train,1152,256,0,False
FAR52_0060,52.209-3,209,train,1280,256,0,False
FAR52_0060,52.209-3,209,train,1408,256,0,False
FAR52_0060,52.209-3,209,train,1536,256,0,False
FAR52_0060,52.209-3,209,train,1664,256,0,False
FAR52_0060,52.209-3,209,train,1792,256,0,False
FAR52_0060,52.209-3,209,train,1920,256,0,False
FAR52_0060,52.209-3,209,train,2048,256,0,False
FAR52_0060,52.209-3,209,train,2176,256,0,False
FAR52_0060,52.209-3,209,train,2304,256,0,False
FAR52_0060,52.209-3,209,train,2432,256,0,False
FAR52_0060,52.209-3,209,train,2560,256,0,False
FAR52_0060,52.209-3,209,train,2688,256,0,False
FAR52_0060,52.209-3,209,train,2816,256,0,False
FAR52_0060,52.209-3,209,train,2944,256,0,False
FAR52_0060,52.209-3,209,train,3072,256,0,False
FAR52_0060,52.209-3,209,train,3200,256,0,False
FAR52_0060,52.209-3,209,train,3328,256,0,False
FAR52_0060,52.209-3,209,train,3456,256,0,False
FAR52_0060,52.209-3,209,train,3584,256,0,False
FAR52_0060,52.209-3,209,train,3712,256,0,False
FAR52_0060,52.209-3,209,train,3840,256,0,False
FAR52_0060,52.209-3,209,train,3968,256,0,False
FAR52_0060,52.209-3,209,train,4096,256,0,False
FAR52_0060,52.209-3,209,train,4224,256,0,False
FAR52_0060,52.209-3,209,train,4352,256,0,False
FAR52_0060,52.209-3,209,train,4480,256,0,False
FAR52_0060,52.209-3,209,train,4608,256,0,False
FAR52_0060,52.209-3,209,train,4736,256,0,False
FAR52_0060,52.209-3,209,train,4788,256,0,False
FAR52_0060,52.209-3,209,train,4864,180,76,True
FAR52_0060,52.209-3,209,train,4992,52,204,True
FAR52_0061,52.209-4,209,train,0,256,0,False
FAR52_0061,52.209-4,209,train,128,256,0,False
FAR52_0061,52.209-4,209,train,256,256,0,False
FAR52_0061,52.209-4,209,train,384,256,0,False
FAR52_0061,52.209-4,209,train,512,256,0,False
FAR52_0061,52.209-4,209,train,640,256,0,False
FAR52_0061,52.209-4,209,train,768,256,0,False
FAR52_0061,52.209-4,209,train,896,256,0,False
FAR52_0061,52.209-4,209,train,1024,256,0,False
FAR52_0061,52.209-4,209,train,1152,256,0,False
FAR52_0061,52.209-4,209,train,1280,256,0,False
FAR52_0061,52.209-4,209,train,1408,256,0,False
FAR52_0061,52.209-4,209,train,1536,256,0,False
FAR52_0061,52.209-4,209,train,1664,256,0,False
FAR52_0061,52.209-4,209,train,1792,256,0,False
FAR52_0061,52.209-4,209,train,1920,256,0,False
FAR52_0061,52.209-4,209,train,2048,256,0,False
FAR52_0061,52.209-4,209,train,2176,256,0,False
FAR52_0061,52.209-4,209,train,2304,256,0,False
FAR52_0061,52.209-4,209,train,2432,256,0,False
FAR52_0061,52.209-4,209,train,2560,256,0,False
FAR52_0061,52.209-4,209,train,2688,256,0,False
FAR52_0061,52.209-4,209,train,2816,256,0,False
FAR52_0061,52.209-4,209,train,2944,256,0,False
FAR52_0061,52.209-4,209,train,3072,256,0,False
FAR52_0061,52.209-4,209,train,3200,256,0,False
FAR52_0061,52.209-4,209,train,3328,256,0,False
FAR52_0061,52.209-4,209,train,3456,256,0,False
FAR52_0061,52.209-4,209,train,3584,256,0,False
FAR52_0061,52.209-4,209,train,3712,256,0,False
FAR52_0061,52.209-4,209,train,3840,256,0,False
FAR52_0061,52.209-4,209,train,3968,256,0,False
FAR52_0061,52.209-4,209,train,4096,256,0,False
FAR52_0061,52.209-4,209,train,4224,256,0,False
FAR52_0061,52.209-4,209,train,4352,256,0,False
FAR52_0061,52.209-4,209,train,4480,256,0,False
FAR52_0061,52.209-4,209,train,4608,256,0,False
FAR52_0061,52.209-4,209,train,4736,256,0,False
FAR52_0061,52.209-4,209,train,4864,256,0,False
FAR52_0061,52.209-4,209,train,4882,256,0,False
FAR52_0061,52.209-4,209,train,4992,146,110,True
FAR52_0061,52.209-4,209,train,5120,18,238,True
FAR52_0062,52.209-5,209,train,0,256,0,False
FAR52_0062,52.209-5,209,train,128,256,0,False
FAR52_0062,52.209-5,209,train,256,256,0,False
FAR52_0062,52.209-5,209,train,384,256,0,False
FAR52_0062,52.209-5,209,train,512,256,0,False
FAR52_0062,52.209-5,209,train,640,256,0,False
FAR52_0062,52.209-5,209,train,768,256,0,False
FAR52_0062,52.209-5,209,train,896,256,0,False
FAR52_0062,52.209-5,209,train,1024,256,0,False
FAR52_0062,52.209-5,209,train,1152,256,0,False
FAR52_0062,52.209-5,209,train,1280,256,0,False
FAR52_0062,52.209-5,209,train,1408,256,0,False
FAR52_0062,52.209-5,209,train,1536,256,0,False
FAR52_0062,52.209-5,209,train,1664,256,0,False
FAR52_0062,52.209-5,209,train,1792,256,0,False
FAR52_0062,52.209-5,209,train,1920,256,0,False
FAR52_0062,52.209-5,209,train,2048,256,0,False
FAR52_0062,52.209-5,209,train,2176,256,0,False
FAR52_0062,52.209-5,209,train,2304,256,0,False
FAR52_0062,52.209-5,209,train,2432,256,0,False
FAR52_0062,52.209-5,209,train,2560,256,0,False
FAR52_0062,52.209-5,209,train,2688,256,0,False
FAR52_0062,52.209-5,209,train,2816,256,0,False
FAR52_0062,52.209-5,209,train,2944,256,0,False
FAR52_0062,52.209-5,209,train,3072,256,0,False
FAR52_0062,52.209-5,209,train,3200,256,0,False
FAR52_0062,52.209-5,209,train,3328,256,0,False
FAR52_0062,52.209-5,209,train,3456,256,0,False
FAR52_0062,52.209-5,209,train,3584,256,0,False
FAR52_0062,52.209-5,209,train,3712,256,0,False
FAR52_0062,52.209-5,209,train,3840,256,0,False
FAR52_0062,52.209-5,209,train,3968,256,0,False
FAR52_0062,52.209-5,209,train,4096,256,0,False
FAR52_0062,52.209-5,209,train,4224,256,0,False
FAR52_0062,52.209-5,209,train,4352,256,0,False
FAR52_0062,52.209-5,209,train,4480,256,0,False
FAR52_0062,52.209-5,209,train,4608,256,0,False
FAR52_0062,52.209-5,209,train,4736,256,0,False
FAR52_0062,52.209-5,209,train,4864,256,0,False
FAR52_0062,52.209-5,209,train,4992,256,0,False
FAR52_0062,52.209-5,209,train,5120,256,0,False
FAR52_0062,52.209-5,209,train,5248,256,0,False
FAR52_0062,52.209-5,209,train,5376,256,0,False
FAR52_0062,52.209-5,209,train,5504,256,0,False
FAR52_0062,52.209-5,209,train,5632,256,0,False
FAR52_0062,52.209-5,209,train,5760,256,0,False
FAR52_0062,52.209-5,209,train,5782,256,0,False
FAR52_0062,52.209-5,209,train,5888,150,106,True
FAR52_0062,52.209-5,209,train,6016,22,234,True
FAR52_0063,52.209-6,209,train,0,256,0,False
FAR52_0063,52.209-6,209,train,128,256,0,False
FAR52_0063,52.209-6,209,train,256,256,0,False
FAR52_0063,52.209-6,209,train,384,256,0,False
FAR52_0063,52.209-6,209,train,512,256,0,False
FAR52_0063,52.209-6,209,train,640,256,0,False
FAR52_0063,52.209-6,209,train,768,256,0,False
FAR52_0063,52.209-6,209,train,896,256,0,False
FAR52_0063,52.209-6,209,train,1024,256,0,False
FAR52_0063,52.209-6,209,train,1152,256,0,False
FAR52_0063,52.209-6,209,train,1280,256,0,False
FAR52_0063,52.209-6,209,train,1408,256,0,False
FAR52_0063,52.209-6,209,train,1536,256,0,False
FAR52_0063,52.209-6,209,train,1664,256,0,False
FAR52_0063,52.209-6,209,train,1792,256,0,False
FAR52_0063,52.209-6,209,train,1920,256,0,False
FAR52_0063,52.209-6,209,train,2048,256,0,False
FAR52_0063,52.209-6,209,train,2176,256,0,False
FAR52_0063,52.209-6,209,train,2304,256,0,False
FAR52_0063,52.209-6,209,train,2432,256,0,False
FAR52_0063,52.209-6,209,train,2560,256,0,False
FAR52_0063,52.209-6,209,train,2688,256,0,False
FAR52_0063,52.209-6,209,train,2816,256,0,False
FAR52_0063,52.209-6,209,train,2944,256,0,False
FAR52_0063,52.209-6,209,train,3072,256,0,False
FAR52_0063,52.209-6,209,train,3176,256,0,False
FAR52_0063,52.209-6,209,train,3200,232,24,True
FAR52_0063,52.209-6,209,train,3328,104,152,True
FAR52_0064,52.209-7,209,train,0,256,0,False
FAR52_0064,52.209-7,209,train,128,256,0,False
FAR52_0064,52.209-7,209,train,256,256,0,False
FAR52_0064,52.209-7,209,train,384,256,0,False
FAR52_0064,52.209-7,209,train,512,256,0,False
FAR52_0064,52.209-7,209,train,640,256,0,False
FAR52_0064,52.209-7,209,train,768,256,0,False
FAR52_0064,52.209-7,209,train,896,256,0,False
FAR52_0064,52.209-7,209,train,1024,256,0,False
FAR52_0064,52.209-7,209,train,1152,256,0,False
FAR52_0064,52.209-7,209,train,1280,256,0,False
FAR52_0064,52.209-7,209,train,1408,256,0,False
FAR52_0064,52.209-7,209,train,1536,256,0,False
FAR52_0064,52.209-7,209,train,1664,256,0,False
FAR52_0064,52.209-7,209,train,1792,256,0,False
FAR52_0064,52.209-7,209,train,1920,256,0,False
FAR52_0064,52.209-7,209,train,2048,256,0,False
FAR52_0064,52.209-7,209,train,2176,256,0,False
FAR52_0064,52.209-7,209,train,2304,256,0,False
FAR52_0064,52.209-7,209,train,2432,256,0,False
FAR52_0064,52.209-7,209,train,2560,256,0,False
FAR52_0064,52.209-7,209,train,2688,256,0,False
FAR52_0064,52.209-7,209,train,2816,256,0,False
FAR52_0064,52.209-7,209,train,2944,256,0,False
FAR52_0064,52.209-7,209,train,3072,256,0,False
FAR52_0064,52.209-7,209,train,3200,256,0,False
FAR52_0064,52.209-7,209,train,3240,256,0,False
FAR52_0064,52.209-7,209,train,3328,168,88,True
FAR52_0064,52.209-7,209,train,3456,40,216,True
FAR52_0065,52.209-9,209,validation,0,256,0,False
FAR52_0065,52.209-9,209,validation,128,256,0,False
FAR52_0065,52.209-9,209,validation,256,256,0,False
FAR52_0065,52.209-9,209,validation,384,256,0,False
FAR52_0065,52.209-9,209,validation,512,256,0,False
FAR52_0065,52.209-9,209,validation,640,256,0,False
FAR52_0065,52.209-9,209,validation,768,256,0,False
FAR52_0065,52.209-9,209,validation,896,256,0,False
FAR52_0065,52.209-9,209,validation,1024,256,0,False
FAR52_0065,52.209-9,209,validation,1152,256,0,False
FAR52_0065,52.209-9,209,validation,1280,256,0,False
FAR52_0065,52.209-9,209,validation,1408,256,0,False
FAR52_0065,52.209-9,209,validation,1536,256,0,False
FAR52_0065,52.209-9,209,validation,1664,256,0,False
FAR52_0065,52.209-9,209,validation,1792,256,0,False
FAR52_0065,52.209-9,209,validation,1920,256,0,False
FAR52_0065,52.209-9,209,validation,2048,256,0,False
FAR52_0065,52.209-9,209,validation,2176,256,0,False
FAR52_0065,52.209-9,209,validation,2304,256,0,False
FAR52_0065,52.209-9,209,validation,2432,256,0,False
FAR52_0065,52.209-9,209,validation,2560,256,0,False
FAR52_0065,52.209-9,209,validation,2688,256,0,False
FAR52_0065,52.209-9,209,validation,2707,256,0,False
FAR52_0065,52.209-9,209,validation,2816,147,109,True
FAR52_0065,52.209-9,209,validation,2944,19,237,True
FAR52_0066,52.209-10,209,train,0,256,0,False
FAR52_0066,52.209-10,209,train,128,256,0,False
FAR52_0066,52.209-10,209,train,256,256,0,False
FAR52_0066,52.209-10,209,train,384,256,0,False
FAR52_0066,52.209-10,209,train,512,256,0,False
FAR52_0066,52.209-10,209,train,640,256,0,False
FAR52_0066,52.209-10,209,train,768,256,0,False
FAR52_0066,52.209-10,209,train,896,256,0,False
FAR52_0066,52.209-10,209,train,1024,256,0,False
FAR52_0066,52.209-10,209,train,1152,256,0,False
FAR52_0066,52.209-10,209,train,1280,256,0,False
FAR52_0066,52.209-10,209,train,1320,256,0,False
FAR52_0066,52.209-10,209,train,1408,168,88,True
FAR52_0066,52.209-10,209,train,1536,40,216,True
FAR52_0067,52.209-11,209,train,0,256,0,False
FAR52_0067,52.209-11,209,train,128,256,0,False
FAR52_0067,52.209-11,209,train,256,256,0,False
FAR52_0067,52.209-11,209,train,384,256,0,False
FAR52_0067,52.209-11,209,train,512,256,0,False
FAR52_0067,52.209-11,209,train,640,256,0,False
FAR52_0067,52.209-11,209,train,768,256,0,False
FAR52_0067,52.209-11,209,train,896,256,0,False
FAR52_0067,52.209-11,209,train,1024,256,0,False
FAR52_0067,52.209-11,209,train,1152,256,0,False
FAR52_0067,52.209-11,209,train,1280,256,0,False
FAR52_0067,52.209-11,209,train,1408,256,0,False
FAR52_0067,52.209-11,209,train,1536,256,0,False
FAR52_0067,52.209-11,209,train,1664,256,0,False
FAR52_0067,52.209-11,209,train,1734,256,0,False
FAR52_0067,52.209-11,209,train,1792,198,58,True
FAR52_0067,52.209-11,209,train,1920,70,186,True
FAR52_0068,52.209-12,209,train,0,256,0,False
FAR52_0068,52.209-12,209,train,128,256,0,False
FAR52_0068,52.209-12,209,train,256,256,0,False
FAR52_0068,52.209-12,209,train,384,256,0,False
FAR52_0068,52.209-12,209,train,512,256,0,False
FAR52_0068,52.209-12,209,train,640,256,0,False
FAR52_0068,52.209-12,209,train,768,256,0,False
FAR52_0068,52.209-12,209,train,896,256,0,False
FAR52_0068,52.209-12,209,train,921,256,0,False
FAR52_0068,52.209-12,209,train,1024,153,103,True
FAR52_0068,52.209-12,209,train,1152,25,231,True
FAR52_0069,52.209-13,209,train,0,256,0,False
FAR52_0069,52.209-13,209,train,128,256,0,False
FAR52_0069,52.209-13,209,train,256,256,0,False
FAR52_0069,52.209-13,209,train,384,256,0,False
FAR52_0069,52.209-13,209,train,512,256,0,False
FAR52_0069,52.209-13,209,train,640,256,0,False
FAR52_0069,52.209-13,209,train,768,256,0,False
FAR52_0069,52.209-13,209,train,896,256,0,False
FAR52_0069,52.209-13,209,train,1024,256,0,False
FAR52_0069,52.209-13,209,train,1152,256,0,False
FAR52_0069,52.209-13,209,train,1280,256,0,False
FAR52_0069,52.209-13,209,train,1408,256,0,False
FAR52_0069,52.209-13,209,train,1536,256,0,False
FAR52_0069,52.209-13,209,train,1664,256,0,False
FAR52_0069,52.209-13,209,train,1792,256,0,False
FAR52_0069,52.209-13,209,train,1920,256,0,False
FAR52_0069,52.209-13,209,train,2048,256,0,False
FAR52_0069,52.209-13,209,train,2176,256,0,False
FAR52_0069,52.209-13,209,train,2304,256,0,False
FAR52_0069,52.209-13,209,train,2432,256,0,False
FAR52_0069,52.209-13,209,train,2560,256,0,False
FAR52_0069,52.209-13,209,train,2688,256,0,False
FAR52_0069,52.209-13,209,train,2816,256,0,False
FAR52_0069,52.209-13,209,train,2944,256,0,False
FAR52_0069,52.209-13,209,train,3072,256,0,False
FAR52_0069,52.209-13,209,train,3200,256,0,False
FAR52_0069,52.209-13,209,train,3328,256,0,False
FAR52_0069,52.209-13,209,train,3456,256,0,False
FAR52_0069,52.209-13,209,train,3584,256,0,False
FAR52_0069,52.209-13,209,train,3712,256,0,False
FAR52_0069,52.209-13,209,train,3840,256,0,False
FAR52_0069,52.209-13,209,train,3968,256,0,False
FAR52_0069,52.209-13,209,train,4096,256,0,False
FAR52_0069,52.209-13,209,train,4224,256,0,False
FAR52_0069,52.209-13,209,train,4352,256,0,False
FAR52_0069,52.209-13,209,train,4480,256,0,False
FAR52_0069,52.209-13,209,train,4608,256,0,False
FAR52_0069,52.209-13,209,train,4736,256,0,False
FAR52_0069,52.209-13,209,train,4864,256,0,False
FAR52_0069,52.209-13,209,train,4992,256,0,False
FAR52_0069,52.209-13,209,train,5120,256,0,False
FAR52_0069,52.209-13,209,train,5248,256,0,False
FAR52_0069,52.209-13,209,train,5376,256,0,False
FAR52_0069,52.209-13,209,train,5504,256,0,False
FAR52_0069,52.209-13,209,train,5632,256,0,False
FAR52_0069,52.209-13,209,train,5667,256,0,False
FAR52_0069,52.209-13,209,train,5760,163,93,True
FAR52_0069,52.209-13,209,train,5888,35,221,True
FAR52_0070,52.209-14,209,test,0,256,0,False
FAR52_0070,52.209-14,209,test,128,256,0,False
FAR52_0070,52.209-14,209,test,256,256,0,False
FAR52_0070,52.209-14,209,test,384,256,0,False
FAR52_0070,52.209-14,209,test,512,256,0,False
FAR52_0070,52.209-14,209,test,640,256,0,False
FAR52_0070,52.209-14,209,test,768,256,0,False
FAR52_0070,52.209-14,209,test,896,256,0,False
FAR52_0070,52.209-14,209,test,1024,256,0,False
FAR52_0070,52.209-14,209,test,1152,256,0,False
FAR52_0070,52.209-14,209,test,1280,256,0,False
FAR52_0070,52.209-14,209,test,1408,256,0,False
FAR52_0070,52.209-14,209,test,1536,256,0,False
FAR52_0070,52.209-14,209,test,1664,256,0,False
FAR52_0070,52.209-14,209,test,1792,256,0,False
FAR52_0070,52.209-14,209,test,1920,256,0,False
FAR52_0070,52.209-14,209,test,2048,256,0,False
FAR52_0070,52.209-14,209,test,2176,256,0,False
FAR52_0070,52.209-14,209,test,2304,256,0,False
FAR52_0070,52.209-14,209,test,2432,256,0,False
FAR52_0070,52.209-14,209,test,2560,256,0,False
FAR52_0070,52.209-14,209,test,2688,256,0,False
FAR52_0070,52.209-14,209,test,2816,256,0,False
FAR52_0070,52.209-14,209,test,2872,256,0,False
FAR52_0070,52.209-14,209,test,2944,184,72,True
FAR52_0070,52.209-14,209,test,3072,56,200,True
FAR52_0071,52.210-1,210,train,0,256,0,False
FAR52_0071,52.210-1,210,train,128,256,0,False
FAR52_0071,52.210-1,210,train,256,256,0,False
FAR52_0071,52.210-1,210,train,384,256,0,False
FAR52_0071,52.210-1,210,train,512,256,0,False
FAR52_0071,52.210-1,210,train,640,256,0,False
FAR52_0071,52.210-1,210,train,768,256,0,False
FAR52_0071,52.210-1,210,train,840,256,0,False
FAR52_0071,52.210-1,210,train,896,200,56,True
FAR52_0071,52.210-1,210,train,1024,72,184,True
FAR52_0072,52.211-1,211,train,0,256,0,False
FAR52_0072,52.211-1,211,train,128,256,0,False
FAR52_0072,52.211-1,211,train,256,256,0,False
FAR52_0072,52.211-1,211,train,384,256,0,False
FAR52_0072,52.211-1,211,train,512,256,0,False
FAR52_0072,52.211-1,211,train,640,256,0,False
FAR52_0072,52.211-1,211,train,697,256,0,False
FAR52_0072,52.211-1,211,train,768,185,71,True
FAR52_0072,52.211-1,211,train,896,57,199,True
FAR52_0073,52.211-2,211,train,0,256,0,False
FAR52_0073,52.211-2,211,train,128,256,0,False
FAR52_0073,52.211-2,211,train,256,256,0,False
FAR52_0073,52.211-2,211,train,384,256,0,False
FAR52_0073,52.211-2,211,train,512,256,0,False
FAR52_0073,52.211-2,211,train,620,256,0,False
FAR52_0073,52.211-2,211,train,640,236,20,True
FAR52_0073,52.211-2,211,train,768,108,148,True
FAR52_0074,52.211-3,211,train,0,256,0,False
FAR52_0074,52.211-3,211,train,128,256,0,False
FAR52_0074,52.211-3,211,train,256,256,0,False
FAR52_0074,52.211-3,211,train,384,256,0,False
FAR52_0074,52.211-3,211,train,512,256,0,False
FAR52_0074,52.211-3,211,train,640,256,0,False
FAR52_0074,52.211-3,211,train,699,256,0,False
FAR52_0074,52.211-3,211,train,768,187,69,True
FAR52_0074,52.211-3,211,train,896,59,197,True
FAR52_0075,52.211-4,211,test,0,256,0,False
FAR52_0075,52.211-4,211,test,128,256,0,False
FAR52_0075,52.211-4,211,test,256,256,0,False
FAR52_0075,52.211-4,211,test,384,256,0,False
FAR52_0075,52.211-4,211,test,512,256,0,False
FAR52_0075,52.211-4,211,test,610,256,0,False
FAR52_0075,52.211-4,211,test,640,226,30,True
FAR52_0075,52.211-4,211,test,768,98,158,True
FAR52_0076,52.211-5,211,train,0,256,0,False
FAR52_0076,52.211-5,211,train,128,256,0,False
FAR52_0076,52.211-5,211,train,256,256,0,False
FAR52_0076,52.211-5,211,train,384,256,0,False
FAR52_0076,52.211-5,211,train,512,256,0,False
FAR52_0076,52.211-5,211,train,640,256,0,False
FAR52_0076,52.211-5,211,train,768,256,0,False
FAR52_0076,52.211-5,211,train,896,256,0,False
FAR52_0076,52.211-5,211,train,1024,256,0,False
FAR52_0076,52.211-5,211,train,1152,256,0,False
FAR52_0076,52.211-5,211,train,1280,256,0,False
FAR52_0076,52.211-5,211,train,1408,256,0,False
FAR52_0076,52.211-5,211,train,1536,256,0,False
FAR52_0076,52.211-5,211,train,1664,256,0,False
FAR52_0076,52.211-5,211,train,1792,256,0,False
FAR52_0076,52.211-5,211,train,1861,256,0,False
FAR52_0076,52.211-5,211,train,1920,197,59,True
FAR52_0076,52.211-5,211,train,2048,69,187,True
FAR52_0077,52.211-6,211,train,0,256,0,False
FAR52_0077,52.211-6,211,train,128,256,0,False
FAR52_0077,52.211-6,211,train,256,256,0,False
FAR52_0077,52.211-6,211,train,384,256,0,False
FAR52_0077,52.211-6,211,train,512,256,0,False
FAR52_0077,52.211-6,211,train,640,256,0,False
FAR52_0077,52.211-6,211,train,768,256,0,False
FAR52_0077,52.211-6,211,train,896,256,0,False
FAR52_0077,52.211-6,211,train,1024,256,0,False
FAR52_0077,52.211-6,211,train,1152,256,0,False
FAR52_0077,52.211-6,211,train,1280,256,0,False
FAR52_0077,52.211-6,211,train,1407,256,0,False
FAR52_0077,52.211-6,211,train,1408,255,1,True
FAR52_0077,52.211-6,211,train,1536,127,129,True
FAR52_0078,52.211-7,211,train,0,256,0,False
FAR52_0078,52.211-7,211,train,128,256,0,False
FAR52_0078,52.211-7,211,train,256,256,0,False
FAR52_0078,52.211-7,211,train,384,256,0,False
FAR52_0078,52.211-7,211,train,512,256,0,False
FAR52_0078,52.211-7,211,train,640,256,0,False
FAR52_0078,52.211-7,211,train,768,256,0,False
FAR52_0078,52.211-7,211,train,896,256,0,False
FAR52_0078,52.211-7,211,train,994,256,0,False
FAR52_0078,52.211-7,211,train,1024,226,30,True
FAR52_0078,52.211-7,211,train,1152,98,158,True
FAR52_0079,52.211-8,211,train,0,256,0,False
FAR52_0079,52.211-8,211,train,128,256,0,False
FAR52_0079,52.211-8,211,train,256,256,0,False
FAR52_0079,52.211-8,211,train,384,256,0,False
FAR52_0079,52.211-8,211,train,512,256,0,False
FAR52_0079,52.211-8,211,train,640,256,0,False
FAR52_0079,52.211-8,211,train,768,256,0,False
FAR52_0079,52.211-8,211,train,896,256,0,False
FAR52_0079,52.211-8,211,train,1024,256,0,False
FAR52_0079,52.211-8,211,train,1152,256,0,False
FAR52_0079,52.211-8,211,train,1280,256,0,False
FAR52_0079,52.211-8,211,train,1408,256,0,False
FAR52_0079,52.211-8,211,train,1536,256,0,False
FAR52_0079,52.211-8,211,train,1664,256,0,False
FAR52_0079,52.211-8,211,train,1792,256,0,False
FAR52_0079,52.211-8,211,train,1920,256,0,False
FAR52_0079,52.211-8,211,train,2048,256,0,False
FAR52_0079,52.211-8,211,train,2176,256,0,False
FAR52_0079,52.211-8,211,train,2304,256,0,False
FAR52_0079,52.211-8,211,train,2432,256,0,False
FAR52_0079,52.211-8,211,train,2560,256,0,False
FAR52_0079,52.211-8,211,train,2688,256,0,False
FAR52_0079,52.211-8,211,train,2816,256,0,False
FAR52_0079,52.211-8,211,train,2944,256,0,False
FAR52_0079,52.211-8,211,train,3072,256,0,False
FAR52_0079,52.211-8,211,train,3200,256,0,False
FAR52_0079,52.211-8,211,train,3328,256,0,False
FAR52_0079,52.211-8,211,train,3456,256,0,False
FAR52_0079,52.211-8,211,train,3584,256,0,False
FAR52_0079,52.211-8,211,train,3712,256,0,False
FAR52_0079,52.211-8,211,train,3840,256,0,False
FAR52_0079,52.211-8,211,train,3968,256,0,False
FAR52_0079,52.211-8,211,train,4096,256,0,False
FAR52_0079,52.211-8,211,train,4224,256,0,False
FAR52_0079,52.211-8,211,train,4352,256,0,False
FAR52_0079,52.211-8,211,train,4480,256,0,False
FAR52_0079,52.211-8,211,train,4608,256,0,False
FAR52_0079,52.211-8,211,train,4656,256,0,False
FAR52_0079,52.211-8,211,train,4736,176,80,True
FAR52_0079,52.211-8,211,train,4864,48,208,True
FAR52_0080,52.211-9,211,train,0,256,0,False
FAR52_0080,52.211-9,211,train,128,256,0,False
FAR52_0080,52.211-9,211,train,256,256,0,False
FAR52_0080,52.211-9,211,train,384,256,0,False
FAR52_0080,52.211-9,211,train,512,256,0,False
FAR52_0080,52.211-9,211,train,640,256,0,False
FAR52_0080,52.211-9,211,train,768,256,0,False
FAR52_0080,52.211-9,211,train,896,256,0,False
FAR52_0080,52.211-9,211,train,1024,256,0,False
FAR52_0080,52.211-9,211,train,1152,256,0,False
FAR52_0080,52.211-9,211,train,1280,256,0,False
FAR52_0080,52.211-9,211,train,1408,256,0,False
FAR52_0080,52.211-9,211,train,1536,256,0,False
FAR52_0080,52.211-9,211,train,1664,256,0,False
FAR52_0080,52.211-9,211,train,1792,256,0,False
FAR52_0080,52.211-9,211,train,1920,256,0,False
FAR52_0080,52.211-9,211,train,2048,256,0,False
FAR52_0080,52.211-9,211,train,2176,256,0,False
FAR52_0080,52.211-9,211,train,2304,256,0,False
FAR52_0080,52.211-9,211,train,2432,256,0,False
FAR52_0080,52.211-9,211,train,2560,256,0,False
FAR52_0080,52.211-9,211,train,2688,256,0,False
FAR52_0080,52.211-9,211,train,2816,256,0,False
FAR52_0080,52.211-9,211,train,2944,256,0,False
FAR52_0080,52.211-9,211,train,3072,256,0,False
FAR52_0080,52.211-9,211,train,3200,256,0,False
FAR52_0080,52.211-9,211,train,3328,256,0,False
FAR52_0080,52.211-9,211,train,3456,256,0,False
FAR52_0080,52.211-9,211,train,3584,256,0,False
FAR52_0080,52.211-9,211,train,3712,256,0,False
FAR52_0080,52.211-9,211,train,3840,256,0,False
FAR52_0080,52.211-9,211,train,3968,256,0,False
FAR52_0080,52.211-9,211,train,4096,256,0,False
FAR52_0080,52.211-9,211,train,4224,256,0,False
FAR52_0080,52.211-9,211,train,4352,256,0,False
FAR52_0080,52.211-9,211,train,4480,256,0,False
FAR52_0080,52.211-9,211,train,4608,256,0,False
FAR52_0080,52.211-9,211,train,4736,256,0,False
FAR52_0080,52.211-9,211,train,4864,256,0,False
FAR52_0080,52.211-9,211,train,4915,256,0,False
FAR52_0080,52.211-9,211,train,4992,179,77,True
FAR52_0080,52.211-9,211,train,5120,51,205,True
FAR52_0081,52.211-10,211,train,0,256,0,False
FAR52_0081,52.211-10,211,train,128,256,0,False
FAR52_0081,52.211-10,211,train,256,256,0,False
FAR52_0081,52.211-10,211,train,384,256,0,False
FAR52_0081,52.211-10,211,train,512,256,0,False
FAR52_0081,52.211-10,211,train,640,256,0,False
FAR52_0081,52.211-10,211,train,768,256,0,False
FAR52_0081,52.211-10,211,train,896,256,0,False
FAR52_0081,52.211-10,211,train,1024,256,0,False
FAR52_0081,52.211-10,211,train,1152,256,0,False
FAR52_0081,52.211-10,211,train,1280,256,0,False
FAR52_0081,52.211-10,211,train,1408,256,0,False
FAR52_0081,52.211-10,211,train,1453,256,0,False
FAR52_0081,52.211-10,211,train,1536,173,83,True
FAR52_0081,52.211-10,211,train,1664,45,211,True
FAR52_0082,52.211-11,211,validation,0,256,0,False
FAR52_0082,52.211-11,211,validation,128,256,0,False
FAR52_0082,52.211-11,211,validation,256,256,0,False
FAR52_0082,52.211-11,211,validation,384,256,0,False
FAR52_0082,52.211-11,211,validation,512,256,0,False
FAR52_0082,52.211-11,211,validation,640,256,0,False
FAR52_0082,52.211-11,211,validation,768,256,0,False
FAR52_0082,52.211-11,211,validation,896,256,0,False
FAR52_0082,52.211-11,211,validation,937,256,0,False
FAR52_0082,52.211-11,211,validation,1024,169,87,True
FAR52_0082,52.211-11,211,validation,1152,41,215,True
FAR52_0083,52.211-12,211,train,0,256,0,False
FAR52_0083,52.211-12,211,train,128,256,0,False
FAR52_0083,52.211-12,211,train,256,256,0,False
FAR52_0083,52.211-12,211,train,384,256,0,False
FAR52_0083,52.211-12,211,train,469,256,0,False
FAR52_0083,52.211-12,211,train,512,213,43,True
FAR52_0083,52.211-12,211,train,640,85,171,True
FAR52_0084,52.211-13,211,validation,0,256,0,False
FAR52_0084,52.211-13,211,validation,128,256,0,False
FAR52_0084,52.211-13,211,validation,256,256,0,False
FAR52_0084,52.211-13,211,validation,384,256,0,False
FAR52_0084,52.211-13,211,validation,430,256,0,False
FAR52_0084,52.211-13,211,validation,512,174,82,True
FAR52_0084,52.211-13,211,validation,640,46,210,True
FAR52_0085,52.211-14,211,train,0,256,0,False
FAR52_0085,52.211-14,211,train,128,256,0,False
FAR52_0085,52.211-14,211,train,256,256,0,False
FAR52_0085,52.211-14,211,train,384,256,0,False
FAR52_0085,52.211-14,211,train,419,256,0,False
FAR52_0085,52.211-14,211,train,512,163,93,True
FAR52_0085,52.211-14,211,train,640,35,221,True
FAR52_0086,52.211-15,211,train,0,256,0,False
FAR52_0086,52.211-15,211,train,128,256,0,False
FAR52_0086,52.211-15,211,train,158,256,0,False
FAR52_0086,52.211-15,211,train,256,158,98,True
FAR52_0086,52.211-15,211,train,384,30,226,True
FAR52_0087,52.211-16,211,test,0,256,0,False
FAR52_0087,52.211-16,211,test,128,256,0,False
FAR52_0087,52.211-16,211,test,256,256,0,False
FAR52_0087,52.211-16,211,test,384,256,0,False
FAR52_0087,52.211-16,211,test,512,256,0,False
FAR52_0087,52.211-16,211,test,640,256,0,False
FAR52_0087,52.211-16,211,test,744,256,0,False
FAR52_0087,52.211-16,211,test,768,232,24,True
FAR52_0087,52.211-16,211,test,896,104,152,True
FAR52_0088,52.211-17,211,train,0,256,0,False
FAR52_0088,52.211-17,211,train,128,256,0,False
FAR52_0088,52.211-17,211,train,256,256,0,False
FAR52_0088,52.211-17,211,train,384,256,0,False
FAR52_0088,52.211-17,211,train,512,256,0,False
FAR52_0088,52.211-17,211,train,640,256,0,False
FAR52_0088,52.211-17,211,train,643,256,0,False
FAR52_0088,52.211-17,211,train,768,131,125,True
FAR52_0088,52.211-17,211,train,896,3,253,True
FAR52_0089,52.211-18,211,train,0,256,0,False
FAR52_0089,52.211-18,211,train,128,256,0,False
FAR52_0089,52.211-18,211,train,256,256,0,False
FAR52_0089,52.211-18,211,train,384,256,0,False
FAR52_0089,52.211-18,211,train,512,256,0,False
FAR52_0089,52.211-18,211,train,640,256,0,False
FAR52_0089,52.211-18,211,train,768,256,0,False
FAR52_0089,52.211-18,211,train,896,256,0,False
FAR52_0089,52.211-18,211,train,1024,256,0,False
FAR52_0089,52.211-18,211,train,1125,256,0,False
FAR52_0089,52.211-18,211,train,1152,229,27,True
FAR52_0089,52.211-18,211,train,1280,101,155,True
FAR52_0090,52.212-1,212,train,0,256,0,False
FAR52_0090,52.212-1,212,train,128,256,0,False
FAR52_0090,52.212-1,212,train,256,256,0,False
FAR52_0090,52.212-1,212,train,512,256,0,False
FAR52_0090,52.212-1,212,train,640,256,0,False
FAR52_0090,52.212-1,212,train,896,256,0,False
FAR52_0090,52.212-1,212,train,1024,256,0,False
FAR52_0090,52.212-1,212,train,1280,256,0,False
FAR52_0090,52.212-1,212,train,1408,256,0,False
FAR52_0090,52.212-1,212,train,1536,256,0,False
FAR52_0090,52.212-1,212,train,1792,256,0,False
FAR52_0090,52.212-1,212,train,1920,256,0,False
FAR52_0090,52.212-1,212,train,2176,256,0,False
FAR52_0090,52.212-1,212,train,2304,256,0,False
FAR52_0090,52.212-1,212,train,2560,256,0,False
FAR52_0090,52.212-1,212,train,2688,256,0,False
FAR52_0090,52.212-1,212,train,2816,256,0,False
FAR52_0090,52.212-1,212,train,3072,256,0,False
FAR52_0090,52.212-1,212,train,3200,256,0,False
FAR52_0090,52.212-1,212,train,3456,256,0,False
FAR52_0090,52.212-1,212,train,3584,256,0,False
FAR52_0090,52.212-1,212,train,3840,256,0,False
FAR52_0090,52.212-1,212,train,3968,256,0,False
FAR52_0090,52.212-1,212,train,4096,256,0,False
FAR52_0090,52.212-1,212,train,4352,256,0,False
FAR52_0090,52.212-1,212,train,4480,256,0,False
FAR52_0090,52.212-1,212,train,4736,256,0,False
FAR52_0090,52.212-1,212,train,4864,256,0,False
FAR52_0090,52.212-1,212,train,5120,256,0,False
FAR52_0090,52.212-1,212,train,5248,256,0,False
FAR52_0090,52.212-1,212,train,5376,256,0,False
FAR52_0090,52.212-1,212,train,5632,256,0,False
FAR52_0090,52.212-1,212,train,5760,256,0,False
FAR52_0090,52.212-1,212,train,6016,256,0,False
FAR52_0090,52.212-1,212,train,6144,256,0,False
FAR52_0090,52.212-1,212,train,6400,256,0,False
FAR52_0090,52.212-1,212,train,6528,256,0,False
FAR52_0090,52.212-1,212,train,6656,256,0,False
FAR52_0090,52.212-1,212,train,6912,256,0,False
FAR52_0090,52.212-1,212,train,7040,256,0,False
FAR52_0090,52.212-1,212,train,7296,256,0,False
FAR52_0090,52.212-1,212,train,7424,256,0,False
FAR52_0090,52.212-1,212,train,7680,256,0,False
FAR52_0090,52.212-1,212,train,7808,256,0,False
FAR52_0090,52.212-1,212,train,7936,256,0,False
FAR52_0090,52.212-1,212,train,8192,256,0,False
FAR52_0090,52.212-1,212,train,8320,256,0,False
FAR52_0090,52.212-1,212,train,8576,256,0,False
FAR52_0090,52.212-1,212,train,8704,256,0,False
FAR52_0090,52.212-1,212,train,8960,256,0,False
FAR52_0090,52.212-1,212,train,9088,256,0,False
FAR52_0090,52.212-1,212,train,9216,256,0,False
FAR52_0090,52.212-1,212,train,9472,256,0,False
FAR52_0090,52.212-1,212,train,9600,256,0,False
FAR52_0090,52.212-1,212,train,9856,256,0,False
FAR52_0090,52.212-1,212,train,9984,256,0,False
FAR52_0090,52.212-1,212,train,10240,256,0,False
FAR52_0090,52.212-1,212,train,10368,256,0,False
FAR52_0090,52.212-1,212,train,10496,256,0,False
FAR52_0090,52.212-1,212,train,10752,256,0,False
FAR52_0090,52.212-1,212,train,10880,256,0,False
FAR52_0090,52.212-1,212,train,11136,256,0,False
FAR52_0090,52.212-1,212,train,11166,256,0,False
FAR52_0090,52.212-1,212,train,11392,30,226,True
FAR52_0091,52.212-2,212,train,0,256,0,False
FAR52_0091,52.212-2,212,train,128,256,0,False
FAR52_0091,52.212-2,212,train,256,256,0,False
FAR52_0091,52.212-2,212,train,384,256,0,False
FAR52_0091,52.212-2,212,train,512,256,0,False
FAR52_0091,52.212-2,212,train,640,256,0,False
FAR52_0091,52.212-2,212,train,768,256,0,False
FAR52_0091,52.212-2,212,train,896,256,0,False
FAR52_0091,52.212-2,212,train,1024,256,0,False
FAR52_0091,52.212-2,212,train,1152,256,0,False
FAR52_0091,52.212-2,212,train,1280,256,0,False
FAR52_0091,52.212-2,212,train,1408,256,0,False
FAR52_0091,52.212-2,212,train,1536,256,0,False
FAR52_0091,52.212-2,212,train,1664,256,0,False
FAR52_0091,52.212-2,212,train,1792,256,0,False
FAR52_0091,52.212-2,212,train,1794,256,0,False
FAR52_0091,52.212-2,212,train,1920,130,126,True
FAR52_0091,52.212-2,212,train,2048,2,254,True
FAR52_0092,52.212-3,212,test,0,256,0,False
FAR52_0092,52.212-3,212,test,768,256,0,False
FAR52_0092,52.212-3,212,test,1536,256,0,False
FAR52_0092,52.212-3,212,test,2304,256,0,False
FAR52_0092,52.212-3,212,test,3072,256,0,False
FAR52_0092,52.212-3,212,test,3840,256,0,False
FAR52_0092,52.212-3,212,test,4608,256,0,False
FAR52_0092,52.212-3,212,test,5504,256,0,False
FAR52_0092,52.212-3,212,test,6272,256,0,False
FAR52_0092,52.212-3,212,test,7040,256,0,False
FAR52_0092,52.212-3,212,test,7808,256,0,False
FAR52_0092,52.212-3,212,test,8576,256,0,False
FAR52_0092,52.212-3,212,test,9344,256,0,False
FAR52_0092,52.212-3,212,test,10240,256,0,False
FAR52_0092,52.212-3,212,test,11008,256,0,False
FAR52_0092,52.212-3,212,test,11776,256,0,False
FAR52_0092,52.212-3,212,test,12544,256,0,False
FAR52_0092,52.212-3,212,test,13312,256,0,False
FAR52_0092,52.212-3,212,test,14080,256,0,False
FAR52_0092,52.212-3,212,test,14976,256,0,False
FAR52_0092,52.212-3,212,test,15744,256,0,False
FAR52_0092,52.212-3,212,test,16512,256,0,False
FAR52_0092,52.212-3,212,test,17280,256,0,False
FAR52_0092,52.212-3,212,test,18048,256,0,False
FAR52_0092,52.212-3,212,test,18816,256,0,False
FAR52_0092,52.212-3,212,test,19584,256,0,False
FAR52_0092,52.212-3,212,test,20480,256,0,False
FAR52_0092,52.212-3,212,test,21248,256,0,False
FAR52_0092,52.212-3,212,test,22016,256,0,False
FAR52_0092,52.212-3,212,test,22784,256,0,False
FAR52_0092,52.212-3,212,test,23552,256,0,False
FAR52_0092,52.212-3,212,test,24320,256,0,False
FAR52_0092,52.212-3,212,test,25216,256,0,False
FAR52_0092,52.212-3,212,test,25984,256,0,False
FAR52_0092,52.212-3,212,test,26752,256,0,False
FAR52_0092,52.212-3,212,test,27520,256,0,False
FAR52_0092,52.212-3,212,test,28288,256,0,False
FAR52_0092,52.212-3,212,test,29056,256,0,False
FAR52_0092,52.212-3,212,test,29952,256,0,False
FAR52_0092,52.212-3,212,test,30720,256,0,False
FAR52_0092,52.212-3,212,test,31488,256,0,False
FAR52_0092,52.212-3,212,test,32256,256,0,False
FAR52_0092,52.212-3,212,test,33024,256,0,False
FAR52_0092,52.212-3,212,test,33792,256,0,False
FAR52_0092,52.212-3,212,test,34560,256,0,False
FAR52_0092,52.212-3,212,test,35456,256,0,False
FAR52_0092,52.212-3,212,test,36224,256,0,False
FAR52_0092,52.212-3,212,test,36992,256,0,False
FAR52_0092,52.212-3,212,test,37760,256,0,False
FAR52_0092,52.212-3,212,test,38528,256,0,False
FAR52_0092,52.212-3,212,test,39296,256,0,False
FAR52_0092,52.212-3,212,test,40192,256,0,False
FAR52_0092,52.212-3,212,test,40960,256,0,False
FAR52_0092,52.212-3,212,test,41728,256,0,False
FAR52_0092,52.212-3,212,test,42496,256,0,False
FAR52_0092,52.212-3,212,test,43264,256,0,False
FAR52_0092,52.212-3,212,test,44032,256,0,False
FAR52_0092,52.212-3,212,test,44928,256,0,False
FAR52_0092,52.212-3,212,test,45696,256,0,False
FAR52_0092,52.212-3,212,test,46464,256,0,False
FAR52_0092,52.212-3,212,test,47232,256,0,False
FAR52_0092,52.212-3,212,test,48000,256,0,False
FAR52_0092,52.212-3,212,test,48768,256,0,False
FAR52_0092,52.212-3,212,test,49536,84,172,True
FAR52_0093,52.212-4,212,validation,0,256,0,False
FAR52_0093,52.212-4,212,validation,512,256,0,False
FAR52_0093,52.212-4,212,validation,1152,256,0,False
FAR52_0093,52.212-4,212,validation,1792,256,0,False
FAR52_0093,52.212-4,212,validation,2304,256,0,False
FAR52_0093,52.212-4,212,validation,2944,256,0,False
FAR52_0093,52.212-4,212,validation,3584,256,0,False
FAR52_0093,52.212-4,212,validation,4096,256,0,False
FAR52_0093,52.212-4,212,validation,4736,256,0,False
FAR52_0093,52.212-4,212,validation,5376,256,0,False
FAR52_0093,52.212-4,212,validation,5888,256,0,False
FAR52_0093,52.212-4,212,validation,6528,256,0,False
FAR52_0093,52.212-4,212,validation,7168,256,0,False
FAR52_0093,52.212-4,212,validation,7680,256,0,False
FAR52_0093,52.212-4,212,validation,8320,256,0,False
FAR52_0093,52.212-4,212,validation,8960,256,0,False
FAR52_0093,52.212-4,212,validation,9472,256,0,False
FAR52_0093,52.212-4,212,validation,10112,256,0,False
FAR52_0093,52.212-4,212,validation,10752,256,0,False
FAR52_0093,52.212-4,212,validation,11264,256,0,False
FAR52_0093,52.212-4,212,validation,11904,256,0,False
FAR52_0093,52.212-4,212,validation,12544,256,0,False
FAR52_0093,52.212-4,212,validation,13184,256,0,False
FAR52_0093,52.212-4,212,validation,13696,256,0,False
FAR52_0093,52.212-4,212,validation,14336,256,0,False
FAR52_0093,52.212-4,212,validation,14976,256,0,False
FAR52_0093,52.212-4,212,validation,15488,256,0,False
FAR52_0093,52.212-4,212,validation,16128,256,0,False
FAR52_0093,52.212-4,212,validation,16768,256,0,False
FAR52_0093,52.212-4,212,validation,17280,256,0,False
FAR52_0093,52.212-4,212,validation,17920,256,0,False
FAR52_0093,52.212-4,212,validation,18560,256,0,False
FAR52_0093,52.212-4,212,validation,19072,256,0,False
FAR52_0093,52.212-4,212,validation,19712,256,0,False
FAR52_0093,52.212-4,212,validation,20352,256,0,False
FAR52_0093,52.212-4,212,validation,20864,256,0,False
FAR52_0093,52.212-4,212,validation,21504,256,0,False
FAR52_0093,52.212-4,212,validation,22144,256,0,False
FAR52_0093,52.212-4,212,validation,22656,256,0,False
FAR52_0093,52.212-4,212,validation,23296,256,0,False
FAR52_0093,52.212-4,212,validation,23936,256,0,False
FAR52_0093,52.212-4,212,validation,24448,256,0,False
FAR52_0093,52.212-4,212,validation,25088,256,0,False
FAR52_0093,52.212-4,212,validation,25728,256,0,False
FAR52_0093,52.212-4,212,validation,26368,256,0,False
FAR52_0093,52.212-4,212,validation,26880,256,0,False
FAR52_0093,52.212-4,212,validation,27520,256,0,False
FAR52_0093,52.212-4,212,validation,28160,256,0,False
FAR52_0093,52.212-4,212,validation,28672,256,0,False
FAR52_0093,52.212-4,212,validation,29312,256,0,False
FAR52_0093,52.212-4,212,validation,29952,256,0,False
FAR52_0093,52.212-4,212,validation,30464,256,0,False
FAR52_0093,52.212-4,212,validation,31104,256,0,False
FAR52_0093,52.212-4,212,validation,31744,256,0,False
FAR52_0093,52.212-4,212,validation,32256,256,0,False
FAR52_0093,52.212-4,212,validation,32896,256,0,False
FAR52_0093,52.212-4,212,validation,33536,256,0,False
FAR52_0093,52.212-4,212,validation,34048,256,0,False
FAR52_0093,52.212-4,212,validation,34688,256,0,False
FAR52_0093,52.212-4,212,validation,35328,256,0,False
FAR52_0093,52.212-4,212,validation,35840,256,0,False
FAR52_0093,52.212-4,212,validation,36480,256,0,False
FAR52_0093,52.212-4,212,validation,37120,256,0,False
FAR52_0093,52.212-4,212,validation,37632,83,173,True
FAR52_0094,52.212-5,212,train,0,256,0,False
FAR52_0094,52.212-5,212,train,384,256,0,False
FAR52_0094,52.212-5,212,train,768,256,0,False
FAR52_0094,52.212-5,212,train,1152,256,0,False
FAR52_0094,52.212-5,212,train,1536,256,0,False
FAR52_0094,52.212-5,212,train,1920,256,0,False
FAR52_0094,52.212-5,212,train,2304,256,0,False
FAR52_0094,52.212-5,212,train,2688,256,0,False
FAR52_0094,52.212-5,212,train,3072,256,0,False
FAR52_0094,52.212-5,212,train,3456,256,0,False
FAR52_0094,52.212-5,212,train,3840,256,0,False
FAR52_0094,52.212-5,212,train,4352,256,0,False
FAR52_0094,52.212-5,212,train,4736,256,0,False
FAR52_0094,52.212-5,212,train,5120,256,0,False
FAR52_0094,52.212-5,212,train,5504,256,0,False
FAR52_0094,52.212-5,212,train,5888,256,0,False
FAR52_0094,52.212-5,212,train,6272,256,0,False
FAR52_0094,52.212-5,212,train,6656,256,0,False
FAR52_0094,52.212-5,212,train,7040,256,0,False
FAR52_0094,52.212-5,212,train,7424,256,0,False
FAR52_0094,52.212-5,212,train,7808,256,0,False
FAR52_0094,52.212-5,212,train,8320,256,0,False
FAR52_0094,52.212-5,212,train,8704,256,0,False
FAR52_0094,52.212-5,212,train,9088,256,0,False
FAR52_0094,52.212-5,212,train,9472,256,0,False
FAR52_0094,52.212-5,212,train,9856,256,0,False
FAR52_0094,52.212-5,212,train,10240,256,0,False
FAR52_0094,52.212-5,212,train,10624,256,0,False
FAR52_0094,52.212-5,212,train,11008,256,0,False
FAR52_0094,52.212-5,212,train,11392,256,0,False
FAR52_0094,52.212-5,212,train,11776,256,0,False
FAR52_0094,52.212-5,212,train,12160,256,0,False
FAR52_0094,52.212-5,212,train,12672,256,0,False
FAR52_0094,52.212-5,212,train,13056,256,0,False
FAR52_0094,52.212-5,212,train,13440,256,0,False
FAR52_0094,52.212-5,212,train,13824,256,0,False
FAR52_0094,52.212-5,212,train,14208,256,0,False
FAR52_0094,52.212-5,212,train,14592,256,0,False
FAR52_0094,52.212-5,212,train,14976,256,0,False
FAR52_0094,52.212-5,212,train,15360,256,0,False
FAR52_0094,52.212-5,212,train,15744,256,0,False
FAR52_0094,52.212-5,212,train,16128,256,0,False
FAR52_0094,52.212-5,212,train,16640,256,0,False
FAR52_0094,52.212-5,212,train,17024,256,0,False
FAR52_0094,52.212-5,212,train,17408,256,0,False
FAR52_0094,52.212-5,212,train,17792,256,0,False
FAR52_0094,52.212-5,212,train,18176,256,0,False
FAR52_0094,52.212-5,212,train,18560,256,0,False
FAR52_0094,52.212-5,212,train,18944,256,0,False
FAR52_0094,52.212-5,212,train,19328,256,0,False
FAR52_0094,52.212-5,212,train,19712,256,0,False
FAR52_0094,52.212-5,212,train,20096,256,0,False
FAR52_0094,52.212-5,212,train,20480,256,0,False
FAR52_0094,52.212-5,212,train,20992,256,0,False
FAR52_0094,52.212-5,212,train,21376,256,0,False
FAR52_0094,52.212-5,212,train,21760,256,0,False
FAR52_0094,52.212-5,212,train,22144,256,0,False
FAR52_0094,52.212-5,212,train,22528,256,0,False
FAR52_0094,52.212-5,212,train,22912,256,0,False
FAR52_0094,52.212-5,212,train,23296,256,0,False
FAR52_0094,52.212-5,212,train,23680,256,0,False
FAR52_0094,52.212-5,212,train,24064,256,0,False
FAR52_0094,52.212-5,212,train,24448,256,0,False
FAR52_0094,52.212-5,212,train,24832,100,156,True
FAR52_0095,52.213-1,213,train,0,256,0,False
FAR52_0095,52.213-1,213,train,128,256,0,False
FAR52_0095,52.213-1,213,train,256,256,0,False
FAR52_0095,52.213-1,213,train,384,256,0,False
FAR52_0095,52.213-1,213,train,512,256,0,False
FAR52_0095,52.213-1,213,train,640,256,0,False
FAR52_0095,52.213-1,213,train,768,256,0,False
FAR52_0095,52.213-1,213,train,896,256,0,False
FAR52_0095,52.213-1,213,train,1024,256,0,False
FAR52_0095,52.213-1,213,train,1152,256,0,False
FAR52_0095,52.213-1,213,train,1280,256,0,False
FAR52_0095,52.213-1,213,train,1408,256,0,False
FAR52_0095,52.213-1,213,train,1536,256,0,False
FAR52_0095,52.213-1,213,train,1664,256,0,False
FAR52_0095,52.213-1,213,train,1792,256,0,False
FAR52_0095,52.213-1,213,train,1920,256,0,False
FAR52_0095,52.213-1,213,train,2048,256,0,False
FAR52_0095,52.213-1,213,train,2176,256,0,False
FAR52_0095,52.213-1,213,train,2304,256,0,False
FAR52_0095,52.213-1,213,train,2432,256,0,False
FAR52_0095,52.213-1,213,train,2560,256,0,False
FAR52_0095,52.213-1,213,train,2688,256,0,False
FAR52_0095,52.213-1,213,train,2816,256,0,False
FAR52_0095,52.213-1,213,train,2944,256,0,False
FAR52_0095,52.213-1,213,train,3072,256,0,False
FAR52_0095,52.213-1,213,train,3200,256,0,False
FAR52_0095,52.213-1,213,train,3328,256,0,False
FAR52_0095,52.213-1,213,train,3456,256,0,False
FAR52_0095,52.213-1,213,train,3584,256,0,False
FAR52_0095,52.213-1,213,train,3712,256,0,False
FAR52_0095,52.213-1,213,train,3840,256,0,False
FAR52_0095,52.213-1,213,train,3865,256,0,False
FAR52_0095,52.213-1,213,train,3968,153,103,True
FAR52_0095,52.213-1,213,train,4096,25,231,True
FAR52_0096,52.213-2,213,train,0,256,0,False
FAR52_0096,52.213-2,213,train,128,256,0,False
FAR52_0096,52.213-2,213,train,222,256,0,False
FAR52_0096,52.213-2,213,train,256,222,34,True
FAR52_0096,52.213-2,213,train,384,94,162,True
FAR52_0097,52.213-3,213,train,0,256,0,False
FAR52_0097,52.213-3,213,train,128,256,0,False
FAR52_0097,52.213-3,213,train,185,256,0,False
FAR52_0097,52.213-3,213,train,256,185,71,True
FAR52_0097,52.213-3,213,train,384,57,199,True
FAR52_0098,52.213-4,213,train,0,256,0,False
FAR52_0098,52.213-4,213,train,128,256,0,False
FAR52_0098,52.213-4,213,train,384,256,0,False
FAR52_0098,52.213-4,213,train,640,256,0,False
FAR52_0098,52.213-4,213,train,896,256,0,False
FAR52_0098,52.213-4,213,train,1152,256,0,False
FAR52_0098,52.213-4,213,train,1408,256,0,False
FAR52_0098,52.213-4,213,train,1664,256,0,False
FAR52_0098,52.213-4,213,train,1920,256,0,False
FAR52_0098,52.213-4,213,train,2176,256,0,False
FAR52_0098,52.213-4,213,train,2432,256,0,False
FAR52_0098,52.213-4,213,train,2688,256,0,False
FAR52_0098,52.213-4,213,train,2944,256,0,False
FAR52_0098,52.213-4,213,train,3200,256,0,False
FAR52_0098,52.213-4,213,train,3456,256,0,False
FAR52_0098,52.213-4,213,train,3712,256,0,False
FAR52_0098,52.213-4,213,train,3968,256,0,False
FAR52_0098,52.213-4,213,train,4224,256,0,False
FAR52_0098,52.213-4,213,train,4480,256,0,False
FAR52_0098,52.213-4,213,train,4736,256,0,False
FAR52_0098,52.213-4,213,train,4992,256,0,False
FAR52_0098,52.213-4,213,train,5248,256,0,False
FAR52_0098,52.213-4,213,train,5376,256,0,False
FAR52_0098,52.213-4,213,train,5632,256,0,False
FAR52_0098,52.213-4,213,train,5888,256,0,False
FAR52_0098,52.213-4,213,train,6144,256,0,False
FAR52_0098,52.213-4,213,train,6400,256,0,False
FAR52_0098,52.213-4,213,train,6656,256,0,False
FAR52_0098,52.213-4,213,train,6912,256,0,False
FAR52_0098,52.213-4,213,train,7168,256,0,False
FAR52_0098,52.213-4,213,train,7424,256,0,False
FAR52_0098,52.213-4,213,train,7680,256,0,False
FAR52_0098,52.213-4,213,train,7936,256,0,False
FAR52_0098,52.213-4,213,train,8192,256,0,False
FAR52_0098,52.213-4,213,train,8448,256,0,False
FAR52_0098,52.213-4,213,train,8704,256,0,False
FAR52_0098,52.213-4,213,train,8960,256,0,False
FAR52_0098,52.213-4,213,train,9216,256,0,False
FAR52_0098,52.213-4,213,train,9472,256,0,False
FAR52_0098,52.213-4,213,train,9728,256,0,False
FAR52_0098,52.213-4,213,train,9984,256,0,False
FAR52_0098,52.213-4,213,train,10240,256,0,False
FAR52_0098,52.213-4,213,train,10496,256,0,False
FAR52_0098,52.213-4,213,train,10624,256,0,False
FAR52_0098,52.213-4,213,train,10880,256,0,False
FAR52_0098,52.213-4,213,train,11136,256,0,False
FAR52_0098,52.213-4,213,train,11392,256,0,False
FAR52_0098,52.213-4,213,train,11648,256,0,False
FAR52_0098,52.213-4,213,train,11904,256,0,False
FAR52_0098,52.213-4,213,train,12160,256,0,False
FAR52_0098,52.213-4,213,train,12416,256,0,False
FAR52_0098,52.213-4,213,train,12672,256,0,False
FAR52_0098,52.213-4,213,train,12928,256,0,False
FAR52_0098,52.213-4,213,train,13184,256,0,False
FAR52_0098,52.213-4,213,train,13440,256,0,False
FAR52_0098,52.213-4,213,train,13696,256,0,False
FAR52_0098,52.213-4,213,train,13952,256,0,False
FAR52_0098,52.213-4,213,train,14208,256,0,False
FAR52_0098,52.213-4,213,train,14464,256,0,False
FAR52_0098,52.213-4,213,train,14720,256,0,False
FAR52_0098,52.213-4,213,train,14976,256,0,False
FAR52_0098,52.213-4,213,train,15232,256,0,False
FAR52_0098,52.213-4,213,train,15382,256,0,False
FAR52_0098,52.213-4,213,train,15616,22,234,True
FAR52_0099,52.214-3,214,validation,0,256,0,False
FAR52_0099,52.214-3,214,validation,128,256,0,False
FAR52_0099,52.214-3,214,validation,256,256,0,False
FAR52_0099,52.214-3,214,validation,384,256,0,False
FAR52_0099,52.214-3,214,validation,512,256,0,False
FAR52_0099,52.214-3,214,validation,541,256,0,False
FAR52_0099,52.214-3,214,validation,640,157,99,True
FAR52_0099,52.214-3,214,validation,768,29,227,True
FAR52_0100,52.214-4,214,train,0,256,0,False
FAR52_0100,52.214-4,214,train,125,256,0,False
FAR52_0100,52.214-4,214,train,128,253,3,True
FAR52_0100,52.214-4,214,train,256,125,131,True
FAR52_0101,52.214-5,214,train,0,256,0,False
FAR52_0101,52.214-5,214,train,128,256,0,False
FAR52_0101,52.214-5,214,train,256,256,0,False
FAR52_0101,52.214-5,214,train,384,256,0,False
FAR52_0101,52.214-5,214,train,512,256,0,False
FAR52_0101,52.214-5,214,train,640,256,0,False
FAR52_0101,52.214-5,214,train,721,256,0,False
FAR52_0101,52.214-5,214,train,768,209,47,True
FAR52_0101,52.214-5,214,train,896,81,175,True
FAR52_0102,52.214-6,214,train,0,256,0,False
FAR52_0102,52.214-6,214,train,128,256,0,False
FAR52_0102,52.214-6,214,train,256,256,0,False
FAR52_0102,52.214-6,214,train,384,256,0,False
FAR52_0102,52.214-6,214,train,512,256,0,False
FAR52_0102,52.214-6,214,train,546,256,0,False
FAR52_0102,52.214-6,214,train,640,162,94,True
FAR52_0102,52.214-6,214,train,768,34,222,True
FAR52_0103,52.214-7,214,train,0,256,0,False
FAR52_0103,52.214-7,214,train,128,256,0,False
FAR52_0103,52.214-7,214,train,256,256,0,False
FAR52_0103,52.214-7,214,train,384,256,0,False
FAR52_0103,52.214-7,214,train,512,256,0,False
FAR52_0103,52.214-7,214,train,640,256,0,False
FAR52_0103,52.214-7,214,train,768,256,0,False
FAR52_0103,52.214-7,214,train,896,256,0,False
FAR52_0103,52.214-7,214,train,1024,256,0,False
FAR52_0103,52.214-7,214,train,1152,256,0,False
FAR52_0103,52.214-7,214,train,1280,256,0,False
FAR52_0103,52.214-7,214,train,1408,256,0,False
FAR52_0103,52.214-7,214,train,1536,256,0,False
FAR52_0103,52.214-7,214,train,1664,256,0,False
FAR52_0103,52.214-7,214,train,1792,256,0,False
FAR52_0103,52.214-7,214,train,1920,256,0,False
FAR52_0103,52.214-7,214,train,2048,256,0,False
FAR52_0103,52.214-7,214,train,2176,256,0,False
FAR52_0103,52.214-7,214,train,2304,256,0,False
FAR52_0103,52.214-7,214,train,2432,256,0,False
FAR52_0103,52.214-7,214,train,2560,256,0,False
FAR52_0103,52.214-7,214,train,2638,256,0,False
FAR52_0103,52.214-7,214,train,2688,206,50,True
FAR52_0103,52.214-7,214,train,2816,78,178,True
FAR52_0104,52.214-10,214,test,0,256,0,False
FAR52_0104,52.214-10,214,test,128,256,0,False
FAR52_0104,52.214-10,214,test,256,256,0,False
FAR52_0104,52.214-10,214,test,384,256,0,False
FAR52_0104,52.214-10,214,test,512,256,0,False
FAR52_0104,52.214-10,214,test,640,256,0,False
FAR52_0104,52.214-10,214,test,768,256,0,False
FAR52_0104,52.214-10,214,test,896,256,0,False
FAR52_0104,52.214-10,214,test,1024,256,0,False
FAR52_0104,52.214-10,214,test,1152,256,0,False
FAR52_0104,52.214-10,214,test,1280,256,0,False
FAR52_0104,52.214-10,214,test,1408,256,0,False
FAR52_0104,52.214-10,214,test,1536,256,0,False
FAR52_0104,52.214-10,214,test,1586,256,0,False
FAR52_0104,52.214-10,214,test,1664,178,78,True
FAR52_0104,52.214-10,214,test,1792,50,206,True
FAR52_0105,52.214-12,214,train,0,256,0,False
FAR52_0105,52.214-12,214,train,128,256,0,False
FAR52_0105,52.214-12,214,train,256,256,0,False
FAR52_0105,52.214-12,214,train,384,256,0,False
FAR52_0105,52.214-12,214,train,512,256,0,False
FAR52_0105,52.214-12,214,train,640,256,0,False
FAR52_0105,52.214-12,214,train,768,256,0,False
FAR52_0105,52.214-12,214,train,896,256,0,False
FAR52_0105,52.214-12,214,train,1024,256,0,False
FAR52_0105,52.214-12,214,train,1152,256,0,False
FAR52_0105,52.214-12,214,train,1280,256,0,False
FAR52_0105,52.214-12,214,train,1289,256,0,False
FAR52_0105,52.214-12,214,train,1408,137,119,True
FAR52_0105,52.214-12,214,train,1536,9,247,True
FAR52_0106,52.214-14,214,train,0,256,0,False
FAR52_0106,52.214-14,214,train,128,256,0,False
FAR52_0106,52.214-14,214,train,256,256,0,False
FAR52_0106,52.214-14,214,train,384,256,0,False
FAR52_0106,52.214-14,214,train,512,256,0,False
FAR52_0106,52.214-14,214,train,640,256,0,False
FAR52_0106,52.214-14,214,train,712,256,0,False
FAR52_0106,52.214-14,214,train,768,200,56,True
FAR52_0106,52.214-14,214,train,896,72,184,True
FAR52_0107,52.214-15,214,train,0,256,0,False
FAR52_0107,52.214-15,214,train,128,256,0,False
FAR52_0107,52.214-15,214,train,256,256,0,False
FAR52_0107,52.214-15,214,train,324,256,0,False
FAR52_0107,52.214-15,214,train,384,196,60,True
FAR52_0107,52.214-15,214,train,512,68,188,True
FAR52_0108,52.214-16,214,train,0,256,0,False
FAR52_0108,52.214-16,214,train,128,256,0,False
FAR52_0108,52.214-16,214,train,256,256,0,False
FAR52_0108,52.214-16,214,train,384,256,0,False
FAR52_0108,52.214-16,214,train,512,256,0,False
FAR52_0108,52.214-16,214,train,640,256,0,False
FAR52_0108,52.214-16,214,train,768,256,0,False
FAR52_0108,52.214-16,214,train,896,256,0,False
FAR52_0108,52.214-16,214,train,1024,256,0,False
FAR52_0108,52.214-16,214,train,1100,256,0,False
FAR52_0108,52.214-16,214,train,1152,204,52,True
FAR52_0108,52.214-16,214,train,1280,76,180,True
FAR52_0109,52.214-18,214,train,0,256,0,False
FAR52_0109,52.214-18,214,train,128,256,0,False
FAR52_0109,52.214-18,214,train,256,256,0,False
FAR52_0109,52.214-18,214,train,384,256,0,False
FAR52_0109,52.214-18,214,train,512,256,0,False
FAR52_0109,52.214-18,214,train,640,256,0,False
FAR52_0109,52.214-18,214,train,729,256,0,False
FAR52_0109,52.214-18,214,train,768,217,39,True
FAR52_0109,52.214-18,214,train,896,89,167,True
FAR52_0110,52.214-19,214,train,0,256,0,False
FAR52_0110,52.214-19,214,train,128,256,0,False
FAR52_0110,52.214-19,214,train,256,256,0,False
FAR52_0110,52.214-19,214,train,384,256,0,False
FAR52_0110,52.214-19,214,train,512,256,0,False
FAR52_0110,52.214-19,214,train,640,256,0,False
FAR52_0110,52.214-19,214,train,768,256,0,False
FAR52_0110,52.214-19,214,train,896,256,0,False
FAR52_0110,52.214-19,214,train,1024,256,0,False
FAR52_0110,52.214-19,214,train,1070,256,0,False
FAR52_0110,52.214-19,214,train,1152,174,82,True
FAR52_0110,52.214-19,214,train,1280,46,210,True
FAR52_0111,52.214-20,214,train,0,256,0,False
FAR52_0111,52.214-20,214,train,128,256,0,False
FAR52_0111,52.214-20,214,train,256,256,0,False
FAR52_0111,52.214-20,214,train,384,256,0,False
FAR52_0111,52.214-20,214,train,512,256,0,False
FAR52_0111,52.214-20,214,train,640,256,0,False
FAR52_0111,52.214-20,214,train,768,256,0,False
FAR52_0111,52.214-20,214,train,896,256,0,False
FAR52_0111,52.214-20,214,train,1024,256,0,False
FAR52_0111,52.214-20,214,train,1152,256,0,False
FAR52_0111,52.214-20,214,train,1280,256,0,False
FAR52_0111,52.214-20,214,train,1408,256,0,False
FAR52_0111,52.214-20,214,train,1536,256,0,False
FAR52_0111,52.214-20,214,train,1664,256,0,False
FAR52_0111,52.214-20,214,train,1792,256,0,False
FAR52_0111,52.214-20,214,train,1920,256,0,False
FAR52_0111,52.214-20,214,train,2048,256,0,False
FAR52_0111,52.214-20,214,train,2176,256,0,False
FAR52_0111,52.214-20,214,train,2304,256,0,False
FAR52_0111,52.214-20,214,train,2432,256,0,False
FAR52_0111,52.214-20,214,train,2560,256,0,False
FAR52_0111,52.214-20,214,train,2688,256,0,False
FAR52_0111,52.214-20,214,train,2816,256,0,False
FAR52_0111,52.214-20,214,train,2871,256,0,False
FAR52_0111,52.214-20,214,train,2944,183,73,True
FAR52_0111,52.214-20,214,train,3072,55,201,True
FAR52_0112,52.214-21,214,validation,0,256,0,False
FAR52_0112,52.214-21,214,validation,128,256,0,False
FAR52_0112,52.214-21,214,validation,256,256,0,False
FAR52_0112,52.214-21,214,validation,384,256,0,False
FAR52_0112,52.214-21,214,validation,512,256,0,False
FAR52_0112,52.214-21,214,validation,640,256,0,False
FAR52_0112,52.214-21,214,validation,768,256,0,False
FAR52_0112,52.214-21,214,validation,896,256,0,False
FAR52_0112,52.214-21,214,validation,1024,256,0,False
FAR52_0112,52.214-21,214,validation,1152,256,0,False
FAR52_0112,52.214-21,214,validation,1280,256,0,False
FAR52_0112,52.214-21,214,validation,1408,256,0,False
FAR52_0112,52.214-21,214,validation,1536,256,0,False
FAR52_0112,52.214-21,214,validation,1664,256,0,False
FAR52_0112,52.214-21,214,validation,1792,256,0,False
FAR52_0112,52.214-21,214,validation,1920,256,0,False
FAR52_0112,52.214-21,214,validation,2048,256,0,False
FAR52_0112,52.214-21,214,validation,2176,256,0,False
FAR52_0112,52.214-21,214,validation,2304,256,0,False
FAR52_0112,52.214-21,214,validation,2432,256,0,False
FAR52_0112,52.214-21,214,validation,2504,256,0,False
FAR52_0112,52.214-21,214,validation,2560,200,56,True
FAR52_0112,52.214-21,214,validation,2688,72,184,True
FAR52_0113,52.214-22,214,test,0,256,0,False
FAR52_0113,52.214-22,214,test,128,256,0,False
FAR52_0113,52.214-22,214,test,256,256,0,False
FAR52_0113,52.214-22,214,test,384,256,0,False
FAR52_0113,52.214-22,214,test,473,256,0,False
FAR52_0113,52.214-22,214,test,512,217,39,True
FAR52_0113,52.214-22,214,test,640,89,167,True
FAR52_0114,52.214-23,214,train,0,256,0,False
FAR52_0114,52.214-23,214,train,128,256,0,False
FAR52_0114,52.214-23,214,train,256,256,0,False
FAR52_0114,52.214-23,214,train,384,256,0,False
FAR52_0114,52.214-23,214,train,512,256,0,False
FAR52_0114,52.214-23,214,train,640,256,0,False
FAR52_0114,52.214-23,214,train,768,256,0,False
FAR52_0114,52.214-23,214,train,896,256,0,False
FAR52_0114,52.214-23,214,train,1024,256,0,False
FAR52_0114,52.214-23,214,train,1152,256,0,False
FAR52_0114,52.214-23,214,train,1280,256,0,False
FAR52_0114,52.214-23,214,train,1408,256,0,False
FAR52_0114,52.214-23,214,train,1536,256,0,False
FAR52_0114,52.214-23,214,train,1664,256,0,False
FAR52_0114,52.214-23,214,train,1792,256,0,False
FAR52_0114,52.214-23,214,train,1920,256,0,False
FAR52_0114,52.214-23,214,train,2048,256,0,False
FAR52_0114,52.214-23,214,train,2176,256,0,False
FAR52_0114,52.214-23,214,train,2304,256,0,False
FAR52_0114,52.214-23,214,train,2432,256,0,False
FAR52_0114,52.214-23,214,train,2560,256,0,False
FAR52_0114,52.214-23,214,train,2688,256,0,False
FAR52_0114,52.214-23,214,train,2816,256,0,False
FAR52_0114,52.214-23,214,train,2944,256,0,False
FAR52_0114,52.214-23,214,train,3072,256,0,False
FAR52_0114,52.214-23,214,train,3200,256,0,False
FAR52_0114,52.214-23,214,train,3277,256,0,False
FAR52_0114,52.214-23,214,train,3328,205,51,True
FAR52_0114,52.214-23,214,train,3456,77,179,True
FAR52_0115,52.214-24,214,train,0,256,0,False
FAR52_0115,52.214-24,214,train,128,256,0,False
FAR52_0115,52.214-24,214,train,188,256,0,False
FAR52_0115,52.214-24,214,train,256,188,68,True
FAR52_0115,52.214-24,214,train,384,60,196,True
FAR52_0116,52.214-25,214,train,0,256,0,False
FAR52_0116,52.214-25,214,train,128,256,0,False
FAR52_0116,52.214-25,214,train,256,256,0,False
FAR52_0116,52.214-25,214,train,384,256,0,False
FAR52_0116,52.214-25,214,train,512,256,0,False
FAR52_0116,52.214-25,214,train,598,256,0,False
FAR52_0116,52.214-25,214,train,640,214,42,True
FAR52_0116,52.214-25,214,train,768,86,170,True
FAR52_0117,52.214-26,214,train,0,256,0,False
FAR52_0117,52.214-26,214,train,128,256,0,False
FAR52_0117,52.214-26,214,train,256,256,0,False
FAR52_0117,52.214-26,214,train,384,256,0,False
FAR52_0117,52.214-26,214,train,512,256,0,False
FAR52_0117,52.214-26,214,train,640,256,0,False
FAR52_0117,52.214-26,214,train,768,256,0,False
FAR52_0117,52.214-26,214,train,896,256,0,False
FAR52_0117,52.214-26,214,train,1024,256,0,False
FAR52_0117,52.214-26,214,train,1152,256,0,False
FAR52_0117,52.214-26,214,train,1280,256,0,False
FAR52_0117,52.214-26,214,train,1408,256,0,False
FAR52_0117,52.214-26,214,train,1536,256,0,False
FAR52_0117,52.214-26,214,train,1664,256,0,False
FAR52_0117,52.214-26,214,train,1792,256,0,False
FAR52_0117,52.214-26,214,train,1920,256,0,False
FAR52_0117,52.214-26,214,train,2048,256,0,False
FAR52_0117,52.214-26,214,train,2176,256,0,False
FAR52_0117,52.214-26,214,train,2304,256,0,False
FAR52_0117,52.214-26,214,train,2432,256,0,False
FAR52_0117,52.214-26,214,train,2560,256,0,False
FAR52_0117,52.214-26,214,train,2688,256,0,False
FAR52_0117,52.214-26,214,train,2816,256,0,False
FAR52_0117,52.214-26,214,train,2944,256,0,False
FAR52_0117,52.214-26,214,train,3072,256,0,False
FAR52_0117,52.214-26,214,train,3200,256,0,False
FAR52_0117,52.214-26,214,train,3328,256,0,False
FAR52_0117,52.214-26,214,train,3351,256,0,False
FAR52_0117,52.214-26,214,train,3456,151,105,True
FAR52_0117,52.214-26,214,train,3584,23,233,True
FAR52_0118,52.214-27,214,train,0,256,0,False
FAR52_0118,52.214-27,214,train,128,256,0,False
FAR52_0118,52.214-27,214,train,256,256,0,False
FAR52_0118,52.214-27,214,train,384,256,0,False
FAR52_0118,52.214-27,214,train,512,256,0,False
FAR52_0118,52.214-27,214,train,640,256,0,False
FAR52_0118,52.214-27,214,train,768,256,0,False
FAR52_0118,52.214-27,214,train,896,256,0,False
FAR52_0118,52.214-27,214,train,1024,256,0,False
FAR52_0118,52.214-27,214,train,1152,256,0,False
FAR52_0118,52.214-27,214,train,1280,256,0,False
FAR52_0118,52.214-27,214,train,1408,256,0,False
FAR52_0118,52.214-27,214,train,1536,256,0,False
FAR52_0118,52.214-27,214,train,1664,256,0,False
FAR52_0118,52.214-27,214,train,1792,256,0,False
FAR52_0118,52.214-27,214,train,1920,256,0,False
FAR52_0118,52.214-27,214,train,2048,256,0,False
FAR52_0118,52.214-27,214,train,2176,256,0,False
FAR52_0118,52.214-27,214,train,2304,256,0,False
FAR52_0118,52.214-27,214,train,2432,256,0,False
FAR52_0118,52.214-27,214,train,2560,256,0,False
FAR52_0118,52.214-27,214,train,2688,256,0,False
FAR52_0118,52.214-27,214,train,2816,256,0,False
FAR52_0118,52.214-27,214,train,2944,256,0,False
FAR52_0118,52.214-27,214,train,3072,256,0,False
FAR52_0118,52.214-27,214,train,3200,256,0,False
FAR52_0118,52.214-27,214,train,3328,256,0,False
FAR52_0118,52.214-27,214,train,3456,256,0,False
FAR52_0118,52.214-27,214,train,3584,256,0,False
FAR52_0118,52.214-27,214,train,3712,256,0,False
FAR52_0118,52.214-27,214,train,3840,256,0,False
FAR52_0118,52.214-27,214,train,3968,256,0,False
FAR52_0118,52.214-27,214,train,4096,256,0,False
FAR52_0118,52.214-27,214,train,4224,256,0,False
FAR52_0118,52.214-27,214,train,4352,256,0,False
FAR52_0118,52.214-27,214,train,4480,256,0,False
FAR52_0118,52.214-27,214,train,4608,256,0,False
FAR52_0118,52.214-27,214,train,4736,256,0,False
FAR52_0118,52.214-27,214,train,4841,256,0,False
FAR52_0118,52.214-27,214,train,4864,233,23,True
FAR52_0118,52.214-27,214,train,4992,105,151,True
FAR52_0119,52.214-28,214,train,0,256,0,False
FAR52_0119,52.214-28,214,train,128,256,0,False
FAR52_0119,52.214-28,214,train,256,256,0,False
FAR52_0119,52.214-28,214,train,384,256,0,False
FAR52_0119,52.214-28,214,train,512,256,0,False
FAR52_0119,52.214-28,214,train,640,256,0,False
FAR52_0119,52.214-28,214,train,768,256,0,False
FAR52_0119,52.214-28,214,train,896,256,0,False
FAR52_0119,52.214-28,214,train,1024,256,0,False
FAR52_0119,52.214-28,214,train,1152,256,0,False
FAR52_0119,52.214-28,214,train,1280,256,0,False
FAR52_0119,52.214-28,214,train,1408,256,0,False
FAR52_0119,52.214-28,214,train,1536,256,0,False
FAR52_0119,52.214-28,214,train,1664,256,0,False
FAR52_0119,52.214-28,214,train,1792,256,0,False
FAR52_0119,52.214-28,214,train,1920,256,0,False
FAR52_0119,52.214-28,214,train,2048,256,0,False
FAR52_0119,52.214-28,214,train,2176,256,0,False
FAR52_0119,52.214-28,214,train,2304,256,0,False
FAR52_0119,52.214-28,214,train,2432,256,0,False
FAR52_0119,52.214-28,214,train,2560,256,0,False
FAR52_0119,52.214-28,214,train,2688,256,0,False
FAR52_0119,52.214-28,214,train,2816,256,0,False
FAR52_0119,52.214-28,214,train,2944,256,0,False
FAR52_0119,52.214-28,214,train,3072,256,0,False
FAR52_0119,52.214-28,214,train,3200,256,0,False
FAR52_0119,52.214-28,214,train,3328,256,0,False
FAR52_0119,52.214-28,214,train,3456,256,0,False
FAR52_0119,52.214-28,214,train,3537,256,0,False
FAR52_0119,52.214-28,214,train,3584,209,47,True
FAR52_0119,52.214-28,214,train,3712,81,175,True
FAR52_0120,52.214-29,214,train,0,256,0,False
FAR52_0120,52.214-29,214,train,128,256,0,False
FAR52_0120,52.214-29,214,train,217,256,0,False
FAR52_0120,52.214-29,214,train,256,217,39,True
FAR52_0120,52.214-29,214,train,384,89,167,True
FAR52_0121,52.214-31,214,train,0,256,0,False
FAR52_0121,52.214-31,214,train,128,256,0,False
FAR52_0121,52.214-31,214,train,256,256,0,False
FAR52_0121,52.214-31,214,train,384,256,0,False
FAR52_0121,52.214-31,214,train,512,256,0,False
FAR52_0121,52.214-31,214,train,640,256,0,False
FAR52_0121,52.214-31,214,train,768,256,0,False
FAR52_0121,52.214-31,214,train,896,256,0,False
FAR52_0121,52.214-31,214,train,1024,256,0,False
FAR52_0121,52.214-31,214,train,1152,256,0,False
FAR52_0121,52.214-31,214,train,1280,256,0,False
FAR52_0121,52.214-31,214,train,1408,256,0,False
FAR52_0121,52.214-31,214,train,1536,256,0,False
FAR52_0121,52.214-31,214,train,1664,256,0,False
FAR52_0121,52.214-31,214,train,1792,128,128,True
FAR52_0122,52.214-34,214,train,0,256,0,False
FAR52_0122,52.214-34,214,train,79,256,0,False
FAR52_0122,52.214-34,214,train,128,207,49,True
FAR52_0122,52.214-34,214,train,256,79,177,True
FAR52_0123,52.214-35,214,validation,0,256,0,False
FAR52_0123,52.214-35,214,validation,71,256,0,False
FAR52_0123,52.214-35,214,validation,128,199,57,True
FAR52_0123,52.214-35,214,validation,256,71,185,True
FAR52_0124,52.215-1,215,train,0,256,0,False
FAR52_0124,52.215-1,215,train,128,256,0,False
FAR52_0124,52.215-1,215,train,384,256,0,False
FAR52_0124,52.215-1,215,train,512,256,0,False
FAR52_0124,52.215-1,215,train,768,256,0,False
FAR52_0124,52.215-1,215,train,1024,256,0,False
FAR52_0124,52.215-1,215,train,1152,256,0,False
FAR52_0124,52.215-1,215,train,1408,256,0,False
FAR52_0124,52.215-1,215,train,1664,256,0,False
FAR52_0124,52.215-1,215,train,1792,256,0,False
FAR52_0124,52.215-1,215,train,2048,256,0,False
FAR52_0124,52.215-1,215,train,2304,256,0,False
FAR52_0124,52.215-1,215,train,2432,256,0,False
FAR52_0124,52.215-1,215,train,2688,256,0,False
FAR52_0124,52.215-1,215,train,2944,256,0,False
FAR52_0124,52.215-1,215,train,3072,256,0,False
FAR52_0124,52.215-1,215,train,3328,256,0,False
FAR52_0124,52.215-1,215,train,3584,256,0,False
FAR52_0124,52.215-1,215,train,3712,256,0,False
FAR52_0124,52.215-1,215,train,3968,256,0,False
FAR52_0124,52.215-1,215,train,4224,256,0,False
FAR52_0124,52.215-1,215,train,4352,256,0,False
FAR52_0124,52.215-1,215,train,4608,256,0,False
FAR52_0124,52.215-1,215,train,4736,256,0,False
FAR52_0124,52.215-1,215,train,4992,256,0,False
FAR52_0124,52.215-1,215,train,5248,256,0,False
FAR52_0124,52.215-1,215,train,5376,256,0,False
FAR52_0124,52.215-1,215,train,5632,256,0,False
FAR52_0124,52.215-1,215,train,5888,256,0,False
FAR52_0124,52.215-1,215,train,6016,256,0,False
FAR52_0124,52.215-1,215,train,6272,256,0,False
FAR52_0124,52.215-1,215,train,6528,256,0,False
FAR52_0124,52.215-1,215,train,6656,256,0,False
FAR52_0124,52.215-1,215,train,6912,256,0,False
FAR52_0124,52.215-1,215,train,7168,256,0,False
FAR52_0124,52.215-1,215,train,7296,256,0,False
FAR52_0124,52.215-1,215,train,7552,256,0,False
FAR52_0124,52.215-1,215,train,7808,256,0,False
FAR52_0124,52.215-1,215,train,7936,256,0,False
FAR52_0124,52.215-1,215,train,8192,256,0,False
FAR52_0124,52.215-1,215,train,8448,256,0,False
FAR52_0124,52.215-1,215,train,8576,256,0,False
FAR52_0124,52.215-1,215,train,8832,256,0,False
FAR52_0124,52.215-1,215,train,8960,256,0,False
FAR52_0124,52.215-1,215,train,9216,256,0,False
FAR52_0124,52.215-1,215,train,9472,256,0,False
FAR52_0124,52.215-1,215,train,9600,256,0,False
FAR52_0124,52.215-1,215,train,9856,256,0,False
FAR52_0124,52.215-1,215,train,10112,256,0,False
FAR52_0124,52.215-1,215,train,10240,256,0,False
FAR52_0124,52.215-1,215,train,10496,256,0,False
FAR52_0124,52.215-1,215,train,10752,256,0,False
FAR52_0124,52.215-1,215,train,10880,256,0,False
FAR52_0124,52.215-1,215,train,11136,256,0,False
FAR52_0124,52.215-1,215,train,11392,256,0,False
FAR52_0124,52.215-1,215,train,11520,256,0,False
FAR52_0124,52.215-1,215,train,11776,256,0,False
FAR52_0124,52.215-1,215,train,12032,256,0,False
FAR52_0124,52.215-1,215,train,12160,256,0,False
FAR52_0124,52.215-1,215,train,12416,256,0,False
FAR52_0124,52.215-1,215,train,12672,256,0,False
FAR52_0124,52.215-1,215,train,12800,256,0,False
FAR52_0124,52.215-1,215,train,12963,256,0,False
FAR52_0124,52.215-1,215,train,13184,35,221,True
FAR52_0125,52.215-2,215,validation,0,256,0,False
FAR52_0125,52.215-2,215,validation,128,256,0,False
FAR52_0125,52.215-2,215,validation,256,256,0,False
FAR52_0125,52.215-2,215,validation,384,256,0,False
FAR52_0125,52.215-2,215,validation,512,256,0,False
FAR52_0125,52.215-2,215,validation,640,256,0,False
FAR52_0125,52.215-2,215,validation,768,256,0,False
FAR52_0125,52.215-2,215,validation,896,256,0,False
FAR52_0125,52.215-2,215,validation,1024,256,0,False
FAR52_0125,52.215-2,215,validation,1152,256,0,False
FAR52_0125,52.215-2,215,validation,1280,256,0,False
FAR52_0125,52.215-2,215,validation,1408,256,0,False
FAR52_0125,52.215-2,215,validation,1536,256,0,False
FAR52_0125,52.215-2,215,validation,1664,256,0,False
FAR52_0125,52.215-2,215,validation,1792,256,0,False
FAR52_0125,52.215-2,215,validation,1920,256,0,False
FAR52_0125,52.215-2,215,validation,2048,256,0,False
FAR52_0125,52.215-2,215,validation,2176,256,0,False
FAR52_0125,52.215-2,215,validation,2304,256,0,False
FAR52_0125,52.215-2,215,validation,2432,256,0,False
FAR52_0125,52.215-2,215,validation,2560,256,0,False
FAR52_0125,52.215-2,215,validation,2688,256,0,False
FAR52_0125,52.215-2,215,validation,2816,256,0,False
FAR52_0125,52.215-2,215,validation,2944,256,0,False
FAR52_0125,52.215-2,215,validation,3072,256,0,False
FAR52_0125,52.215-2,215,validation,3200,256,0,False
FAR52_0125,52.215-2,215,validation,3328,256,0,False
FAR52_0125,52.215-2,215,validation,3456,256,0,False
FAR52_0125,52.215-2,215,validation,3584,256,0,False
FAR52_0125,52.215-2,215,validation,3712,256,0,False
FAR52_0125,52.215-2,215,validation,3840,256,0,False
FAR52_0125,52.215-2,215,validation,3968,256,0,False
FAR52_0125,52.215-2,215,validation,4096,256,0,False
FAR52_0125,52.215-2,215,validation,4224,256,0,False
FAR52_0125,52.215-2,215,validation,4352,256,0,False
FAR52_0125,52.215-2,215,validation,4480,256,0,False
FAR52_0125,52.215-2,215,validation,4608,256,0,False
FAR52_0125,52.215-2,215,validation,4736,256,0,False
FAR52_0125,52.215-2,215,validation,4864,256,0,False
FAR52_0125,52.215-2,215,validation,4992,256,0,False
FAR52_0125,52.215-2,215,validation,5120,256,0,False
FAR52_0125,52.215-2,215,validation,5248,256,0,False
FAR52_0125,52.215-2,215,validation,5376,256,0,False
FAR52_0125,52.215-2,215,validation,5504,256,0,False
FAR52_0125,52.215-2,215,validation,5632,256,0,False
FAR52_0125,52.215-2,215,validation,5760,256,0,False
FAR52_0125,52.215-2,215,validation,5888,256,0,False
FAR52_0125,52.215-2,215,validation,6016,256,0,False
FAR52_0125,52.215-2,215,validation,6144,256,0,False
FAR52_0125,52.215-2,215,validation,6272,256,0,False
FAR52_0125,52.215-2,215,validation,6400,256,0,False
FAR52_0125,52.215-2,215,validation,6528,256,0,False
FAR52_0125,52.215-2,215,validation,6656,256,0,False
FAR52_0125,52.215-2,215,validation,6784,256,0,False
FAR52_0125,52.215-2,215,validation,6912,256,0,False
FAR52_0125,52.215-2,215,validation,6948,256,0,False
FAR52_0125,52.215-2,215,validation,7040,164,92,True
FAR52_0125,52.215-2,215,validation,7168,36,220,True
FAR52_0126,52.215-3,215,test,0,256,0,False
FAR52_0126,52.215-3,215,test,128,256,0,False
FAR52_0126,52.215-3,215,test,256,256,0,False
FAR52_0126,52.215-3,215,test,384,256,0,False
FAR52_0126,52.215-3,215,test,512,256,0,False
FAR52_0126,52.215-3,215,test,522,256,0,False
FAR52_0126,52.215-3,215,test,640,138,118,True
FAR52_0126,52.215-3,215,test,768,10,246,True
FAR52_0127,52.215-5,215,train,0,256,0,False
FAR52_0127,52.215-5,215,train,128,256,0,False
FAR52_0127,52.215-5,215,train,256,256,0,False
FAR52_0127,52.215-5,215,train,384,256,0,False
FAR52_0127,52.215-5,215,train,512,256,0,False
FAR52_0127,52.215-5,215,train,640,256,0,False
FAR52_0127,52.215-5,215,train,768,256,0,False
FAR52_0127,52.215-5,215,train,896,256,0,False
FAR52_0127,52.215-5,215,train,1024,256,0,False
FAR52_0127,52.215-5,215,train,1152,256,0,False
FAR52_0127,52.215-5,215,train,1280,256,0,False
FAR52_0127,52.215-5,215,train,1352,256,0,False
FAR52_0127,52.215-5,215,train,1408,200,56,True
FAR52_0127,52.215-5,215,train,1536,72,184,True
FAR52_0128,52.215-6,215,train,0,256,0,False
FAR52_0128,52.215-6,215,train,128,256,0,False
FAR52_0128,52.215-6,215,train,256,256,0,False
FAR52_0128,52.215-6,215,train,384,256,0,False
FAR52_0128,52.215-6,215,train,512,256,0,False
FAR52_0128,52.215-6,215,train,640,256,0,False
FAR52_0128,52.215-6,215,train,768,256,0,False
FAR52_0128,52.215-6,215,train,896,128,128,True
FAR52_0129,52.215-8,215,train,0,256,0,False
FAR52_0129,52.215-8,215,train,128,256,0,False
FAR52_0129,52.215-8,215,train,228,256,0,False
FAR52_0129,52.215-8,215,train,256,228,28,True
FAR52_0129,52.215-8,215,train,384,100,156,True
FAR52_0130,52.215-9,215,train,0,256,0,False
FAR52_0130,52.215-9,215,train,128,256,0,False
FAR52_0130,52.215-9,215,train,256,256,0,False
FAR52_0130,52.215-9,215,train,384,256,0,False
FAR52_0130,52.215-9,215,train,512,256,0,False
FAR52_0130,52.215-9,215,train,640,256,0,False
FAR52_0130,52.215-9,215,train,768,256,0,False
FAR52_0130,52.215-9,215,train,896,256,0,False
FAR52_0130,52.215-9,215,train,1024,256,0,False
FAR52_0130,52.215-9,215,train,1152,256,0,False
FAR52_0130,52.215-9,215,train,1280,256,0,False
FAR52_0130,52.215-9,215,train,1408,256,0,False
FAR52_0130,52.215-9,215,train,1536,256,0,False
FAR52_0130,52.215-9,215,train,1664,256,0,False
FAR52_0130,52.215-9,215,train,1792,256,0,False
FAR52_0130,52.215-9,215,train,1920,256,0,False
FAR52_0130,52.215-9,215,train,2048,256,0,False
FAR52_0130,52.215-9,215,train,2176,256,0,False
FAR52_0130,52.215-9,215,train,2304,256,0,False
FAR52_0130,52.215-9,215,train,2356,256,0,False
FAR52_0130,52.215-9,215,train,2432,180,76,True
FAR52_0130,52.215-9,215,train,2560,52,204,True
FAR52_0131,52.215-10,215,train,0,256,0,False
FAR52_0131,52.215-10,215,train,128,256,0,False
FAR52_0131,52.215-10,215,train,256,256,0,False
FAR52_0131,52.215-10,215,train,384,256,0,False
FAR52_0131,52.215-10,215,train,512,256,0,False
FAR52_0131,52.215-10,215,train,640,256,0,False
FAR52_0131,52.215-10,215,train,768,256,0,False
FAR52_0131,52.215-10,215,train,896,256,0,False
FAR52_0131,52.215-10,215,train,1024,256,0,False
FAR52_0131,52.215-10,215,train,1152,256,0,False
FAR52_0131,52.215-10,215,train,1280,256,0,False
FAR52_0131,52.215-10,215,train,1408,256,0,False
FAR52_0131,52.215-10,215,train,1536,256,0,False
FAR52_0131,52.215-10,215,train,1664,256,0,False
FAR52_0131,52.215-10,215,train,1792,256,0,False
FAR52_0131,52.215-10,215,train,1920,256,0,False
FAR52_0131,52.215-10,215,train,2048,256,0,False
FAR52_0131,52.215-10,215,train,2176,256,0,False
FAR52_0131,52.215-10,215,train,2304,256,0,False
FAR52_0131,52.215-10,215,train,2432,256,0,False
FAR52_0131,52.215-10,215,train,2560,256,0,False
FAR52_0131,52.215-10,215,train,2688,256,0,False
FAR52_0131,52.215-10,215,train,2816,256,0,False
FAR52_0131,52.215-10,215,train,2944,256,0,False
FAR52_0131,52.215-10,215,train,3072,256,0,False
FAR52_0131,52.215-10,215,train,3200,256,0,False
FAR52_0131,52.215-10,215,train,3328,256,0,False
FAR52_0131,52.215-10,215,train,3456,256,0,False
FAR52_0131,52.215-10,215,train,3584,256,0,False
FAR52_0131,52.215-10,215,train,3712,256,0,False
FAR52_0131,52.215-10,215,train,3840,256,0,False
FAR52_0131,52.215-10,215,train,3968,256,0,False
FAR52_0131,52.215-10,215,train,4096,256,0,False
FAR52_0131,52.215-10,215,train,4224,256,0,False
FAR52_0131,52.215-10,215,train,4254,256,0,False
FAR52_0131,52.215-10,215,train,4352,158,98,True
FAR52_0131,52.215-10,215,train,4480,30,226,True
FAR52_0132,52.215-11,215,test,0,256,0,False
FAR52_0132,52.215-11,215,test,128,256,0,False
FAR52_0132,52.215-11,215,test,256,256,0,False
FAR52_0132,52.215-11,215,test,384,256,0,False
FAR52_0132,52.215-11,215,test,512,256,0,False
FAR52_0132,52.215-11,215,test,640,256,0,False
FAR52_0132,52.215-11,215,test,768,256,0,False
FAR52_0132,52.215-11,215,test,896,256,0,False
FAR52_0132,52.215-11,215,test,1024,256,0,False
FAR52_0132,52.215-11,215,test,1152,256,0,False
FAR52_0132,52.215-11,215,test,1280,256,0,False
FAR52_0132,52.215-11,215,test,1408,256,0,False
FAR52_0132,52.215-11,215,test,1536,256,0,False
FAR52_0132,52.215-11,215,test,1664,256,0,False
FAR52_0132,52.215-11,215,test,1792,256,0,False
FAR52_0132,52.215-11,215,test,1920,256,0,False
FAR52_0132,52.215-11,215,test,2048,256,0,False
FAR52_0132,52.215-11,215,test,2176,256,0,False
FAR52_0132,52.215-11,215,test,2304,256,0,False
FAR52_0132,52.215-11,215,test,2432,256,0,False
FAR52_0132,52.215-11,215,test,2560,256,0,False
FAR52_0132,52.215-11,215,test,2688,256,0,False
FAR52_0132,52.215-11,215,test,2816,256,0,False
FAR52_0132,52.215-11,215,test,2944,256,0,False
FAR52_0132,52.215-11,215,test,3072,256,0,False
FAR52_0132,52.215-11,215,test,3200,256,0,False
FAR52_0132,52.215-11,215,test,3328,256,0,False
FAR52_0132,52.215-11,215,test,3456,256,0,False
FAR52_0132,52.215-11,215,test,3584,256,0,False
FAR52_0132,52.215-11,215,test,3712,256,0,False
FAR52_0132,52.215-11,215,test,3840,256,0,False
FAR52_0132,52.215-11,215,test,3968,256,0,False
FAR52_0132,52.215-11,215,test,4096,256,0,False
FAR52_0132,52.215-11,215,test,4224,256,0,False
FAR52_0132,52.215-11,215,test,4352,256,0,False
FAR52_0132,52.215-11,215,test,4480,256,0,False
FAR52_0132,52.215-11,215,test,4608,256,0,False
FAR52_0132,52.215-11,215,test,4736,256,0,False
FAR52_0132,52.215-11,215,test,4864,256,0,False
FAR52_0132,52.215-11,215,test,4885,256,0,False
FAR52_0132,52.215-11,215,test,4992,149,107,True
FAR52_0132,52.215-11,215,test,5120,21,235,True
FAR52_0133,52.215-12,215,train,0,256,0,False
FAR52_0133,52.215-12,215,train,128,256,0,False
FAR52_0133,52.215-12,215,train,256,256,0,False
FAR52_0133,52.215-12,215,train,384,256,0,False
FAR52_0133,52.215-12,215,train,512,256,0,False
FAR52_0133,52.215-12,215,train,640,256,0,False
FAR52_0133,52.215-12,215,train,768,256,0,False
FAR52_0133,52.215-12,215,train,896,256,0,False
FAR52_0133,52.215-12,215,train,1024,256,0,False
FAR52_0133,52.215-12,215,train,1152,256,0,False
FAR52_0133,52.215-12,215,train,1280,256,0,False
FAR52_0133,52.215-12,215,train,1408,256,0,False
FAR52_0133,52.215-12,215,train,1536,256,0,False
FAR52_0133,52.215-12,215,train,1664,256,0,False
FAR52_0133,52.215-12,215,train,1792,256,0,False
FAR52_0133,52.215-12,215,train,1920,256,0,False
FAR52_0133,52.215-12,215,train,2048,256,0,False
FAR52_0133,52.215-12,215,train,2176,256,0,False
FAR52_0133,52.215-12,215,train,2304,256,0,False
FAR52_0133,52.215-12,215,train,2432,256,0,False
FAR52_0133,52.215-12,215,train,2560,256,0,False
FAR52_0133,52.215-12,215,train,2688,256,0,False
FAR52_0133,52.215-12,215,train,2816,256,0,False
FAR52_0133,52.215-12,215,train,2944,256,0,False
FAR52_0133,52.215-12,215,train,3072,256,0,False
FAR52_0133,52.215-12,215,train,3112,256,0,False
FAR52_0133,52.215-12,215,train,3200,168,88,True
FAR52_0133,52.215-12,215,train,3328,40,216,True
FAR52_0134,52.215-13,215,train,0,256,0,False
FAR52_0134,52.215-13,215,train,128,256,0,False
FAR52_0134,52.215-13,215,train,256,256,0,False
FAR52_0134,52.215-13,215,train,384,256,0,False
FAR52_0134,52.215-13,215,train,512,256,0,False
FAR52_0134,52.215-13,215,train,640,256,0,False
FAR52_0134,52.215-13,215,train,768,256,0,False
FAR52_0134,52.215-13,215,train,896,256,0,False
FAR52_0134,52.215-13,215,train,1024,256,0,False
FAR52_0134,52.215-13,215,train,1152,256,0,False
FAR52_0134,52.215-13,215,train,1280,256,0,False
FAR52_0134,52.215-13,215,train,1408,256,0,False
FAR52_0134,52.215-13,215,train,1536,256,0,False
FAR52_0134,52.215-13,215,train,1664,256,0,False
FAR52_0134,52.215-13,215,train,1792,256,0,False
FAR52_0134,52.215-13,215,train,1920,256,0,False
FAR52_0134,52.215-13,215,train,2048,256,0,False
FAR52_0134,52.215-13,215,train,2176,256,0,False
FAR52_0134,52.215-13,215,train,2304,256,0,False
FAR52_0134,52.215-13,215,train,2432,256,0,False
FAR52_0134,52.215-13,215,train,2560,256,0,False
FAR52_0134,52.215-13,215,train,2688,256,0,False
FAR52_0134,52.215-13,215,train,2816,256,0,False
FAR52_0134,52.215-13,215,train,2944,256,0,False
FAR52_0134,52.215-13,215,train,3072,256,0,False
FAR52_0134,52.215-13,215,train,3200,256,0,False
FAR52_0134,52.215-13,215,train,3328,256,0,False
FAR52_0134,52.215-13,215,train,3456,256,0,False
FAR52_0134,52.215-13,215,train,3584,256,0,False
FAR52_0134,52.215-13,215,train,3712,256,0,False
FAR52_0134,52.215-13,215,train,3761,256,0,False
FAR52_0134,52.215-13,215,train,3840,177,79,True
FAR52_0134,52.215-13,215,train,3968,49,207,True
FAR52_0135,52.215-14,215,validation,0,256,0,False
FAR52_0135,52.215-14,215,validation,128,256,0,False
FAR52_0135,52.215-14,215,validation,256,256,0,False
FAR52_0135,52.215-14,215,validation,384,256,0,False
FAR52_0135,52.215-14,215,validation,512,256,0,False
FAR52_0135,52.215-14,215,validation,640,256,0,False
FAR52_0135,52.215-14,215,validation,768,256,0,False
FAR52_0135,52.215-14,215,validation,896,256,0,False
FAR52_0135,52.215-14,215,validation,1024,256,0,False
FAR52_0135,52.215-14,215,validation,1152,256,0,False
FAR52_0135,52.215-14,215,validation,1280,256,0,False
FAR52_0135,52.215-14,215,validation,1408,256,0,False
FAR52_0135,52.215-14,215,validation,1454,256,0,False
FAR52_0135,52.215-14,215,validation,1536,174,82,True
FAR52_0135,52.215-14,215,validation,1664,46,210,True
FAR52_0136,52.215-15,215,test,0,256,0,False
FAR52_0136,52.215-15,215,test,128,256,0,False
FAR52_0136,52.215-15,215,test,256,256,0,False
FAR52_0136,52.215-15,215,test,384,256,0,False
FAR52_0136,52.215-15,215,test,512,256,0,False
FAR52_0136,52.215-15,215,test,640,256,0,False
FAR52_0136,52.215-15,215,test,768,256,0,False
FAR52_0136,52.215-15,215,test,896,256,0,False
FAR52_0136,52.215-15,215,test,1024,256,0,False
FAR52_0136,52.215-15,215,test,1152,256,0,False
FAR52_0136,52.215-15,215,test,1280,256,0,False
FAR52_0136,52.215-15,215,test,1408,256,0,False
FAR52_0136,52.215-15,215,test,1536,256,0,False
FAR52_0136,52.215-15,215,test,1643,256,0,False
FAR52_0136,52.215-15,215,test,1664,235,21,True
FAR52_0136,52.215-15,215,test,1792,107,149,True
FAR52_0137,52.215-16,215,train,0,256,0,False
FAR52_0137,52.215-16,215,train,128,256,0,False
FAR52_0137,52.215-16,215,train,256,256,0,False
FAR52_0137,52.215-16,215,train,351,256,0,False
FAR52_0137,52.215-16,215,train,384,223,33,True
FAR52_0137,52.215-16,215,train,512,95,161,True
FAR52_0138,52.215-17,215,train,0,256,0,False
FAR52_0138,52.215-17,215,train,85,256,0,False
FAR52_0138,52.215-17,215,train,128,213,43,True
FAR52_0138,52.215-17,215,train,256,85,171,True
FAR52_0139,52.215-18,215,train,0,256,0,False
FAR52_0139,52.215-18,215,train,128,256,0,False
FAR52_0139,52.215-18,215,train,256,256,0,False
FAR52_0139,52.215-18,215,train,384,256,0,False
FAR52_0139,52.215-18,215,train,512,256,0,False
FAR52_0139,52.215-18,215,train,640,256,0,False
FAR52_0139,52.215-18,215,train,768,256,0,False
FAR52_0139,52.215-18,215,train,896,256,0,False
FAR52_0139,52.215-18,215,train,1024,256,0,False
FAR52_0139,52.215-18,215,train,1118,256,0,False
FAR52_0139,52.215-18,215,train,1152,222,34,True
FAR52_0139,52.215-18,215,train,1280,94,162,True
FAR52_0140,52.215-19,215,train,0,256,0,False
FAR52_0140,52.215-19,215,train,128,256,0,False
FAR52_0140,52.215-19,215,train,256,256,0,False
FAR52_0140,52.215-19,215,train,384,256,0,False
FAR52_0140,52.215-19,215,train,512,256,0,False
FAR52_0140,52.215-19,215,train,640,256,0,False
FAR52_0140,52.215-19,215,train,768,256,0,False
FAR52_0140,52.215-19,215,train,896,256,0,False
FAR52_0140,52.215-19,215,train,1024,256,0,False
FAR52_0140,52.215-19,215,train,1152,256,0,False
FAR52_0140,52.215-19,215,train,1232,256,0,False
FAR52_0140,52.215-19,215,train,1280,208,48,True
FAR52_0140,52.215-19,215,train,1408,80,176,True
FAR52_0141,52.215-20,215,train,0,256,0,False
FAR52_0141,52.215-20,215,train,128,256,0,False
FAR52_0141,52.215-20,215,train,256,256,0,False
FAR52_0141,52.215-20,215,train,384,256,0,False
FAR52_0141,52.215-20,215,train,512,256,0,False
FAR52_0141,52.215-20,215,train,640,256,0,False
FAR52_0141,52.215-20,215,train,768,256,0,False
FAR52_0141,52.215-20,215,train,896,256,0,False
FAR52_0141,52.215-20,215,train,1024,256,0,False
FAR52_0141,52.215-20,215,train,1152,256,0,False
FAR52_0141,52.215-20,215,train,1280,256,0,False
FAR52_0141,52.215-20,215,train,1408,256,0,False
FAR52_0141,52.215-20,215,train,1536,256,0,False
FAR52_0141,52.215-20,215,train,1664,256,0,False
FAR52_0141,52.215-20,215,train,1792,256,0,False
FAR52_0141,52.215-20,215,train,1920,256,0,False
FAR52_0141,52.215-20,215,train,2048,256,0,False
FAR52_0141,52.215-20,215,train,2176,256,0,False
FAR52_0141,52.215-20,215,train,2304,256,0,False
FAR52_0141,52.215-20,215,train,2432,256,0,False
FAR52_0141,52.215-20,215,train,2560,256,0,False
FAR52_0141,52.215-20,215,train,2688,256,0,False
FAR52_0141,52.215-20,215,train,2816,256,0,False
FAR52_0141,52.215-20,215,train,2944,256,0,False
FAR52_0141,52.215-20,215,train,3072,256,0,False
FAR52_0141,52.215-20,215,train,3200,256,0,False
FAR52_0141,52.215-20,215,train,3328,256,0,False
FAR52_0141,52.215-20,215,train,3456,256,0,False
FAR52_0141,52.215-20,215,train,3584,256,0,False
FAR52_0141,52.215-20,215,train,3712,256,0,False
FAR52_0141,52.215-20,215,train,3840,256,0,False
FAR52_0141,52.215-20,215,train,3968,256,0,False
FAR52_0141,52.215-20,215,train,4096,256,0,False
FAR52_0141,52.215-20,215,train,4224,256,0,False
FAR52_0141,52.215-20,215,train,4352,256,0,False
FAR52_0141,52.215-20,215,train,4480,256,0,False
FAR52_0141,52.215-20,215,train,4608,256,0,False
FAR52_0141,52.215-20,215,train,4736,256,0,False
FAR52_0141,52.215-20,215,train,4864,256,0,False
FAR52_0141,52.215-20,215,train,4992,256,0,False
FAR52_0141,52.215-20,215,train,5120,256,0,False
FAR52_0141,52.215-20,215,train,5248,256,0,False
FAR52_0141,52.215-20,215,train,5376,256,0,False
FAR52_0141,52.215-20,215,train,5504,256,0,False
FAR52_0141,52.215-20,215,train,5592,256,0,False
FAR52_0141,52.215-20,215,train,5632,216,40,True
FAR52_0141,52.215-20,215,train,5760,88,168,True
FAR52_0142,52.215-21,215,train,0,256,0,False
FAR52_0142,52.215-21,215,train,128,256,0,False
FAR52_0142,52.215-21,215,train,256,256,0,False
FAR52_0142,52.215-21,215,train,384,256,0,False
FAR52_0142,52.215-21,215,train,512,256,0,False
FAR52_0142,52.215-21,215,train,640,256,0,False
FAR52_0142,52.215-21,215,train,768,256,0,False
FAR52_0142,52.215-21,215,train,896,256,0,False
FAR52_0142,52.215-21,215,train,1024,256,0,False
FAR52_0142,52.215-21,215,train,1152,256,0,False
FAR52_0142,52.215-21,215,train,1280,256,0,False
FAR52_0142,52.215-21,215,train,1408,256,0,False
FAR52_0142,52.215-21,215,train,1536,256,0,False
FAR52_0142,52.215-21,215,train,1664,256,0,False
FAR52_0142,52.215-21,215,train,1792,256,0,False
FAR52_0142,52.215-21,215,train,1920,256,0,False
FAR52_0142,52.215-21,215,train,2048,256,0,False
FAR52_0142,52.215-21,215,train,2176,256,0,False
FAR52_0142,52.215-21,215,train,2304,256,0,False
FAR52_0142,52.215-21,215,train,2432,256,0,False
FAR52_0142,52.215-21,215,train,2560,256,0,False
FAR52_0142,52.215-21,215,train,2688,256,0,False
FAR52_0142,52.215-21,215,train,2816,256,0,False
FAR52_0142,52.215-21,215,train,2944,256,0,False
FAR52_0142,52.215-21,215,train,3072,256,0,False
FAR52_0142,52.215-21,215,train,3200,256,0,False
FAR52_0142,52.215-21,215,train,3328,256,0,False
FAR52_0142,52.215-21,215,train,3456,256,0,False
FAR52_0142,52.215-21,215,train,3584,256,0,False
FAR52_0142,52.215-21,215,train,3712,256,0,False
FAR52_0142,52.215-21,215,train,3840,256,0,False
FAR52_0142,52.215-21,215,train,3968,256,0,False
FAR52_0142,52.215-21,215,train,4096,256,0,False
FAR52_0142,52.215-21,215,train,4224,256,0,False
FAR52_0142,52.215-21,215,train,4352,256,0,False
FAR52_0142,52.215-21,215,train,4480,256,0,False
FAR52_0142,52.215-21,215,train,4608,256,0,False
FAR52_0142,52.215-21,215,train,4736,256,0,False
FAR52_0142,52.215-21,215,train,4864,256,0,False
FAR52_0142,52.215-21,215,train,4992,256,0,False
FAR52_0142,52.215-21,215,train,5120,256,0,False
FAR52_0142,52.215-21,215,train,5248,256,0,False
FAR52_0142,52.215-21,215,train,5376,256,0,False
FAR52_0142,52.215-21,215,train,5504,256,0,False
FAR52_0142,52.215-21,215,train,5632,256,0,False
FAR52_0142,52.215-21,215,train,5760,256,0,False
FAR52_0142,52.215-21,215,train,5888,256,0,False
FAR52_0142,52.215-21,215,train,6016,256,0,False
FAR52_0142,52.215-21,215,train,6144,256,0,False
FAR52_0142,52.215-21,215,train,6272,256,0,False
FAR52_0142,52.215-21,215,train,6400,256,0,False
FAR52_0142,52.215-21,215,train,6528,256,0,False
FAR52_0142,52.215-21,215,train,6656,256,0,False
FAR52_0142,52.215-21,215,train,6784,256,0,False
FAR52_0142,52.215-21,215,train,6912,256,0,False
FAR52_0142,52.215-21,215,train,6921,256,0,False
FAR52_0142,52.215-21,215,train,7040,137,119,True
FAR52_0142,52.215-21,215,train,7168,9,247,True
FAR52_0143,52.215-22,215,train,0,256,0,False
FAR52_0143,52.215-22,215,train,128,256,0,False
FAR52_0143,52.215-22,215,train,256,256,0,False
FAR52_0143,52.215-22,215,train,384,256,0,False
FAR52_0143,52.215-22,215,train,512,256,0,False
FAR52_0143,52.215-22,215,train,640,256,0,False
FAR52_0143,52.215-22,215,train,768,256,0,False
FAR52_0143,52.215-22,215,train,896,256,0,False
FAR52_0143,52.215-22,215,train,1024,256,0,False
FAR52_0143,52.215-22,215,train,1152,256,0,False
FAR52_0143,52.215-22,215,train,1280,256,0,False
FAR52_0143,52.215-22,215,train,1408,256,0,False
FAR52_0143,52.215-22,215,train,1536,256,0,False
FAR52_0143,52.215-22,215,train,1607,256,0,False
FAR52_0143,52.215-22,215,train,1664,199,57,True
FAR52_0143,52.215-22,215,train,1792,71,185,True
FAR52_0144,52.215-23,215,train,0,256,0,False
FAR52_0144,52.215-23,215,train,128,256,0,False
FAR52_0144,52.215-23,215,train,256,256,0,False
FAR52_0144,52.215-23,215,train,384,256,0,False
FAR52_0144,52.215-23,215,train,512,256,0,False
FAR52_0144,52.215-23,215,train,640,256,0,False
FAR52_0144,52.215-23,215,train,768,256,0,False
FAR52_0144,52.215-23,215,train,896,256,0,False
FAR52_0144,52.215-23,215,train,1024,256,0,False
FAR52_0144,52.215-23,215,train,1152,256,0,False
FAR52_0144,52.215-23,215,train,1280,256,0,False
FAR52_0144,52.215-23,215,train,1408,256,0,False
FAR52_0144,52.215-23,215,train,1536,256,0,False
FAR52_0144,52.215-23,215,train,1664,256,0,False
FAR52_0144,52.215-23,215,train,1792,256,0,False
FAR52_0144,52.215-23,215,train,1920,256,0,False
FAR52_0144,52.215-23,215,train,2048,256,0,False
FAR52_0144,52.215-23,215,train,2176,256,0,False
FAR52_0144,52.215-23,215,train,2304,256,0,False
FAR52_0144,52.215-23,215,train,2432,256,0,False
FAR52_0144,52.215-23,215,train,2560,256,0,False
FAR52_0144,52.215-23,215,train,2688,256,0,False
FAR52_0144,52.215-23,215,train,2816,256,0,False
FAR52_0144,52.215-23,215,train,2944,256,0,False
FAR52_0144,52.215-23,215,train,3072,256,0,False
FAR52_0144,52.215-23,215,train,3200,256,0,False
FAR52_0144,52.215-23,215,train,3328,256,0,False
FAR52_0144,52.215-23,215,train,3456,256,0,False
FAR52_0144,52.215-23,215,train,3584,256,0,False
FAR52_0144,52.215-23,215,train,3712,256,0,False
FAR52_0144,52.215-23,215,train,3840,256,0,False
FAR52_0144,52.215-23,215,train,3968,256,0,False
FAR52_0144,52.215-23,215,train,4096,256,0,False
FAR52_0144,52.215-23,215,train,4224,256,0,False
FAR52_0144,52.215-23,215,train,4352,256,0,False
FAR52_0144,52.215-23,215,train,4480,256,0,False
FAR52_0144,52.215-23,215,train,4608,256,0,False
FAR52_0144,52.215-23,215,train,4649,256,0,False
FAR52_0144,52.215-23,215,train,4736,169,87,True
FAR52_0144,52.215-23,215,train,4864,41,215,True
FAR52_0145,52.216-1,216,train,0,256,0,False
FAR52_0145,52.216-1,216,train,42,256,0,False
FAR52_0145,52.216-1,216,train,128,170,86,True
FAR52_0145,52.216-1,216,train,256,42,214,True
FAR52_0146,52.216-2,216,train,0,256,0,False
FAR52_0146,52.216-2,216,train,128,256,0,False
FAR52_0146,52.216-2,216,train,256,256,0,False
FAR52_0146,52.216-2,216,train,384,256,0,False
FAR52_0146,52.216-2,216,train,512,256,0,False
FAR52_0146,52.216-2,216,train,640,256,0,False
FAR52_0146,52.216-2,216,train,768,256,0,False
FAR52_0146,52.216-2,216,train,896,256,0,False
FAR52_0146,52.216-2,216,train,1024,256,0,False
FAR52_0146,52.216-2,216,train,1152,256,0,False
FAR52_0146,52.216-2,216,train,1280,256,0,False
FAR52_0146,52.216-2,216,train,1408,256,0,False
FAR52_0146,52.216-2,216,train,1536,256,0,False
FAR52_0146,52.216-2,216,train,1664,256,0,False
FAR52_0146,52.216-2,216,train,1792,256,0,False
FAR52_0146,52.216-2,216,train,1920,256,0,False
FAR52_0146,52.216-2,216,train,2048,256,0,False
FAR52_0146,52.216-2,216,train,2176,256,0,False
FAR52_0146,52.216-2,216,train,2304,256,0,False
FAR52_0146,52.216-2,216,train,2432,256,0,False
FAR52_0146,52.216-2,216,train,2560,256,0,False
FAR52_0146,52.216-2,216,train,2688,256,0,False
FAR52_0146,52.216-2,216,train,2816,256,0,False
FAR52_0146,52.216-2,216,train,2944,256,0,False
FAR52_0146,52.216-2,216,train,3072,256,0,False
FAR52_0146,52.216-2,216,train,3074,256,0,False
FAR52_0146,52.216-2,216,train,3200,130,126,True
FAR52_0146,52.216-2,216,train,3328,2,254,True
FAR52_0147,52.216-3,216,test,0,256,0,False
FAR52_0147,52.216-3,216,test,128,256,0,False
FAR52_0147,52.216-3,216,test,256,256,0,False
FAR52_0147,52.216-3,216,test,384,256,0,False
FAR52_0147,52.216-3,216,test,512,256,0,False
FAR52_0147,52.216-3,216,test,640,256,0,False
FAR52_0147,52.216-3,216,test,768,256,0,False
FAR52_0147,52.216-3,216,test,896,256,0,False
FAR52_0147,52.216-3,216,test,1024,256,0,False
FAR52_0147,52.216-3,216,test,1152,256,0,False
FAR52_0147,52.216-3,216,test,1280,256,0,False
FAR52_0147,52.216-3,216,test,1408,256,0,False
FAR52_0147,52.216-3,216,test,1536,256,0,False
FAR52_0147,52.216-3,216,test,1664,256,0,False
FAR52_0147,52.216-3,216,test,1792,256,0,False
FAR52_0147,52.216-3,216,test,1920,256,0,False
FAR52_0147,52.216-3,216,test,2048,256,0,False
FAR52_0147,52.216-3,216,test,2176,256,0,False
FAR52_0147,52.216-3,216,test,2304,256,0,False
FAR52_0147,52.216-3,216,test,2432,256,0,False
FAR52_0147,52.216-3,216,test,2560,256,0,False
FAR52_0147,52.216-3,216,test,2688,256,0,False
FAR52_0147,52.216-3,216,test,2816,256,0,False
FAR52_0147,52.216-3,216,test,2944,256,0,False
FAR52_0147,52.216-3,216,test,3072,256,0,False
FAR52_0147,52.216-3,216,test,3200,256,0,False
FAR52_0147,52.216-3,216,test,3328,256,0,False
FAR52_0147,52.216-3,216,test,3456,256,0,False
FAR52_0147,52.216-3,216,test,3584,256,0,False
FAR52_0147,52.216-3,216,test,3712,256,0,False
FAR52_0147,52.216-3,216,test,3724,256,0,False
FAR52_0147,52.216-3,216,test,3840,140,116,True
FAR52_0147,52.216-3,216,test,3968,12,244,True
FAR52_0148,52.216-4,216,train,0,256,0,False
FAR52_0148,52.216-4,216,train,128,256,0,False
FAR52_0148,52.216-4,216,train,256,256,0,False
FAR52_0148,52.216-4,216,train,384,256,0,False
FAR52_0148,52.216-4,216,train,512,256,0,False
FAR52_0148,52.216-4,216,train,640,256,0,False
FAR52_0148,52.216-4,216,train,768,256,0,False
FAR52_0148,52.216-4,216,train,896,256,0,False
FAR52_0148,52.216-4,216,train,1024,256,0,False
FAR52_0148,52.216-4,216,train,1152,256,0,False
FAR52_0148,52.216-4,216,train,1280,256,0,False
FAR52_0148,52.216-4,216,train,1408,256,0,False
FAR52_0148,52.216-4,216,train,1536,256,0,False
FAR52_0148,52.216-4,216,train,1664,256,0,False
FAR52_0148,52.216-4,216,train,1792,256,0,False
FAR52_0148,52.216-4,216,train,1920,256,0,False
FAR52_0148,52.216-4,216,train,2048,256,0,False
FAR52_0148,52.216-4,216,train,2176,256,0,False
FAR52_0148,52.216-4,216,train,2304,256,0,False
FAR52_0148,52.216-4,216,train,2432,256,0,False
FAR52_0148,52.216-4,216,train,2560,256,0,False
FAR52_0148,52.216-4,216,train,2688,256,0,False
FAR52_0148,52.216-4,216,train,2816,256,0,False
FAR52_0148,52.216-4,216,train,2944,256,0,False
FAR52_0148,52.216-4,216,train,3072,256,0,False
FAR52_0148,52.216-4,216,train,3200,256,0,False
FAR52_0148,52.216-4,216,train,3328,256,0,False
FAR52_0148,52.216-4,216,train,3456,256,0,False
FAR52_0148,52.216-4,216,train,3584,256,0,False
FAR52_0148,52.216-4,216,train,3697,256,0,False
FAR52_0148,52.216-4,216,train,3712,241,15,True
FAR52_0148,52.216-4,216,train,3840,113,143,True
FAR52_0149,52.216-5,216,train,0,256,0,False
FAR52_0149,52.216-5,216,train,128,256,0,False
FAR52_0149,52.216-5,216,train,256,256,0,False
FAR52_0149,52.216-5,216,train,384,256,0,False
FAR52_0149,52.216-5,216,train,640,256,0,False
FAR52_0149,52.216-5,216,train,768,256,0,False
FAR52_0149,52.216-5,216,train,896,256,0,False
FAR52_0149,52.216-5,216,train,1152,256,0,False
FAR52_0149,52.216-5,216,train,1280,256,0,False
FAR52_0149,52.216-5,216,train,1408,256,0,False
FAR52_0149,52.216-5,216,train,1664,256,0,False
FAR52_0149,52.216-5,216,train,1792,256,0,False
FAR52_0149,52.216-5,216,train,1920,256,0,False
FAR52_0149,52.216-5,216,train,2176,256,0,False
FAR52_0149,52.216-5,216,train,2304,256,0,False
FAR52_0149,52.216-5,216,train,2432,256,0,False
FAR52_0149,52.216-5,216,train,2688,256,0,False
FAR52_0149,52.216-5,216,train,2816,256,0,False
FAR52_0149,52.216-5,216,train,2944,256,0,False
FAR52_0149,52.216-5,216,train,3200,256,0,False
FAR52_0149,52.216-5,216,train,3328,256,0,False
FAR52_0149,52.216-5,216,train,3456,256,0,False
FAR52_0149,52.216-5,216,train,3584,256,0,False
FAR52_0149,52.216-5,216,train,3840,256,0,False
FAR52_0149,52.216-5,216,train,3968,256,0,False
FAR52_0149,52.216-5,216,train,4096,256,0,False
FAR52_0149,52.216-5,216,train,4352,256,0,False
FAR52_0149,52.216-5,216,train,4480,256,0,False
FAR52_0149,52.216-5,216,train,4608,256,0,False
FAR52_0149,52.216-5,216,train,4864,256,0,False
FAR52_0149,52.216-5,216,train,4992,256,0,False
FAR52_0149,52.216-5,216,train,5120,256,0,False
FAR52_0149,52.216-5,216,train,5376,256,0,False
FAR52_0149,52.216-5,216,train,5504,256,0,False
FAR52_0149,52.216-5,216,train,5632,256,0,False
FAR52_0149,52.216-5,216,train,5888,256,0,False
FAR52_0149,52.216-5,216,train,6016,256,0,False
FAR52_0149,52.216-5,216,train,6144,256,0,False
FAR52_0149,52.216-5,216,train,6400,256,0,False
FAR52_0149,52.216-5,216,train,6528,256,0,False
FAR52_0149,52.216-5,216,train,6656,256,0,False
FAR52_0149,52.216-5,216,train,6912,256,0,False
FAR52_0149,52.216-5,216,train,7040,256,0,False
FAR52_0149,52.216-5,216,train,7168,256,0,False
FAR52_0149,52.216-5,216,train,7296,256,0,False
FAR52_0149,52.216-5,216,train,7552,256,0,False
FAR52_0149,52.216-5,216,train,7680,256,0,False
FAR52_0149,52.216-5,216,train,7808,256,0,False
FAR52_0149,52.216-5,216,train,8064,256,0,False
FAR52_0149,52.216-5,216,train,8192,256,0,False
FAR52_0149,52.216-5,216,train,8320,256,0,False
FAR52_0149,52.216-5,216,train,8576,256,0,False
FAR52_0149,52.216-5,216,train,8704,256,0,False
FAR52_0149,52.216-5,216,train,8832,256,0,False
FAR52_0149,52.216-5,216,train,9088,256,0,False
FAR52_0149,52.216-5,216,train,9216,256,0,False
FAR52_0149,52.216-5,216,train,9344,256,0,False
FAR52_0149,52.216-5,216,train,9600,256,0,False
FAR52_0149,52.216-5,216,train,9728,256,0,False
FAR52_0149,52.216-5,216,train,9856,256,0,False
FAR52_0149,52.216-5,216,train,10112,256,0,False
FAR52_0149,52.216-5,216,train,10240,256,0,False
FAR52_0149,52.216-5,216,train,10254,256,0,False
FAR52_0149,52.216-5,216,train,10496,14,242,True
FAR52_0150,52.216-6,216,train,0,256,0,False
FAR52_0150,52.216-6,216,train,128,256,0,False
FAR52_0150,52.216-6,216,train,256,256,0,False
FAR52_0150,52.216-6,216,train,384,256,0,False
FAR52_0150,52.216-6,216,train,512,256,0,False
FAR52_0150,52.216-6,216,train,640,256,0,False
FAR52_0150,52.216-6,216,train,768,256,0,False
FAR52_0150,52.216-6,216,train,896,256,0,False
FAR52_0150,52.216-6,216,train,1024,256,0,False
FAR52_0150,52.216-6,216,train,1152,256,0,False
FAR52_0150,52.216-6,216,train,1280,256,0,False
FAR52_0150,52.216-6,216,train,1408,256,0,False
FAR52_0150,52.216-6,216,train,1536,256,0,False
FAR52_0150,52.216-6,216,train,1664,256,0,False
FAR52_0150,52.216-6,216,train,1792,256,0,False
FAR52_0150,52.216-6,216,train,1920,256,0,False
FAR52_0150,52.216-6,216,train,2048,256,0,False
FAR52_0150,52.216-6,216,train,2176,256,0,False
FAR52_0150,52.216-6,216,train,2304,256,0,False
FAR52_0150,52.216-6,216,train,2432,256,0,False
FAR52_0150,52.216-6,216,train,2560,256,0,False
FAR52_0150,52.216-6,216,train,2688,256,0,False
FAR52_0150,52.216-6,216,train,2816,256,0,False
FAR52_0150,52.216-6,216,train,2944,256,0,False
FAR52_0150,52.216-6,216,train,3072,256,0,False
FAR52_0150,52.216-6,216,train,3200,256,0,False
FAR52_0150,52.216-6,216,train,3328,256,0,False
FAR52_0150,52.216-6,216,train,3456,256,0,False
FAR52_0150,52.216-6,216,train,3584,256,0,False
FAR52_0150,52.216-6,216,train,3712,256,0,False
FAR52_0150,52.216-6,216,train,3840,256,0,False
FAR52_0150,52.216-6,216,train,3968,256,0,False
FAR52_0150,52.216-6,216,train,4096,256,0,False
FAR52_0150,52.216-6,216,train,4224,256,0,False
FAR52_0150,52.216-6,216,train,4352,256,0,False
FAR52_0150,52.216-6,216,train,4480,256,0,False
FAR52_0150,52.216-6,216,train,4608,256,0,False
FAR52_0150,52.216-6,216,train,4736,256,0,False
FAR52_0150,52.216-6,216,train,4864,256,0,False
FAR52_0150,52.216-6,216,train,4992,256,0,False
FAR52_0150,52.216-6,216,train,5120,256,0,False
FAR52_0150,52.216-6,216,train,5248,256,0,False
FAR52_0150,52.216-6,216,train,5376,256,0,False
FAR52_0150,52.216-6,216,train,5504,256,0,False
FAR52_0150,52.216-6,216,train,5632,256,0,False
FAR52_0150,52.216-6,216,train,5760,256,0,False
FAR52_0150,52.216-6,216,train,5888,256,0,False
FAR52_0150,52.216-6,216,train,6016,256,0,False
FAR52_0150,52.216-6,216,train,6144,256,0,False
FAR52_0150,52.216-6,216,train,6272,256,0,False
FAR52_0150,52.216-6,216,train,6400,256,0,False
FAR52_0150,52.216-6,216,train,6528,256,0,False
FAR52_0150,52.216-6,216,train,6656,256,0,False
FAR52_0150,52.216-6,216,train,6784,256,0,False
FAR52_0150,52.216-6,216,train,6838,256,0,False
FAR52_0150,52.216-6,216,train,6912,182,74,True
FAR52_0150,52.216-6,216,train,7040,54,202,True
FAR52_0151,52.216-7,216,train,0,256,0,False
FAR52_0151,52.216-7,216,train,256,256,0,False
FAR52_0151,52.216-7,216,train,512,256,0,False
FAR52_0151,52.216-7,216,train,768,256,0,False
FAR52_0151,52.216-7,216,train,1152,256,0,False
FAR52_0151,52.216-7,216,train,1408,256,0,False
FAR52_0151,52.216-7,216,train,1664,256,0,False
FAR52_0151,52.216-7,216,train,1920,256,0,False
FAR52_0151,52.216-7,216,train,2304,256,0,False
FAR52_0151,52.216-7,216,train,2560,256,0,False
FAR52_0151,52.216-7,216,train,2816,256,0,False
FAR52_0151,52.216-7,216,train,3072,256,0,False
FAR52_0151,52.216-7,216,train,3456,256,0,False
FAR52_0151,52.216-7,216,train,3712,256,0,False
FAR52_0151,52.216-7,216,train,3968,256,0,False
FAR52_0151,52.216-7,216,train,4352,256,0,False
FAR52_0151,52.216-7,216,train,4608,256,0,False
FAR52_0151,52.216-7,216,train,4864,256,0,False
FAR52_0151,52.216-7,216,train,5120,256,0,False
FAR52_0151,52.216-7,216,train,5504,256,0,False
FAR52_0151,52.216-7,216,train,5760,256,0,False
FAR52_0151,52.216-7,216,train,6016,256,0,False
FAR52_0151,52.216-7,216,train,6272,256,0,False
FAR52_0151,52.216-7,216,train,6656,256,0,False
FAR52_0151,52.216-7,216,train,6912,256,0,False
FAR52_0151,52.216-7,216,train,7168,256,0,False
FAR52_0151,52.216-7,216,train,7552,256,0,False
FAR52_0151,52.216-7,216,train,7808,256,0,False
FAR52_0151,52.216-7,216,train,8064,256,0,False
FAR52_0151,52.216-7,216,train,8320,256,0,False
FAR52_0151,52.216-7,216,train,8704,256,0,False
FAR52_0151,52.216-7,216,train,8960,256,0,False
FAR52_0151,52.216-7,216,train,9216,256,0,False
FAR52_0151,52.216-7,216,train,9472,256,0,False
FAR52_0151,52.216-7,216,train,9856,256,0,False
FAR52_0151,52.216-7,216,train,10112,256,0,False
FAR52_0151,52.216-7,216,train,10368,256,0,False
FAR52_0151,52.216-7,216,train,10624,256,0,False
FAR52_0151,52.216-7,216,train,11008,256,0,False
FAR52_0151,52.216-7,216,train,11264,256,0,False
FAR52_0151,52.216-7,216,train,11520,256,0,False
FAR52_0151,52.216-7,216,train,11904,256,0,False
FAR52_0151,52.216-7,216,train,12160,256,0,False
FAR52_0151,52.216-7,216,train,12416,256,0,False
FAR52_0151,52.216-7,216,train,12672,256,0,False
FAR52_0151,52.216-7,216,train,13056,256,0,False
FAR52_0151,52.216-7,216,train,13312,256,0,False
FAR52_0151,52.216-7,216,train,13568,256,0,False
FAR52_0151,52.216-7,216,train,13824,256,0,False
FAR52_0151,52.216-7,216,train,14208,256,0,False
FAR52_0151,52.216-7,216,train,14464,256,0,False
FAR52_0151,52.216-7,216,train,14720,256,0,False
FAR52_0151,52.216-7,216,train,15104,256,0,False
FAR52_0151,52.216-7,216,train,15360,256,0,False
FAR52_0151,52.216-7,216,train,15616,256,0,False
FAR52_0151,52.216-7,216,train,15872,256,0,False
FAR52_0151,52.216-7,216,train,16256,256,0,False
FAR52_0151,52.216-7,216,train,16512,256,0,False
FAR52_0151,52.216-7,216,train,16768,256,0,False
FAR52_0151,52.216-7,216,train,17024,256,0,False
FAR52_0151,52.216-7,216,train,17408,256,0,False
FAR52_0151,52.216-7,216,train,17664,256,0,False
FAR52_0151,52.216-7,216,train,17920,256,0,False
FAR52_0151,52.216-7,216,train,18176,99,157,True
FAR52_0152,52.216-8,216,train,0,256,0,False
FAR52_0152,52.216-8,216,train,128,256,0,False
FAR52_0152,52.216-8,216,train,256,256,0,False
FAR52_0152,52.216-8,216,train,384,256,0,False
FAR52_0152,52.216-8,216,train,512,256,0,False
FAR52_0152,52.216-8,216,train,640,256,0,False
FAR52_0152,52.216-8,216,train,768,256,0,False
FAR52_0152,52.216-8,216,train,886,256,0,False
FAR52_0152,52.216-8,216,train,896,246,10,True
FAR52_0152,52.216-8,216,train,1024,118,138,True
FAR52_0153,52.216-9,216,train,0,256,0,False
FAR52_0153,52.216-9,216,train,128,256,0,False
FAR52_0153,52.216-9,216,train,256,256,0,False
FAR52_0153,52.216-9,216,train,384,256,0,False
FAR52_0153,52.216-9,216,train,512,256,0,False
FAR52_0153,52.216-9,216,train,640,256,0,False
FAR52_0153,52.216-9,216,train,768,256,0,False
FAR52_0153,52.216-9,216,train,896,256,0,False
FAR52_0153,52.216-9,216,train,1024,256,0,False
FAR52_0153,52.216-9,216,train,1107,256,0,False
FAR52_0153,52.216-9,216,train,1152,211,45,True
FAR52_0153,52.216-9,216,train,1280,83,173,True
FAR52_0154,52.216-10,216,train,0,256,0,False
FAR52_0154,52.216-10,216,train,128,256,0,False
FAR52_0154,52.216-10,216,train,256,256,0,False
FAR52_0154,52.216-10,216,train,384,256,0,False
FAR52_0154,52.216-10,216,train,512,256,0,False
FAR52_0154,52.216-10,216,train,640,256,0,False
FAR52_0154,52.216-10,216,train,768,256,0,False
FAR52_0154,52.216-10,216,train,896,256,0,False
FAR52_0154,52.216-10,216,train,1024,256,0,False
FAR52_0154,52.216-10,216,train,1152,256,0,False
FAR52_0154,52.216-10,216,train,1280,256,0,False
FAR52_0154,52.216-10,216,train,1408,256,0,False
FAR52_0154,52.216-10,216,train,1536,256,0,False
FAR52_0154,52.216-10,216,train,1664,256,0,False
FAR52_0154,52.216-10,216,train,1792,256,0,False
FAR52_0154,52.216-10,216,train,1920,256,0,False
FAR52_0154,52.216-10,216,train,2048,256,0,False
FAR52_0154,52.216-10,216,train,2176,256,0,False
FAR52_0154,52.216-10,216,train,2304,256,0,False
FAR52_0154,52.216-10,216,train,2432,256,0,False
FAR52_0154,52.216-10,216,train,2560,256,0,False
FAR52_0154,52.216-10,216,train,2688,256,0,False
FAR52_0154,52.216-10,216,train,2816,256,0,False
FAR52_0154,52.216-10,216,train,2944,256,0,False
FAR52_0154,52.216-10,216,train,3072,256,0,False
FAR52_0154,52.216-10,216,train,3200,256,0,False
FAR52_0154,52.216-10,216,train,3328,256,0,False
FAR52_0154,52.216-10,216,train,3456,256,0,False
FAR52_0154,52.216-10,216,train,3584,256,0,False
FAR52_0154,52.216-10,216,train,3712,256,0,False
FAR52_0154,52.216-10,216,train,3840,256,0,False
FAR52_0154,52.216-10,216,train,3968,256,0,False
FAR52_0154,52.216-10,216,train,4096,256,0,False
FAR52_0154,52.216-10,216,train,4224,256,0,False
FAR52_0154,52.216-10,216,train,4352,256,0,False
FAR52_0154,52.216-10,216,train,4480,256,0,False
FAR52_0154,52.216-10,216,train,4608,256,0,False
FAR52_0154,52.216-10,216,train,4736,256,0,False
FAR52_0154,52.216-10,216,train,4864,256,0,False
FAR52_0154,52.216-10,216,train,4992,256,0,False
FAR52_0154,52.216-10,216,train,5120,256,0,False
FAR52_0154,52.216-10,216,train,5248,256,0,False
FAR52_0154,52.216-10,216,train,5376,256,0,False
FAR52_0154,52.216-10,216,train,5504,256,0,False
FAR52_0154,52.216-10,216,train,5632,256,0,False
FAR52_0154,52.216-10,216,train,5760,256,0,False
FAR52_0154,52.216-10,216,train,5888,256,0,False
FAR52_0154,52.216-10,216,train,5914,256,0,False
FAR52_0154,52.216-10,216,train,6016,154,102,True
FAR52_0154,52.216-10,216,train,6144,26,230,True
FAR52_0155,52.216-11,216,train,0,256,0,False
FAR52_0155,52.216-11,216,train,128,256,0,False
FAR52_0155,52.216-11,216,train,256,256,0,False
FAR52_0155,52.216-11,216,train,384,256,0,False
FAR52_0155,52.216-11,216,train,512,256,0,False
FAR52_0155,52.216-11,216,train,640,256,0,False
FAR52_0155,52.216-11,216,train,768,256,0,False
FAR52_0155,52.216-11,216,train,896,256,0,False
FAR52_0155,52.216-11,216,train,949,256,0,False
FAR52_0155,52.216-11,216,train,1024,181,75,True
FAR52_0155,52.216-11,216,train,1152,53,203,True
FAR52_0156,52.216-12,216,test,0,256,0,False
FAR52_0156,52.216-12,216,test,128,256,0,False
FAR52_0156,52.216-12,216,test,256,256,0,False
FAR52_0156,52.216-12,216,test,384,256,0,False
FAR52_0156,52.216-12,216,test,512,256,0,False
FAR52_0156,52.216-12,216,test,640,256,0,False
FAR52_0156,52.216-12,216,test,768,256,0,False
FAR52_0156,52.216-12,216,test,896,256,0,False
FAR52_0156,52.216-12,216,test,953,256,0,False
FAR52_0156,52.216-12,216,test,1024,185,71,True
FAR52_0156,52.216-12,216,test,1152,57,199,True
FAR52_0157,52.216-15,216,validation,0,256,0,False
FAR52_0157,52.216-15,216,validation,128,256,0,False
FAR52_0157,52.216-15,216,validation,256,256,0,False
FAR52_0157,52.216-15,216,validation,384,256,0,False
FAR52_0157,52.216-15,216,validation,512,256,0,False
FAR52_0157,52.216-15,216,validation,640,256,0,False
FAR52_0157,52.216-15,216,validation,768,256,0,False
FAR52_0157,52.216-15,216,validation,896,256,0,False
FAR52_0157,52.216-15,216,validation,1024,256,0,False
FAR52_0157,52.216-15,216,validation,1152,256,0,False
FAR52_0157,52.216-15,216,validation,1280,256,0,False
FAR52_0157,52.216-15,216,validation,1408,256,0,False
FAR52_0157,52.216-15,216,validation,1536,256,0,False
FAR52_0157,52.216-15,216,validation,1664,256,0,False
FAR52_0157,52.216-15,216,validation,1792,256,0,False
FAR52_0157,52.216-15,216,validation,1920,256,0,False
FAR52_0157,52.216-15,216,validation,2048,256,0,False
FAR52_0157,52.216-15,216,validation,2176,256,0,False
FAR52_0157,52.216-15,216,validation,2304,256,0,False
FAR52_0157,52.216-15,216,validation,2432,256,0,False
FAR52_0157,52.216-15,216,validation,2560,256,0,False
FAR52_0157,52.216-15,216,validation,2688,256,0,False
FAR52_0157,52.216-15,216,validation,2816,256,0,False
FAR52_0157,52.216-15,216,validation,2944,256,0,False
FAR52_0157,52.216-15,216,validation,3053,256,0,False
FAR52_0157,52.216-15,216,validation,3072,237,19,True
FAR52_0157,52.216-15,216,validation,3200,109,147,True
FAR52_0158,52.216-16,216,test,0,256,0,False
FAR52_0158,52.216-16,216,test,128,256,0,False
FAR52_0158,52.216-16,216,test,384,256,0,False
FAR52_0158,52.216-16,216,test,512,256,0,False
FAR52_0158,52.216-16,216,test,768,256,0,False
FAR52_0158,52.216-16,216,test,896,256,0,False
FAR52_0158,52.216-16,216,test,1152,256,0,False
FAR52_0158,52.216-16,216,test,1280,256,0,False
FAR52_0158,52.216-16,216,test,1536,256,0,False
FAR52_0158,52.216-16,216,test,1664,256,0,False
FAR52_0158,52.216-16,216,test,1920,256,0,False
FAR52_0158,52.216-16,216,test,2048,256,0,False
FAR52_0158,52.216-16,216,test,2304,256,0,False
FAR52_0158,52.216-16,216,test,2432,256,0,False
FAR52_0158,52.216-16,216,test,2688,256,0,False
FAR52_0158,52.216-16,216,test,2816,256,0,False
FAR52_0158,52.216-16,216,test,3072,256,0,False
FAR52_0158,52.216-16,216,test,3200,256,0,False
FAR52_0158,52.216-16,216,test,3456,256,0,False
FAR52_0158,52.216-16,216,test,3584,256,0,False
FAR52_0158,52.216-16,216,test,3840,256,0,False
FAR52_0158,52.216-16,216,test,3968,256,0,False
FAR52_0158,52.216-16,216,test,4224,256,0,False
FAR52_0158,52.216-16,216,test,4352,256,0,False
FAR52_0158,52.216-16,216,test,4608,256,0,False
FAR52_0158,52.216-16,216,test,4736,256,0,False
FAR52_0158,52.216-16,216,test,4992,256,0,False
FAR52_0158,52.216-16,216,test,5120,256,0,False
FAR52_0158,52.216-16,216,test,5376,256,0,False
FAR52_0158,52.216-16,216,test,5504,256,0,False
FAR52_0158,52.216-16,216,test,5760,256,0,False
FAR52_0158,52.216-16,216,test,5888,256,0,False
FAR52_0158,52.216-16,216,test,6144,256,0,False
FAR52_0158,52.216-16,216,test,6272,256,0,False
FAR52_0158,52.216-16,216,test,6528,256,0,False
FAR52_0158,52.216-16,216,test,6656,256,0,False
FAR52_0158,52.216-16,216,test,6912,256,0,False
FAR52_0158,52.216-16,216,test,7040,256,0,False
FAR52_0158,52.216-16,216,test,7296,256,0,False
FAR52_0158,52.216-16,216,test,7424,256,0,False
FAR52_0158,52.216-16,216,test,7680,256,0,False
FAR52_0158,52.216-16,216,test,7808,256,0,False
FAR52_0158,52.216-16,216,test,8064,256,0,False
FAR52_0158,52.216-16,216,test,8192,256,0,False
FAR52_0158,52.216-16,216,test,8448,256,0,False
FAR52_0158,52.216-16,216,test,8576,256,0,False
FAR52_0158,52.216-16,216,test,8832,256,0,False
FAR52_0158,52.216-16,216,test,8960,256,0,False
FAR52_0158,52.216-16,216,test,9216,256,0,False
FAR52_0158,52.216-16,216,test,9344,256,0,False
FAR52_0158,52.216-16,216,test,9600,256,0,False
FAR52_0158,52.216-16,216,test,9728,256,0,False
FAR52_0158,52.216-16,216,test,9984,256,0,False
FAR52_0158,52.216-16,216,test,10112,256,0,False
FAR52_0158,52.216-16,216,test,10368,256,0,False
FAR52_0158,52.216-16,216,test,10496,256,0,False
FAR52_0158,52.216-16,216,test,10752,256,0,False
FAR52_0158,52.216-16,216,test,10880,256,0,False
FAR52_0158,52.216-16,216,test,11136,256,0,False
FAR52_0158,52.216-16,216,test,11264,256,0,False
FAR52_0158,52.216-16,216,test,11520,256,0,False
FAR52_0158,52.216-16,216,test,11648,256,0,False
FAR52_0158,52.216-16,216,test,11903,256,0,False
FAR52_0158,52.216-16,216,test,12032,127,129,True
FAR52_0159,52.216-17,216,train,0,256,0,False
FAR52_0159,52.216-17,216,train,256,256,0,False
FAR52_0159,52.216-17,216,train,512,256,0,False
FAR52_0159,52.216-17,216,train,768,256,0,False
FAR52_0159,52.216-17,216,train,1024,256,0,False
FAR52_0159,52.216-17,216,train,1280,256,0,False
FAR52_0159,52.216-17,216,train,1536,256,0,False
FAR52_0159,52.216-17,216,train,1920,256,0,False
FAR52_0159,52.216-17,216,train,2176,256,0,False
FAR52_0159,52.216-17,216,train,2432,256,0,False
FAR52_0159,52.216-17,216,train,2688,256,0,False
FAR52_0159,52.216-17,216,train,2944,256,0,False
FAR52_0159,52.216-17,216,train,3200,256,0,False
FAR52_0159,52.216-17,216,train,3584,256,0,False
FAR52_0159,52.216-17,216,train,3840,256,0,False
FAR52_0159,52.216-17,216,train,4096,256,0,False
FAR52_0159,52.216-17,216,train,4352,256,0,False
FAR52_0159,52.216-17,216,train,4608,256,0,False
FAR52_0159,52.216-17,216,train,4864,256,0,False
FAR52_0159,52.216-17,216,train,5248,256,0,False
FAR52_0159,52.216-17,216,train,5504,256,0,False
FAR52_0159,52.216-17,216,train,5760,256,0,False
FAR52_0159,52.216-17,216,train,6016,256,0,False
FAR52_0159,52.216-17,216,train,6272,256,0,False
FAR52_0159,52.216-17,216,train,6528,256,0,False
FAR52_0159,52.216-17,216,train,6784,256,0,False
FAR52_0159,52.216-17,216,train,7168,256,0,False
FAR52_0159,52.216-17,216,train,7424,256,0,False
FAR52_0159,52.216-17,216,train,7680,256,0,False
FAR52_0159,52.216-17,216,train,7936,256,0,False
FAR52_0159,52.216-17,216,train,8192,256,0,False
FAR52_0159,52.216-17,216,train,8448,256,0,False
FAR52_0159,52.216-17,216,train,8832,256,0,False
FAR52_0159,52.216-17,216,train,9088,256,0,False
FAR52_0159,52.216-17,216,train,9344,256,0,False
FAR52_0159,52.216-17,216,train,9600,256,0,False
FAR52_0159,52.216-17,216,train,9856,256,0,False
FAR52_0159,52.216-17,216,train,10112,256,0,False
FAR52_0159,52.216-17,216,train,10496,256,0,False
FAR52_0159,52.216-17,216,train,10752,256,0,False
FAR52_0159,52.216-17,216,train,11008,256,0,False
FAR52_0159,52.216-17,216,train,11264,256,0,False
FAR52_0159,52.216-17,216,train,11520,256,0,False
FAR52_0159,52.216-17,216,train,11776,256,0,False
FAR52_0159,52.216-17,216,train,12032,256,0,False
FAR52_0159,52.216-17,216,train,12416,256,0,False
FAR52_0159,52.216-17,216,train,12672,256,0,False
FAR52_0159,52.216-17,216,train,12928,256,0,False
FAR52_0159,52.216-17,216,train,13184,256,0,False
FAR52_0159,52.216-17,216,train,13440,256,0,False
FAR52_0159,52.216-17,216,train,13696,256,0,False
FAR52_0159,52.216-17,216,train,14080,256,0,False
FAR52_0159,52.216-17,216,train,14336,256,0,False
FAR52_0159,52.216-17,216,train,14592,256,0,False
FAR52_0159,52.216-17,216,train,14848,256,0,False
FAR52_0159,52.216-17,216,train,15104,256,0,False
FAR52_0159,52.216-17,216,train,15360,256,0,False
FAR52_0159,52.216-17,216,train,15744,256,0,False
FAR52_0159,52.216-17,216,train,16000,256,0,False
FAR52_0159,52.216-17,216,train,16256,256,0,False
FAR52_0159,52.216-17,216,train,16512,256,0,False
FAR52_0159,52.216-17,216,train,16768,256,0,False
FAR52_0159,52.216-17,216,train,17024,256,0,False
FAR52_0159,52.216-17,216,train,17280,95,161,True
FAR52_0160,52.216-18,216,validation,0,256,0,False
FAR52_0160,52.216-18,216,validation,128,256,0,False
FAR52_0160,52.216-18,216,validation,256,256,0,False
FAR52_0160,52.216-18,216,validation,384,256,0,False
FAR52_0160,52.216-18,216,validation,512,256,0,False
FAR52_0160,52.216-18,216,validation,640,256,0,False
FAR52_0160,52.216-18,216,validation,768,256,0,False
FAR52_0160,52.216-18,216,validation,896,256,0,False
FAR52_0160,52.216-18,216,validation,1016,256,0,False
FAR52_0160,52.216-18,216,validation,1024,248,8,True
FAR52_0160,52.216-18,216,validation,1152,120,136,True
FAR52_0161,52.216-19,216,train,0,256,0,False
FAR52_0161,52.216-19,216,train,128,256,0,False
FAR52_0161,52.216-19,216,train,256,256,0,False
FAR52_0161,52.216-19,216,train,384,256,0,False
FAR52_0161,52.216-19,216,train,512,256,0,False
FAR52_0161,52.216-19,216,train,640,256,0,False
FAR52_0161,52.216-19,216,train,768,256,0,False
FAR52_0161,52.216-19,216,train,896,256,0,False
FAR52_0161,52.216-19,216,train,1024,256,0,False
FAR52_0161,52.216-19,216,train,1152,256,0,False
FAR52_0161,52.216-19,216,train,1280,256,0,False
FAR52_0161,52.216-19,216,train,1408,256,0,False
FAR52_0161,52.216-19,216,train,1449,256,0,False
FAR52_0161,52.216-19,216,train,1536,169,87,True
FAR52_0161,52.216-19,216,train,1664,41,215,True
FAR52_0162,52.216-20,216,train,0,256,0,False
FAR52_0162,52.216-20,216,train,128,256,0,False
FAR52_0162,52.216-20,216,train,256,256,0,False
FAR52_0162,52.216-20,216,train,384,256,0,False
FAR52_0162,52.216-20,216,train,512,256,0,False
FAR52_0162,52.216-20,216,train,640,256,0,False
FAR52_0162,52.216-20,216,train,768,256,0,False
FAR52_0162,52.216-20,216,train,896,256,0,False
FAR52_0162,52.216-20,216,train,1024,256,0,False
FAR52_0162,52.216-20,216,train,1094,256,0,False
FAR52_0162,52.216-20,216,train,1152,198,58,True
FAR52_0162,52.216-20,216,train,1280,70,186,True
FAR52_0163,52.216-21,216,validation,0,256,0,False
FAR52_0163,52.216-21,216,validation,128,256,0,False
FAR52_0163,52.216-21,216,validation,256,256,0,False
FAR52_0163,52.216-21,216,validation,384,256,0,False
FAR52_0163,52.216-21,216,validation,512,256,0,False
FAR52_0163,52.216-21,216,validation,640,256,0,False
FAR52_0163,52.216-21,216,validation,768,256,0,False
FAR52_0163,52.216-21,216,validation,896,256,0,False
FAR52_0163,52.216-21,216,validation,1024,256,0,False
FAR52_0163,52.216-21,216,validation,1152,256,0,False
FAR52_0163,52.216-21,216,validation,1280,256,0,False
FAR52_0163,52.216-21,216,validation,1408,256,0,False
FAR52_0163,52.216-21,216,validation,1536,256,0,False
FAR52_0163,52.216-21,216,validation,1664,256,0,False
FAR52_0163,52.216-21,216,validation,1792,256,0,False
FAR52_0163,52.216-21,216,validation,1920,256,0,False
FAR52_0163,52.216-21,216,validation,2048,256,0,False
FAR52_0163,52.216-21,216,validation,2176,256,0,False
FAR52_0163,52.216-21,216,validation,2304,256,0,False
FAR52_0163,52.216-21,216,validation,2432,256,0,False
FAR52_0163,52.216-21,216,validation,2560,256,0,False
FAR52_0163,52.216-21,216,validation,2688,256,0,False
FAR52_0163,52.216-21,216,validation,2816,256,0,False
FAR52_0163,52.216-21,216,validation,2944,256,0,False
FAR52_0163,52.216-21,216,validation,3072,256,0,False
FAR52_0163,52.216-21,216,validation,3200,256,0,False
FAR52_0163,52.216-21,216,validation,3328,256,0,False
FAR52_0163,52.216-21,216,validation,3456,256,0,False
FAR52_0163,52.216-21,216,validation,3584,256,0,False
FAR52_0163,52.216-21,216,validation,3712,256,0,False
FAR52_0163,52.216-21,216,validation,3840,256,0,False
FAR52_0163,52.216-21,216,validation,3968,256,0,False
FAR52_0163,52.216-21,216,validation,4096,256,0,False
FAR52_0163,52.216-21,216,validation,4224,256,0,False
FAR52_0163,52.216-21,216,validation,4352,256,0,False
FAR52_0163,52.216-21,216,validation,4480,256,0,False
FAR52_0163,52.216-21,216,validation,4608,256,0,False
FAR52_0163,52.216-21,216,validation,4736,256,0,False
FAR52_0163,52.216-21,216,validation,4864,256,0,False
FAR52_0163,52.216-21,216,validation,4992,256,0,False
FAR52_0163,52.216-21,216,validation,5120,256,0,False
FAR52_0163,52.216-21,216,validation,5248,256,0,False
FAR52_0163,52.216-21,216,validation,5376,256,0,False
FAR52_0163,52.216-21,216,validation,5504,256,0,False
FAR52_0163,52.216-21,216,validation,5632,256,0,False
FAR52_0163,52.216-21,216,validation,5760,256,0,False
FAR52_0163,52.216-21,216,validation,5797,256,0,False
FAR52_0163,52.216-21,216,validation,5888,165,91,True
FAR52_0163,52.216-21,216,validation,6016,37,219,True
FAR52_0164,52.216-22,216,train,0,256,0,False
FAR52_0164,52.216-22,216,train,128,256,0,False
FAR52_0164,52.216-22,216,train,256,256,0,False
FAR52_0164,52.216-22,216,train,384,256,0,False
FAR52_0164,52.216-22,216,train,512,256,0,False
FAR52_0164,52.216-22,216,train,640,256,0,False
FAR52_0164,52.216-22,216,train,768,256,0,False
FAR52_0164,52.216-22,216,train,896,256,0,False
FAR52_0164,52.216-22,216,train,1024,256,0,False
FAR52_0164,52.216-22,216,train,1152,256,0,False
FAR52_0164,52.216-22,216,train,1280,256,0,False
FAR52_0164,52.216-22,216,train,1363,256,0,False
FAR52_0164,52.216-22,216,train,1408,211,45,True
FAR52_0164,52.216-22,216,train,1536,83,173,True
FAR52_0165,52.216-23,216,train,0,256,0,False
FAR52_0165,52.216-23,216,train,128,256,0,False
FAR52_0165,52.216-23,216,train,256,256,0,False
FAR52_0165,52.216-23,216,train,384,256,0,False
FAR52_0165,52.216-23,216,train,388,256,0,False
FAR52_0165,52.216-23,216,train,512,132,124,True
FAR52_0165,52.216-23,216,train,640,4,252,True
FAR52_0166,52.216-24,216,train,0,256,0,False
FAR52_0166,52.216-24,216,train,128,256,0,False
FAR52_0166,52.216-24,216,train,242,256,0,False
FAR52_0166,52.216-24,216,train,256,242,14,True
FAR52_0166,52.216-24,216,train,384,114,142,True
FAR52_0167,52.216-25,216,train,0,256,0,False
FAR52_0167,52.216-25,216,train,128,256,0,False
FAR52_0167,52.216-25,216,train,256,256,0,False
FAR52_0167,52.216-25,216,train,384,256,0,False
FAR52_0167,52.216-25,216,train,512,256,0,False
FAR52_0167,52.216-25,216,train,640,256,0,False
FAR52_0167,52.216-25,216,train,768,256,0,False
FAR52_0167,52.216-25,216,train,896,256,0,False
FAR52_0167,52.216-25,216,train,1024,256,0,False
FAR52_0167,52.216-25,216,train,1152,256,0,False
FAR52_0167,52.216-25,216,train,1280,256,0,False
FAR52_0167,52.216-25,216,train,1408,256,0,False
FAR52_0167,52.216-25,216,train,1536,256,0,False
FAR52_0167,52.216-25,216,train,1664,256,0,False
FAR52_0167,52.216-25,216,train,1792,256,0,False
FAR52_0167,52.216-25,216,train,1920,256,0,False
FAR52_0167,52.216-25,216,train,2048,256,0,False
FAR52_0167,52.216-25,216,train,2176,256,0,False
FAR52_0167,52.216-25,216,train,2304,256,0,False
FAR52_0167,52.216-25,216,train,2432,256,0,False
FAR52_0167,52.216-25,216,train,2560,256,0,False
FAR52_0167,52.216-25,216,train,2688,256,0,False
FAR52_0167,52.216-25,216,train,2816,256,0,False
FAR52_0167,52.216-25,216,train,2834,256,0,False
FAR52_0167,52.216-25,216,train,2944,146,110,True
FAR52_0167,52.216-25,216,train,3072,18,238,True
FAR52_0168,52.216-26,216,train,0,256,0,False
FAR52_0168,52.216-26,216,train,128,256,0,False
FAR52_0168,52.216-26,216,train,256,256,0,False
FAR52_0168,52.216-26,216,train,384,256,0,False
FAR52_0168,52.216-26,216,train,512,256,0,False
FAR52_0168,52.216-26,216,train,640,256,0,False
FAR52_0168,52.216-26,216,train,768,256,0,False
FAR52_0168,52.216-26,216,train,896,256,0,False
FAR52_0168,52.216-26,216,train,1024,256,0,False
FAR52_0168,52.216-26,216,train,1152,256,0,False
FAR52_0168,52.216-26,216,train,1280,256,0,False
FAR52_0168,52.216-26,216,train,1408,256,0,False
FAR52_0168,52.216-26,216,train,1536,256,0,False
FAR52_0168,52.216-26,216,train,1664,256,0,False
FAR52_0168,52.216-26,216,train,1792,256,0,False
FAR52_0168,52.216-26,216,train,1920,256,0,False
FAR52_0168,52.216-26,216,train,2048,256,0,False
FAR52_0168,52.216-26,216,train,2176,256,0,False
FAR52_0168,52.216-26,216,train,2304,256,0,False
FAR52_0168,52.216-26,216,train,2432,256,0,False
FAR52_0168,52.216-26,216,train,2560,256,0,False
FAR52_0168,52.216-26,216,train,2688,256,0,False
FAR52_0168,52.216-26,216,train,2816,256,0,False
FAR52_0168,52.216-26,216,train,2944,256,0,False
FAR52_0168,52.216-26,216,train,3072,256,0,False
FAR52_0168,52.216-26,216,train,3200,256,0,False
FAR52_0168,52.216-26,216,train,3328,256,0,False
FAR52_0168,52.216-26,216,train,3440,256,0,False
FAR52_0168,52.216-26,216,train,3456,240,16,True
FAR52_0168,52.216-26,216,train,3584,112,144,True
FAR52_0169,52.216-27,216,train,0,256,0,False
FAR52_0169,52.216-27,216,train,128,256,0,False
FAR52_0169,52.216-27,216,train,151,256,0,False
FAR52_0169,52.216-27,216,train,256,151,105,True
FAR52_0169,52.216-27,216,train,384,23,233,True
FAR52_0170,52.216-28,216,train,0,256,0,False
FAR52_0170,52.216-28,216,train,128,256,0,False
FAR52_0170,52.216-28,216,train,256,256,0,False
FAR52_0170,52.216-28,216,train,262,256,0,False
FAR52_0170,52.216-28,216,train,384,134,122,True
FAR52_0170,52.216-28,216,train,512,6,250,True
FAR52_0171,52.216-29,216,train,0,256,0,False
FAR52_0171,52.216-29,216,train,128,256,0,False
FAR52_0171,52.216-29,216,train,256,256,0,False
FAR52_0171,52.216-29,216,train,384,256,0,False
FAR52_0171,52.216-29,216,train,512,256,0,False
FAR52_0171,52.216-29,216,train,640,256,0,False
FAR52_0171,52.216-29,216,train,768,256,0,False
FAR52_0171,52.216-29,216,train,896,256,0,False
FAR52_0171,52.216-29,216,train,1024,256,0,False
FAR52_0171,52.216-29,216,train,1152,256,0,False
FAR52_0171,52.216-29,216,train,1280,256,0,False
FAR52_0171,52.216-29,216,train,1325,256,0,False
FAR52_0171,52.216-29,216,train,1408,173,83,True
FAR52_0171,52.216-29,216,train,1536,45,211,True
FAR52_0172,52.216-30,216,train,0,256,0,False
FAR52_0172,52.216-30,216,train,128,256,0,False
FAR52_0172,52.216-30,216,train,256,256,0,False
FAR52_0172,52.216-30,216,train,384,256,0,False
FAR52_0172,52.216-30,216,train,512,256,0,False
FAR52_0172,52.216-30,216,train,640,256,0,False
FAR52_0172,52.216-30,216,train,768,256,0,False
FAR52_0172,52.216-30,216,train,896,256,0,False
FAR52_0172,52.216-30,216,train,1024,256,0,False
FAR52_0172,52.216-30,216,train,1152,256,0,False
FAR52_0172,52.216-30,216,train,1280,256,0,False
FAR52_0172,52.216-30,216,train,1372,256,0,False
FAR52_0172,52.216-30,216,train,1408,220,36,True
FAR52_0172,52.216-30,216,train,1536,92,164,True
FAR52_0173,52.216-31,216,train,0,256,0,False
FAR52_0173,52.216-31,216,train,128,256,0,False
FAR52_0173,52.216-31,216,train,256,256,0,False
FAR52_0173,52.216-31,216,train,384,256,0,False
FAR52_0173,52.216-31,216,train,502,256,0,False
FAR52_0173,52.216-31,216,train,512,246,10,True
FAR52_0173,52.216-31,216,train,640,118,138,True
FAR52_0174,52.216-32,216,train,0,256,0,False
FAR52_0174,52.216-32,216,train,128,256,0,False
FAR52_0174,52.216-32,216,train,256,256,0,False
FAR52_0174,52.216-32,216,train,384,256,0,False
FAR52_0174,52.216-32,216,train,512,256,0,False
FAR52_0174,52.216-32,216,train,640,256,0,False
FAR52_0174,52.216-32,216,train,768,256,0,False
FAR52_0174,52.216-32,216,train,896,256,0,False
FAR52_0174,52.216-32,216,train,1024,256,0,False
FAR52_0174,52.216-32,216,train,1152,256,0,False
FAR52_0174,52.216-32,216,train,1280,256,0,False
FAR52_0174,52.216-32,216,train,1408,256,0,False
FAR52_0174,52.216-32,216,train,1536,256,0,False
FAR52_0174,52.216-32,216,train,1664,256,0,False
FAR52_0174,52.216-32,216,train,1792,256,0,False
FAR52_0174,52.216-32,216,train,1920,256,0,False
FAR52_0174,52.216-32,216,train,2048,256,0,False
FAR52_0174,52.216-32,216,train,2113,256,0,False
FAR52_0174,52.216-32,216,train,2176,193,63,True
FAR52_0174,52.216-32,216,train,2304,65,191,True
FAR52_0175,52.217-2,217,test,0,256,0,False
FAR52_0175,52.217-2,217,test,128,256,0,False
FAR52_0175,52.217-2,217,test,256,256,0,False
FAR52_0175,52.217-2,217,test,384,256,0,False
FAR52_0175,52.217-2,217,test,512,256,0,False
FAR52_0175,52.217-2,217,test,640,256,0,False
FAR52_0175,52.217-2,217,test,768,256,0,False
FAR52_0175,52.217-2,217,test,896,256,0,False
FAR52_0175,52.217-2,217,test,1024,256,0,False
FAR52_0175,52.217-2,217,test,1152,256,0,False
FAR52_0175,52.217-2,217,test,1280,256,0,False
FAR52_0175,52.217-2,217,test,1408,256,0,False
FAR52_0175,52.217-2,217,test,1536,256,0,False
FAR52_0175,52.217-2,217,test,1664,256,0,False
FAR52_0175,52.217-2,217,test,1792,256,0,False
FAR52_0175,52.217-2,217,test,1920,256,0,False
FAR52_0175,52.217-2,217,test,2048,256,0,False
FAR52_0175,52.217-2,217,test,2176,256,0,False
FAR52_0175,52.217-2,217,test,2304,256,0,False
FAR52_0175,52.217-2,217,test,2432,256,0,False
FAR52_0175,52.217-2,217,test,2560,256,0,False
FAR52_0175,52.217-2,217,test,2688,256,0,False
FAR52_0175,52.217-2,217,test,2816,256,0,False
FAR52_0175,52.217-2,217,test,2944,256,0,False
FAR52_0175,52.217-2,217,test,3072,256,0,False
FAR52_0175,52.217-2,217,test,3200,256,0,False
FAR52_0175,52.217-2,217,test,3328,256,0,False
FAR52_0175,52.217-2,217,test,3456,256,0,False
FAR52_0175,52.217-2,217,test,3584,256,0,False
FAR52_0175,52.217-2,217,test,3712,256,0,False
FAR52_0175,52.217-2,217,test,3840,256,0,False
FAR52_0175,52.217-2,217,test,3968,256,0,False
FAR52_0175,52.217-2,217,test,4038,256,0,False
FAR52_0175,52.217-2,217,test,4096,198,58,True
FAR52_0175,52.217-2,217,test,4224,70,186,True
FAR52_0176,52.217-3,217,train,0,256,0,False
FAR52_0176,52.217-3,217,train,128,256,0,False
FAR52_0176,52.217-3,217,train,256,256,0,False
FAR52_0176,52.217-3,217,train,263,256,0,False
FAR52_0176,52.217-3,217,train,384,135,121,True
FAR52_0176,52.217-3,217,train,512,7,249,True
FAR52_0177,52.217-4,217,train,0,256,0,False
FAR52_0177,52.217-4,217,train,128,256,0,False
FAR52_0177,52.217-4,217,train,229,256,0,False
FAR52_0177,52.217-4,217,train,256,229,27,True
FAR52_0177,52.217-4,217,train,384,101,155,True
FAR52_0178,52.217-5,217,train,0,256,0,False
FAR52_0178,52.217-5,217,train,128,256,0,False
FAR52_0178,52.217-5,217,train,251,256,0,False
FAR52_0178,52.217-5,217,train,256,251,5,True
FAR52_0178,52.217-5,217,train,384,123,133,True
FAR52_0179,52.217-6,217,train,0,256,0,False
FAR52_0179,52.217-6,217,train,128,256,0,False
FAR52_0179,52.217-6,217,train,256,256,0,False
FAR52_0179,52.217-6,217,train,384,256,0,False
FAR52_0179,52.217-6,217,train,398,256,0,False
FAR52_0179,52.217-6,217,train,512,142,114,True
FAR52_0179,52.217-6,217,train,640,14,242,True
FAR52_0180,52.217-7,217,train,0,256,0,False
FAR52_0180,52.217-7,217,train,128,256,0,False
FAR52_0180,52.217-7,217,train,256,256,0,False
FAR52_0180,52.217-7,217,train,384,256,0,False
FAR52_0180,52.217-7,217,train,512,256,0,False
FAR52_0180,52.217-7,217,train,513,256,0,False
FAR52_0180,52.217-7,217,train,640,129,127,True
FAR52_0180,52.217-7,217,train,768,1,255,True
FAR52_0181,52.217-8,217,train,0,256,0,False
FAR52_0181,52.217-8,217,train,128,256,0,False
FAR52_0181,52.217-8,217,train,256,256,0,False
FAR52_0181,52.217-8,217,train,384,256,0,False
FAR52_0181,52.217-8,217,train,483,256,0,False
FAR52_0181,52.217-8,217,train,512,227,29,True
FAR52_0181,52.217-8,217,train,640,99,157,True
FAR52_0182,52.217-9,217,train,0,256,0,False
FAR52_0182,52.217-9,217,train,128,256,0,False
FAR52_0182,52.217-9,217,train,256,256,0,False
FAR52_0182,52.217-9,217,train,384,256,0,False
FAR52_0182,52.217-9,217,train,512,256,0,False
FAR52_0182,52.217-9,217,train,640,256,0,False
FAR52_0182,52.217-9,217,train,686,256,0,False
FAR52_0182,52.217-9,217,train,768,174,82,True
FAR52_0182,52.217-9,217,train,896,46,210,True
FAR52_0183,52.217-10,217,validation,0,256,0,False
FAR52_0183,52.217-10,217,validation,128,256,0,False
FAR52_0183,52.217-10,217,validation,256,256,0,False
FAR52_0183,52.217-10,217,validation,384,256,0,False
FAR52_0183,52.217-10,217,validation,512,256,0,False
FAR52_0183,52.217-10,217,validation,640,256,0,False
FAR52_0183,52.217-10,217,validation,768,256,0,False
FAR52_0183,52.217-10,217,validation,896,256,0,False
FAR52_0183,52.217-10,217,validation,1024,256,0,False
FAR52_0183,52.217-10,217,validation,1152,256,0,False
FAR52_0183,52.217-10,217,validation,1280,256,0,False
FAR52_0183,52.217-10,217,validation,1408,256,0,False
FAR52_0183,52.217-10,217,validation,1536,256,0,False
FAR52_0183,52.217-10,217,validation,1664,256,0,False
FAR52_0183,52.217-10,217,validation,1792,256,0,False
FAR52_0183,52.217-10,217,validation,1920,256,0,False
FAR52_0183,52.217-10,217,validation,2048,256,0,False
FAR52_0183,52.217-10,217,validation,2137,256,0,False
FAR52_0183,52.217-10,217,validation,2176,217,39,True
FAR52_0183,52.217-10,217,validation,2304,89,167,True
FAR52_0184,52.217-11,217,train,0,256,0,False
FAR52_0184,52.217-11,217,train,128,256,0,False
FAR52_0184,52.217-11,217,train,256,256,0,False
FAR52_0184,52.217-11,217,train,384,256,0,False
FAR52_0184,52.217-11,217,train,512,256,0,False
FAR52_0184,52.217-11,217,train,640,256,0,False
FAR52_0184,52.217-11,217,train,768,256,0,False
FAR52_0184,52.217-11,217,train,896,256,0,False
FAR52_0184,52.217-11,217,train,1024,256,0,False
FAR52_0184,52.217-11,217,train,1152,256,0,False
FAR52_0184,52.217-11,217,train,1280,256,0,False
FAR52_0184,52.217-11,217,train,1408,256,0,False
FAR52_0184,52.217-11,217,train,1536,256,0,False
FAR52_0184,52.217-11,217,train,1664,256,0,False
FAR52_0184,52.217-11,217,train,1792,256,0,False
FAR52_0184,52.217-11,217,train,1920,256,0,False
FAR52_0184,52.217-11,217,train,2048,256,0,False
FAR52_0184,52.217-11,217,train,2176,256,0,False
FAR52_0184,52.217-11,217,train,2304,256,0,False
FAR52_0184,52.217-11,217,train,2432,256,0,False
FAR52_0184,52.217-11,217,train,2560,256,0,False
FAR52_0184,52.217-11,217,train,2688,256,0,False
FAR52_0184,52.217-11,217,train,2816,256,0,False
FAR52_0184,52.217-11,217,train,2863,256,0,False
FAR52_0184,52.217-11,217,train,2944,175,81,True
FAR52_0184,52.217-11,217,train,3072,47,209,True
FAR52_0185,52.217-12,217,train,0,256,0,False
FAR52_0185,52.217-12,217,train,128,256,0,False
FAR52_0185,52.217-12,217,train,256,256,0,False
FAR52_0185,52.217-12,217,train,384,256,0,False
FAR52_0185,52.217-12,217,train,512,256,0,False
FAR52_0185,52.217-12,217,train,640,256,0,False
FAR52_0185,52.217-12,217,train,768,256,0,False
FAR52_0185,52.217-12,217,train,896,256,0,False
FAR52_0185,52.217-12,217,train,1024,256,0,False
FAR52_0185,52.217-12,217,train,1152,256,0,False
FAR52_0185,52.217-12,217,train,1280,256,0,False
FAR52_0185,52.217-12,217,train,1408,256,0,False
FAR52_0185,52.217-12,217,train,1536,256,0,False
FAR52_0185,52.217-12,217,train,1664,256,0,False
FAR52_0185,52.217-12,217,train,1792,256,0,False
FAR52_0185,52.217-12,217,train,1920,256,0,False
FAR52_0185,52.217-12,217,train,2048,256,0,False
FAR52_0185,52.217-12,217,train,2176,256,0,False
FAR52_0185,52.217-12,217,train,2304,256,0,False
FAR52_0185,52.217-12,217,train,2432,256,0,False
FAR52_0185,52.217-12,217,train,2560,256,0,False
FAR52_0185,52.217-12,217,train,2688,256,0,False
FAR52_0185,52.217-12,217,train,2816,256,0,False
FAR52_0185,52.217-12,217,train,2944,256,0,False
FAR52_0185,52.217-12,217,train,3072,256,0,False
FAR52_0185,52.217-12,217,train,3200,256,0,False
FAR52_0185,52.217-12,217,train,3328,256,0,False
FAR52_0185,52.217-12,217,train,3456,256,0,False
FAR52_0185,52.217-12,217,train,3584,256,0,False
FAR52_0185,52.217-12,217,train,3712,256,0,False
FAR52_0185,52.217-12,217,train,3840,256,0,False
FAR52_0185,52.217-12,217,train,3968,256,0,False
FAR52_0185,52.217-12,217,train,4096,256,0,False
FAR52_0185,52.217-12,217,train,4224,256,0,False
FAR52_0185,52.217-12,217,train,4352,256,0,False
FAR52_0185,52.217-12,217,train,4480,256,0,False
FAR52_0185,52.217-12,217,train,4608,256,0,False
FAR52_0185,52.217-12,217,train,4736,256,0,False
FAR52_0185,52.217-12,217,train,4776,256,0,False
FAR52_0185,52.217-12,217,train,4864,168,88,True
FAR52_0185,52.217-12,217,train,4992,40,216,True
FAR52_0186,52.219-1,219,train,0,256,0,False
FAR52_0186,52.219-1,219,train,128,256,0,False
FAR52_0186,52.219-1,219,train,384,256,0,False
FAR52_0186,52.219-1,219,train,640,256,0,False
FAR52_0186,52.219-1,219,train,768,256,0,False
FAR52_0186,52.219-1,219,train,1024,256,0,False
FAR52_0186,52.219-1,219,train,1280,256,0,False
FAR52_0186,52.219-1,219,train,1536,256,0,False
FAR52_0186,52.219-1,219,train,1664,256,0,False
FAR52_0186,52.219-1,219,train,1920,256,0,False
FAR52_0186,52.219-1,219,train,2176,256,0,False
FAR52_0186,52.219-1,219,train,2432,256,0,False
FAR52_0186,52.219-1,219,train,2560,256,0,False
FAR52_0186,52.219-1,219,train,2816,256,0,False
FAR52_0186,52.219-1,219,train,3072,256,0,False
FAR52_0186,52.219-1,219,train,3328,256,0,False
FAR52_0186,52.219-1,219,train,3456,256,0,False
FAR52_0186,52.219-1,219,train,3712,256,0,False
FAR52_0186,52.219-1,219,train,3968,256,0,False
FAR52_0186,52.219-1,219,train,4224,256,0,False
FAR52_0186,52.219-1,219,train,4352,256,0,False
FAR52_0186,52.219-1,219,train,4608,256,0,False
FAR52_0186,52.219-1,219,train,4864,256,0,False
FAR52_0186,52.219-1,219,train,5120,256,0,False
FAR52_0186,52.219-1,219,train,5248,256,0,False
FAR52_0186,52.219-1,219,train,5504,256,0,False
FAR52_0186,52.219-1,219,train,5760,256,0,False
FAR52_0186,52.219-1,219,train,6016,256,0,False
FAR52_0186,52.219-1,219,train,6144,256,0,False
FAR52_0186,52.219-1,219,train,6400,256,0,False
FAR52_0186,52.219-1,219,train,6656,256,0,False
FAR52_0186,52.219-1,219,train,6912,256,0,False
FAR52_0186,52.219-1,219,train,7040,256,0,False
FAR52_0186,52.219-1,219,train,7296,256,0,False
FAR52_0186,52.219-1,219,train,7552,256,0,False
FAR52_0186,52.219-1,219,train,7808,256,0,False
FAR52_0186,52.219-1,219,train,7936,256,0,False
FAR52_0186,52.219-1,219,train,8192,256,0,False
FAR52_0186,52.219-1,219,train,8448,256,0,False
FAR52_0186,52.219-1,219,train,8704,256,0,False
FAR52_0186,52.219-1,219,train,8832,256,0,False
FAR52_0186,52.219-1,219,train,9088,256,0,False
FAR52_0186,52.219-1,219,train,9344,256,0,False
FAR52_0186,52.219-1,219,train,9600,256,0,False
FAR52_0186,52.219-1,219,train,9728,256,0,False
FAR52_0186,52.219-1,219,train,9984,256,0,False
FAR52_0186,52.219-1,219,train,10240,256,0,False
FAR52_0186,52.219-1,219,train,10496,256,0,False
FAR52_0186,52.219-1,219,train,10624,256,0,False
FAR52_0186,52.219-1,219,train,10880,256,0,False
FAR52_0186,52.219-1,219,train,11136,256,0,False
FAR52_0186,52.219-1,219,train,11392,256,0,False
FAR52_0186,52.219-1,219,train,11520,256,0,False
FAR52_0186,52.219-1,219,train,11776,256,0,False
FAR52_0186,52.219-1,219,train,12032,256,0,False
FAR52_0186,52.219-1,219,train,12288,256,0,False
FAR52_0186,52.219-1,219,train,12416,256,0,False
FAR52_0186,52.219-1,219,train,12672,256,0,False
FAR52_0186,52.219-1,219,train,12928,256,0,False
FAR52_0186,52.219-1,219,train,13184,256,0,False
FAR52_0186,52.219-1,219,train,13312,256,0,False
FAR52_0186,52.219-1,219,train,13568,256,0,False
FAR52_0186,52.219-1,219,train,13752,256,0,False
FAR52_0186,52.219-1,219,train,13952,56,200,True
FAR52_0187,52.219-2,219,train,0,256,0,False
FAR52_0187,52.219-2,219,train,128,256,0,False
FAR52_0187,52.219-2,219,train,256,256,0,False
FAR52_0187,52.219-2,219,train,384,256,0,False
FAR52_0187,52.219-2,219,train,512,256,0,False
FAR52_0187,52.219-2,219,train,640,256,0,False
FAR52_0187,52.219-2,219,train,768,256,0,False
FAR52_0187,52.219-2,219,train,882,256,0,False
FAR52_0187,52.219-2,219,train,896,242,14,True
FAR52_0187,52.219-2,219,train,1024,114,142,True
FAR52_0188,52.219-3,219,test,0,256,0,False
FAR52_0188,52.219-3,219,test,128,256,0,False
FAR52_0188,52.219-3,219,test,256,256,0,False
FAR52_0188,52.219-3,219,test,384,256,0,False
FAR52_0188,52.219-3,219,test,512,256,0,False
FAR52_0188,52.219-3,219,test,640,256,0,False
FAR52_0188,52.219-3,219,test,768,256,0,False
FAR52_0188,52.219-3,219,test,896,256,0,False
FAR52_0188,52.219-3,219,test,1024,256,0,False
FAR52_0188,52.219-3,219,test,1152,256,0,False
FAR52_0188,52.219-3,219,test,1280,256,0,False
FAR52_0188,52.219-3,219,test,1408,256,0,False
FAR52_0188,52.219-3,219,test,1536,256,0,False
FAR52_0188,52.219-3,219,test,1664,256,0,False
FAR52_0188,52.219-3,219,test,1792,256,0,False
FAR52_0188,52.219-3,219,test,1875,256,0,False
FAR52_0188,52.219-3,219,test,1920,211,45,True
FAR52_0188,52.219-3,219,test,2048,83,173,True
FAR52_0189,52.219-4,219,train,0,256,0,False
FAR52_0189,52.219-4,219,train,128,256,0,False
FAR52_0189,52.219-4,219,train,256,256,0,False
FAR52_0189,52.219-4,219,train,384,256,0,False
FAR52_0189,52.219-4,219,train,512,256,0,False
FAR52_0189,52.219-4,219,train,640,256,0,False
FAR52_0189,52.219-4,219,train,768,256,0,False
FAR52_0189,52.219-4,219,train,896,256,0,False
FAR52_0189,52.219-4,219,train,1024,256,0,False
FAR52_0189,52.219-4,219,train,1152,256,0,False
FAR52_0189,52.219-4,219,train,1280,256,0,False
FAR52_0189,52.219-4,219,train,1408,256,0,False
FAR52_0189,52.219-4,219,train,1434,256,0,False
FAR52_0189,52.219-4,219,train,1536,154,102,True
FAR52_0189,52.219-4,219,train,1664,26,230,True
FAR52_0190,52.219-6,219,validation,0,256,0,False
FAR52_0190,52.219-6,219,validation,128,256,0,False
FAR52_0190,52.219-6,219,validation,256,256,0,False
FAR52_0190,52.219-6,219,validation,384,256,0,False
FAR52_0190,52.219-6,219,validation,512,256,0,False
FAR52_0190,52.219-6,219,validation,640,256,0,False
FAR52_0190,52.219-6,219,validation,768,256,0,False
FAR52_0190,52.219-6,219,validation,896,256,0,False
FAR52_0190,52.219-6,219,validation,1024,256,0,False
FAR52_0190,52.219-6,219,validation,1152,256,0,False
FAR52_0190,52.219-6,219,validation,1280,256,0,False
FAR52_0190,52.219-6,219,validation,1408,256,0,False
FAR52_0190,52.219-6,219,validation,1536,256,0,False
FAR52_0190,52.219-6,219,validation,1664,256,0,False
FAR52_0190,52.219-6,219,validation,1759,256,0,False
FAR52_0190,52.219-6,219,validation,1792,223,33,True
FAR52_0190,52.219-6,219,validation,1920,95,161,True
FAR52_0191,52.219-7,219,train,0,256,0,False
FAR52_0191,52.219-7,219,train,128,256,0,False
FAR52_0191,52.219-7,219,train,256,256,0,False
FAR52_0191,52.219-7,219,train,384,256,0,False
FAR52_0191,52.219-7,219,train,512,256,0,False
FAR52_0191,52.219-7,219,train,640,256,0,False
FAR52_0191,52.219-7,219,train,768,256,0,False
FAR52_0191,52.219-7,219,train,896,256,0,False
FAR52_0191,52.219-7,219,train,1024,256,0,False
FAR52_0191,52.219-7,219,train,1152,256,0,False
FAR52_0191,52.219-7,219,train,1280,256,0,False
FAR52_0191,52.219-7,219,train,1408,256,0,False
FAR52_0191,52.219-7,219,train,1536,256,0,False
FAR52_0191,52.219-7,219,train,1664,256,0,False
FAR52_0191,52.219-7,219,train,1792,256,0,False
FAR52_0191,52.219-7,219,train,1920,256,0,False
FAR52_0191,52.219-7,219,train,2048,256,0,False
FAR52_0191,52.219-7,219,train,2176,256,0,False
FAR52_0191,52.219-7,219,train,2304,256,0,False
FAR52_0191,52.219-7,219,train,2403,256,0,False
FAR52_0191,52.219-7,219,train,2432,227,29,True
FAR52_0191,52.219-7,219,train,2560,99,157,True
FAR52_0192,52.219-8,219,test,0,256,0,False
FAR52_0192,52.219-8,219,test,128,256,0,False
FAR52_0192,52.219-8,219,test,256,256,0,False
FAR52_0192,52.219-8,219,test,384,256,0,False
FAR52_0192,52.219-8,219,test,512,256,0,False
FAR52_0192,52.219-8,219,test,640,256,0,False
FAR52_0192,52.219-8,219,test,768,256,0,False
FAR52_0192,52.219-8,219,test,896,256,0,False
FAR52_0192,52.219-8,219,test,1024,256,0,False
FAR52_0192,52.219-8,219,test,1152,256,0,False
FAR52_0192,52.219-8,219,test,1280,256,0,False
FAR52_0192,52.219-8,219,test,1408,256,0,False
FAR52_0192,52.219-8,219,test,1536,256,0,False
FAR52_0192,52.219-8,219,test,1664,256,0,False
FAR52_0192,52.219-8,219,test,1792,256,0,False
FAR52_0192,52.219-8,219,test,1920,256,0,False
FAR52_0192,52.219-8,219,test,2048,256,0,False
FAR52_0192,52.219-8,219,test,2176,256,0,False
FAR52_0192,52.219-8,219,test,2304,256,0,False
FAR52_0192,52.219-8,219,test,2432,256,0,False
FAR52_0192,52.219-8,219,test,2560,256,0,False
FAR52_0192,52.219-8,219,test,2688,256,0,False
FAR52_0192,52.219-8,219,test,2816,256,0,False
FAR52_0192,52.219-8,219,test,2944,256,0,False
FAR52_0192,52.219-8,219,test,3072,256,0,False
FAR52_0192,52.219-8,219,test,3200,256,0,False
FAR52_0192,52.219-8,219,test,3328,256,0,False
FAR52_0192,52.219-8,219,test,3456,256,0,False
FAR52_0192,52.219-8,219,test,3584,256,0,False
FAR52_0192,52.219-8,219,test,3712,256,0,False
FAR52_0192,52.219-8,219,test,3840,256,0,False
FAR52_0192,52.219-8,219,test,3968,256,0,False
FAR52_0192,52.219-8,219,test,4096,256,0,False
FAR52_0192,52.219-8,219,test,4224,256,0,False
FAR52_0192,52.219-8,219,test,4352,256,0,False
FAR52_0192,52.219-8,219,test,4480,256,0,False
FAR52_0192,52.219-8,219,test,4608,256,0,False
FAR52_0192,52.219-8,219,test,4736,256,0,False
FAR52_0192,52.219-8,219,test,4864,256,0,False
FAR52_0192,52.219-8,219,test,4992,256,0,False
FAR52_0192,52.219-8,219,test,5120,256,0,False
FAR52_0192,52.219-8,219,test,5248,256,0,False
FAR52_0192,52.219-8,219,test,5376,256,0,False
FAR52_0192,52.219-8,219,test,5504,256,0,False
FAR52_0192,52.219-8,219,test,5632,256,0,False
FAR52_0192,52.219-8,219,test,5760,256,0,False
FAR52_0192,52.219-8,219,test,5888,256,0,False
FAR52_0192,52.219-8,219,test,6016,256,0,False
FAR52_0192,52.219-8,219,test,6144,256,0,False
FAR52_0192,52.219-8,219,test,6272,256,0,False
FAR52_0192,52.219-8,219,test,6400,256,0,False
FAR52_0192,52.219-8,219,test,6528,256,0,False
FAR52_0192,52.219-8,219,test,6656,256,0,False
FAR52_0192,52.219-8,219,test,6784,256,0,False
FAR52_0192,52.219-8,219,test,6912,256,0,False
FAR52_0192,52.219-8,219,test,7040,256,0,False
FAR52_0192,52.219-8,219,test,7168,256,0,False
FAR52_0192,52.219-8,219,test,7296,256,0,False
FAR52_0192,52.219-8,219,test,7424,256,0,False
FAR52_0192,52.219-8,219,test,7552,256,0,False
FAR52_0192,52.219-8,219,test,7680,256,0,False
FAR52_0192,52.219-8,219,test,7808,256,0,False
FAR52_0192,52.219-8,219,test,7882,256,0,False
FAR52_0192,52.219-8,219,test,8064,74,182,True
FAR52_0193,52.219-9,219,train,0,256,0,False
FAR52_0193,52.219-9,219,train,896,256,0,False
FAR52_0193,52.219-9,219,train,1792,256,0,False
FAR52_0193,52.219-9,219,train,2688,256,0,False
FAR52_0193,52.219-9,219,train,3584,256,0,False
FAR52_0193,52.219-9,219,train,4480,256,0,False
FAR52_0193,52.219-9,219,train,5504,256,0,False
FAR52_0193,52.219-9,219,train,6400,256,0,False
FAR52_0193,52.219-9,219,train,7296,256,0,False
FAR52_0193,52.219-9,219,train,8192,256,0,False
FAR52_0193,52.219-9,219,train,9088,256,0,False
FAR52_0193,52.219-9,219,train,9984,256,0,False
FAR52_0193,52.219-9,219,train,11008,256,0,False
FAR52_0193,52.219-9,219,train,11904,256,0,False
FAR52_0193,52.219-9,219,train,12800,256,0,False
FAR52_0193,52.219-9,219,train,13696,256,0,False
FAR52_0193,52.219-9,219,train,14592,256,0,False
FAR52_0193,52.219-9,219,train,15488,256,0,False
FAR52_0193,52.219-9,219,train,16512,256,0,False
FAR52_0193,52.219-9,219,train,17408,256,0,False
FAR52_0193,52.219-9,219,train,18304,256,0,False
FAR52_0193,52.219-9,219,train,19200,256,0,False
FAR52_0193,52.219-9,219,train,20096,256,0,False
FAR52_0193,52.219-9,219,train,21120,256,0,False
FAR52_0193,52.219-9,219,train,22016,256,0,False
FAR52_0193,52.219-9,219,train,22912,256,0,False
FAR52_0193,52.219-9,219,train,23808,256,0,False
FAR52_0193,52.219-9,219,train,24704,256,0,False
FAR52_0193,52.219-9,219,train,25600,256,0,False
FAR52_0193,52.219-9,219,train,26624,256,0,False
FAR52_0193,52.219-9,219,train,27520,256,0,False
FAR52_0193,52.219-9,219,train,28416,256,0,False
FAR52_0193,52.219-9,219,train,29312,256,0,False
FAR52_0193,52.219-9,219,train,30208,256,0,False
FAR52_0193,52.219-9,219,train,31104,256,0,False
FAR52_0193,52.219-9,219,train,32128,256,0,False
FAR52_0193,52.219-9,219,train,33024,256,0,False
FAR52_0193,52.219-9,219,train,33920,256,0,False
FAR52_0193,52.219-9,219,train,34816,256,0,False
FAR52_0193,52.219-9,219,train,35712,256,0,False
FAR52_0193,52.219-9,219,train,36608,256,0,False
FAR52_0193,52.219-9,219,train,37632,256,0,False
FAR52_0193,52.219-9,219,train,38528,256,0,False
FAR52_0193,52.219-9,219,train,39424,256,0,False
FAR52_0193,52.219-9,219,train,40320,256,0,False
FAR52_0193,52.219-9,219,train,41216,256,0,False
FAR52_0193,52.219-9,219,train,42240,256,0,False
FAR52_0193,52.219-9,219,train,43136,256,0,False
FAR52_0193,52.219-9,219,train,44032,256,0,False
FAR52_0193,52.219-9,219,train,44928,256,0,False
FAR52_0193,52.219-9,219,train,45824,256,0,False
FAR52_0193,52.219-9,219,train,46720,256,0,False
FAR52_0193,52.219-9,219,train,47744,256,0,False
FAR52_0193,52.219-9,219,train,48640,256,0,False
FAR52_0193,52.219-9,219,train,49536,256,0,False
FAR52_0193,52.219-9,219,train,50432,256,0,False
FAR52_0193,52.219-9,219,train,51328,256,0,False
FAR52_0193,52.219-9,219,train,52224,256,0,False
FAR52_0193,52.219-9,219,train,53248,256,0,False
FAR52_0193,52.219-9,219,train,54144,256,0,False
FAR52_0193,52.219-9,219,train,55040,256,0,False
FAR52_0193,52.219-9,219,train,55936,256,0,False
FAR52_0193,52.219-9,219,train,56832,256,0,False
FAR52_0193,52.219-9,219,train,57728,54,202,True
FAR52_0194,52.219-10,219,train,0,256,0,False
FAR52_0194,52.219-10,219,train,128,256,0,False
FAR52_0194,52.219-10,219,train,256,256,0,False
FAR52_0194,52.219-10,219,train,384,256,0,False
FAR52_0194,52.219-10,219,train,512,256,0,False
FAR52_0194,52.219-10,219,train,640,256,0,False
FAR52_0194,52.219-10,219,train,768,256,0,False
FAR52_0194,52.219-10,219,train,896,256,0,False
FAR52_0194,52.219-10,219,train,1024,256,0,False
FAR52_0194,52.219-10,219,train,1152,256,0,False
FAR52_0194,52.219-10,219,train,1280,256,0,False
FAR52_0194,52.219-10,219,train,1382,256,0,False
FAR52_0194,52.219-10,219,train,1408,230,26,True
FAR52_0194,52.219-10,219,train,1536,102,154,True
FAR52_0195,52.219-11,219,train,0,256,0,False
FAR52_0195,52.219-11,219,train,128,256,0,False
FAR52_0195,52.219-11,219,train,256,256,0,False
FAR52_0195,52.219-11,219,train,384,256,0,False
FAR52_0195,52.219-11,219,train,512,256,0,False
FAR52_0195,52.219-11,219,train,640,256,0,False
FAR52_0195,52.219-11,219,train,768,256,0,False
FAR52_0195,52.219-11,219,train,896,256,0,False
FAR52_0195,52.219-11,219,train,1024,256,0,False
FAR52_0195,52.219-11,219,train,1152,256,0,False
FAR52_0195,52.219-11,219,train,1280,256,0,False
FAR52_0195,52.219-11,219,train,1408,256,0,False
FAR52_0195,52.219-11,219,train,1536,256,0,False
FAR52_0195,52.219-11,219,train,1664,256,0,False
FAR52_0195,52.219-11,219,train,1683,256,0,False
FAR52_0195,52.219-11,219,train,1792,147,109,True
FAR52_0195,52.219-11,219,train,1920,19,237,True
FAR52_0196,52.219-12,219,train,0,256,0,False
FAR52_0196,52.219-12,219,train,128,256,0,False
FAR52_0196,52.219-12,219,train,256,256,0,False
FAR52_0196,52.219-12,219,train,384,256,0,False
FAR52_0196,52.219-12,219,train,512,256,0,False
FAR52_0196,52.219-12,219,train,640,256,0,False
FAR52_0196,52.219-12,219,train,768,256,0,False
FAR52_0196,52.219-12,219,train,896,256,0,False
FAR52_0196,52.219-12,219,train,1024,256,0,False
FAR52_0196,52.219-12,219,train,1152,256,0,False
FAR52_0196,52.219-12,219,train,1280,256,0,False
FAR52_0196,52.219-12,219,train,1309,256,0,False
FAR52_0196,52.219-12,219,train,1408,157,99,True
FAR52_0196,52.219-12,219,train,1536,29,227,True
FAR52_0197,52.219-13,219,train,0,256,0,False
FAR52_0197,52.219-13,219,train,128,256,0,False
FAR52_0197,52.219-13,219,train,256,256,0,False
FAR52_0197,52.219-13,219,train,384,256,0,False
FAR52_0197,52.219-13,219,train,512,256,0,False
FAR52_0197,52.219-13,219,train,640,256,0,False
FAR52_0197,52.219-13,219,train,723,256,0,False
FAR52_0197,52.219-13,219,train,768,211,45,True
FAR52_0197,52.219-13,219,train,896,83,173,True
FAR52_0198,52.219-14,219,train,0,256,0,False
FAR52_0198,52.219-14,219,train,128,256,0,False
FAR52_0198,52.219-14,219,train,256,256,0,False
FAR52_0198,52.219-14,219,train,384,256,0,False
FAR52_0198,52.219-14,219,train,512,256,0,False
FAR52_0198,52.219-14,219,train,640,256,0,False
FAR52_0198,52.219-14,219,train,768,256,0,False
FAR52_0198,52.219-14,219,train,896,256,0,False
FAR52_0198,52.219-14,219,train,1024,256,0,False
FAR52_0198,52.219-14,219,train,1152,256,0,False
FAR52_0198,52.219-14,219,train,1280,256,0,False
FAR52_0198,52.219-14,219,train,1408,256,0,False
FAR52_0198,52.219-14,219,train,1536,256,0,False
FAR52_0198,52.219-14,219,train,1664,256,0,False
FAR52_0198,52.219-14,219,train,1792,256,0,False
FAR52_0198,52.219-14,219,train,1920,256,0,False
FAR52_0198,52.219-14,219,train,2048,256,0,False
FAR52_0198,52.219-14,219,train,2176,256,0,False
FAR52_0198,52.219-14,219,train,2304,256,0,False
FAR52_0198,52.219-14,219,train,2432,256,0,False
FAR52_0198,52.219-14,219,train,2560,256,0,False
FAR52_0198,52.219-14,219,train,2688,256,0,False
FAR52_0198,52.219-14,219,train,2816,256,0,False
FAR52_0198,52.219-14,219,train,2944,256,0,False
FAR52_0198,52.219-14,219,train,3072,256,0,False
FAR52_0198,52.219-14,219,train,3200,256,0,False
FAR52_0198,52.219-14,219,train,3328,256,0,False
FAR52_0198,52.219-14,219,train,3456,256,0,False
FAR52_0198,52.219-14,219,train,3584,256,0,False
FAR52_0198,52.219-14,219,train,3712,256,0,False
FAR52_0198,52.219-14,219,train,3840,256,0,False
FAR52_0198,52.219-14,219,train,3968,256,0,False
FAR52_0198,52.219-14,219,train,4096,256,0,False
FAR52_0198,52.219-14,219,train,4224,256,0,False
FAR52_0198,52.219-14,219,train,4352,256,0,False
FAR52_0198,52.219-14,219,train,4480,256,0,False
FAR52_0198,52.219-14,219,train,4608,256,0,False
FAR52_0198,52.219-14,219,train,4736,256,0,False
FAR52_0198,52.219-14,219,train,4864,256,0,False
FAR52_0198,52.219-14,219,train,4992,256,0,False
FAR52_0198,52.219-14,219,train,5120,256,0,False
FAR52_0198,52.219-14,219,train,5248,256,0,False
FAR52_0198,52.219-14,219,train,5267,256,0,False
FAR52_0198,52.219-14,219,train,5376,147,109,True
FAR52_0198,52.219-14,219,train,5504,19,237,True
FAR52_0199,52.219-16,219,train,0,256,0,False
FAR52_0199,52.219-16,219,train,128,256,0,False
FAR52_0199,52.219-16,219,train,256,256,0,False
FAR52_0199,52.219-16,219,train,384,256,0,False
FAR52_0199,52.219-16,219,train,512,256,0,False
FAR52_0199,52.219-16,219,train,640,256,0,False
FAR52_0199,52.219-16,219,train,768,256,0,False
FAR52_0199,52.219-16,219,train,896,256,0,False
FAR52_0199,52.219-16,219,train,1024,256,0,False
FAR52_0199,52.219-16,219,train,1152,256,0,False
FAR52_0199,52.219-16,219,train,1280,256,0,False
FAR52_0199,52.219-16,219,train,1408,256,0,False
FAR52_0199,52.219-16,219,train,1536,256,0,False
FAR52_0199,52.219-16,219,train,1664,256,0,False
FAR52_0199,52.219-16,219,train,1792,256,0,False
FAR52_0199,52.219-16,219,train,1920,256,0,False
FAR52_0199,52.219-16,219,train,2048,256,0,False
FAR52_0199,52.219-16,219,train,2176,256,0,False
FAR52_0199,52.219-16,219,train,2304,256,0,False
FAR52_0199,52.219-16,219,train,2432,256,0,False
FAR52_0199,52.219-16,219,train,2560,256,0,False
FAR52_0199,52.219-16,219,train,2585,256,0,False
FAR52_0199,52.219-16,219,train,2688,153,103,True
FAR52_0199,52.219-16,219,train,2816,25,231,True
FAR52_0200,52.219-17,219,train,0,256,0,False
FAR52_0200,52.219-17,219,train,128,256,0,False
FAR52_0200,52.219-17,219,train,256,256,0,False
FAR52_0200,52.219-17,219,train,384,256,0,False
FAR52_0200,52.219-17,219,train,512,256,0,False
FAR52_0200,52.219-17,219,train,640,256,0,False
FAR52_0200,52.219-17,219,train,768,256,0,False
FAR52_0200,52.219-17,219,train,896,256,0,False
FAR52_0200,52.219-17,219,train,1024,256,0,False
FAR52_0200,52.219-17,219,train,1152,256,0,False
FAR52_0200,52.219-17,219,train,1280,256,0,False
FAR52_0200,52.219-17,219,train,1408,256,0,False
FAR52_0200,52.219-17,219,train,1516,256,0,False
FAR52_0200,52.219-17,219,train,1536,236,20,True
FAR52_0200,52.219-17,219,train,1664,108,148,True
FAR52_0201,52.219-18,219,train,0,256,0,False
FAR52_0201,52.219-18,219,train,128,256,0,False
FAR52_0201,52.219-18,219,train,256,256,0,False
FAR52_0201,52.219-18,219,train,384,256,0,False
FAR52_0201,52.219-18,219,train,512,256,0,False
FAR52_0201,52.219-18,219,train,640,256,0,False
FAR52_0201,52.219-18,219,train,768,256,0,False
FAR52_0201,52.219-18,219,train,896,256,0,False
FAR52_0201,52.219-18,219,train,1024,256,0,False
FAR52_0201,52.219-18,219,train,1152,256,0,False
FAR52_0201,52.219-18,219,train,1280,256,0,False
FAR52_0201,52.219-18,219,train,1408,256,0,False
FAR52_0201,52.219-18,219,train,1536,256,0,False
FAR52_0201,52.219-18,219,train,1664,256,0,False
FAR52_0201,52.219-18,219,train,1792,256,0,False
FAR52_0201,52.219-18,219,train,1920,256,0,False
FAR52_0201,52.219-18,219,train,2048,256,0,False
FAR52_0201,52.219-18,219,train,2176,256,0,False
FAR52_0201,52.219-18,219,train,2303,256,0,False
FAR52_0201,52.219-18,219,train,2304,255,1,True
FAR52_0201,52.219-18,219,train,2432,127,129,True
FAR52_0202,52.219-27,219,train,0,256,0,False
FAR52_0202,52.219-27,219,train,128,256,0,False
FAR52_0202,52.219-27,219,train,256,256,0,False
FAR52_0202,52.219-27,219,train,384,256,0,False
FAR52_0202,52.219-27,219,train,512,256,0,False
FAR52_0202,52.219-27,219,train,640,256,0,False
FAR52_0202,52.219-27,219,train,768,256,0,False
FAR52_0202,52.219-27,219,train,896,256,0,False
FAR52_0202,52.219-27,219,train,1024,256,0,False
FAR52_0202,52.219-27,219,train,1152,256,0,False
FAR52_0202,52.219-27,219,train,1280,256,0,False
FAR52_0202,52.219-27,219,train,1408,256,0,False
FAR52_0202,52.219-27,219,train,1536,256,0,False
FAR52_0202,52.219-27,219,train,1664,256,0,False
FAR52_0202,52.219-27,219,train,1792,256,0,False
FAR52_0202,52.219-27,219,train,1920,256,0,False
FAR52_0202,52.219-27,219,train,2048,256,0,False
FAR52_0202,52.219-27,219,train,2176,256,0,False
FAR52_0202,52.219-27,219,train,2304,256,0,False
FAR52_0202,52.219-27,219,train,2432,256,0,False
FAR52_0202,52.219-27,219,train,2560,256,0,False
FAR52_0202,52.219-27,219,train,2688,256,0,False
FAR52_0202,52.219-27,219,train,2816,256,0,False
FAR52_0202,52.219-27,219,train,2944,256,0,False
FAR52_0202,52.219-27,219,train,3072,256,0,False
FAR52_0202,52.219-27,219,train,3200,256,0,False
FAR52_0202,52.219-27,219,train,3328,256,0,False
FAR52_0202,52.219-27,219,train,3456,256,0,False
FAR52_0202,52.219-27,219,train,3584,256,0,False
FAR52_0202,52.219-27,219,train,3646,256,0,False
FAR52_0202,52.219-27,219,train,3712,190,66,True
FAR52_0202,52.219-27,219,train,3840,62,194,True
FAR52_0203,52.219-28,219,train,0,256,0,False
FAR52_0203,52.219-28,219,train,128,256,0,False
FAR52_0203,52.219-28,219,train,256,256,0,False
FAR52_0203,52.219-28,219,train,512,256,0,False
FAR52_0203,52.219-28,219,train,640,256,0,False
FAR52_0203,52.219-28,219,train,768,256,0,False
FAR52_0203,52.219-28,219,train,1024,256,0,False
FAR52_0203,52.219-28,219,train,1152,256,0,False
FAR52_0203,52.219-28,219,train,1280,256,0,False
FAR52_0203,52.219-28,219,train,1536,256,0,False
FAR52_0203,52.219-28,219,train,1664,256,0,False
FAR52_0203,52.219-28,219,train,1792,256,0,False
FAR52_0203,52.219-28,219,train,2048,256,0,False
FAR52_0203,52.219-28,219,train,2176,256,0,False
FAR52_0203,52.219-28,219,train,2304,256,0,False
FAR52_0203,52.219-28,219,train,2560,256,0,False
FAR52_0203,52.219-28,219,train,2688,256,0,False
FAR52_0203,52.219-28,219,train,2816,256,0,False
FAR52_0203,52.219-28,219,train,3072,256,0,False
FAR52_0203,52.219-28,219,train,3200,256,0,False
FAR52_0203,52.219-28,219,train,3328,256,0,False
FAR52_0203,52.219-28,219,train,3584,256,0,False
FAR52_0203,52.219-28,219,train,3712,256,0,False
FAR52_0203,52.219-28,219,train,3840,256,0,False
FAR52_0203,52.219-28,219,train,4096,256,0,False
FAR52_0203,52.219-28,219,train,4224,256,0,False
FAR52_0203,52.219-28,219,train,4352,256,0,False
FAR52_0203,52.219-28,219,train,4608,256,0,False
FAR52_0203,52.219-28,219,train,4736,256,0,False
FAR52_0203,52.219-28,219,train,4864,256,0,False
FAR52_0203,52.219-28,219,train,5120,256,0,False
FAR52_0203,52.219-28,219,train,5248,256,0,False
FAR52_0203,52.219-28,219,train,5376,256,0,False
FAR52_0203,52.219-28,219,train,5632,256,0,False
FAR52_0203,52.219-28,219,train,5760,256,0,False
FAR52_0203,52.219-28,219,train,5888,256,0,False
FAR52_0203,52.219-28,219,train,6144,256,0,False
FAR52_0203,52.219-28,219,train,6272,256,0,False
FAR52_0203,52.219-28,219,train,6400,256,0,False
FAR52_0203,52.219-28,219,train,6656,256,0,False
FAR52_0203,52.219-28,219,train,6784,256,0,False
FAR52_0203,52.219-28,219,train,6912,256,0,False
FAR52_0203,52.219-28,219,train,7168,256,0,False
FAR52_0203,52.219-28,219,train,7296,256,0,False
FAR52_0203,52.219-28,219,train,7424,256,0,False
FAR52_0203,52.219-28,219,train,7680,256,0,False
FAR52_0203,52.219-28,219,train,7808,256,0,False
FAR52_0203,52.219-28,219,train,7936,256,0,False
FAR52_0203,52.219-28,219,train,8192,256,0,False
FAR52_0203,52.219-28,219,train,8320,256,0,False
FAR52_0203,52.219-28,219,train,8448,256,0,False
FAR52_0203,52.219-28,219,train,8704,256,0,False
FAR52_0203,52.219-28,219,train,8832,256,0,False
FAR52_0203,52.219-28,219,train,8960,256,0,False
FAR52_0203,52.219-28,219,train,9216,256,0,False
FAR52_0203,52.219-28,219,train,9344,256,0,False
FAR52_0203,52.219-28,219,train,9472,256,0,False
FAR52_0203,52.219-28,219,train,9728,256,0,False
FAR52_0203,52.219-28,219,train,9856,256,0,False
FAR52_0203,52.219-28,219,train,9984,256,0,False
FAR52_0203,52.219-28,219,train,10240,256,0,False
FAR52_0203,52.219-28,219,train,10368,256,0,False
FAR52_0203,52.219-28,219,train,10381,256,0,False
FAR52_0203,52.219-28,219,train,10624,13,243,True
FAR52_0204,52.219-29,219,train,0,256,0,False
FAR52_0204,52.219-29,219,train,128,256,0,False
FAR52_0204,52.219-29,219,train,256,256,0,False
FAR52_0204,52.219-29,219,train,384,256,0,False
FAR52_0204,52.219-29,219,train,512,256,0,False
FAR52_0204,52.219-29,219,train,640,256,0,False
FAR52_0204,52.219-29,219,train,768,256,0,False
FAR52_0204,52.219-29,219,train,896,256,0,False
FAR52_0204,52.219-29,219,train,1024,256,0,False
FAR52_0204,52.219-29,219,train,1152,256,0,False
FAR52_0204,52.219-29,219,train,1280,256,0,False
FAR52_0204,52.219-29,219,train,1408,256,0,False
FAR52_0204,52.219-29,219,train,1536,256,0,False
FAR52_0204,52.219-29,219,train,1664,256,0,False
FAR52_0204,52.219-29,219,train,1792,256,0,False
FAR52_0204,52.219-29,219,train,1920,256,0,False
FAR52_0204,52.219-29,219,train,2048,256,0,False
FAR52_0204,52.219-29,219,train,2176,256,0,False
FAR52_0204,52.219-29,219,train,2304,256,0,False
FAR52_0204,52.219-29,219,train,2432,256,0,False
FAR52_0204,52.219-29,219,train,2560,256,0,False
FAR52_0204,52.219-29,219,train,2688,256,0,False
FAR52_0204,52.219-29,219,train,2694,256,0,False
FAR52_0204,52.219-29,219,train,2816,134,122,True
FAR52_0204,52.219-29,219,train,2944,6,250,True
FAR52_0205,52.219-30,219,validation,0,256,0,False
FAR52_0205,52.219-30,219,validation,128,256,0,False
FAR52_0205,52.219-30,219,validation,256,256,0,False
FAR52_0205,52.219-30,219,validation,384,256,0,False
FAR52_0205,52.219-30,219,validation,512,256,0,False
FAR52_0205,52.219-30,219,validation,640,256,0,False
FAR52_0205,52.219-30,219,validation,768,256,0,False
FAR52_0205,52.219-30,219,validation,896,256,0,False
FAR52_0205,52.219-30,219,validation,1024,256,0,False
FAR52_0205,52.219-30,219,validation,1152,256,0,False
FAR52_0205,52.219-30,219,validation,1280,256,0,False
FAR52_0205,52.219-30,219,validation,1408,256,0,False
FAR52_0205,52.219-30,219,validation,1536,256,0,False
FAR52_0205,52.219-30,219,validation,1664,256,0,False
FAR52_0205,52.219-30,219,validation,1792,256,0,False
FAR52_0205,52.219-30,219,validation,1920,256,0,False
FAR52_0205,52.219-30,219,validation,2048,256,0,False
FAR52_0205,52.219-30,219,validation,2176,256,0,False
FAR52_0205,52.219-30,219,validation,2304,256,0,False
FAR52_0205,52.219-30,219,validation,2432,256,0,False
FAR52_0205,52.219-30,219,validation,2560,256,0,False
FAR52_0205,52.219-30,219,validation,2688,256,0,False
FAR52_0205,52.219-30,219,validation,2816,256,0,False
FAR52_0205,52.219-30,219,validation,2944,256,0,False
FAR52_0205,52.219-30,219,validation,2956,256,0,False
FAR52_0205,52.219-30,219,validation,3072,140,116,True
FAR52_0205,52.219-30,219,validation,3200,12,244,True
FAR52_0206,52.219-31,219,train,0,256,0,False
FAR52_0206,52.219-31,219,train,128,256,0,False
FAR52_0206,52.219-31,219,train,256,256,0,False
FAR52_0206,52.219-31,219,train,351,256,0,False
FAR52_0206,52.219-31,219,train,384,223,33,True
FAR52_0206,52.219-31,219,train,512,95,161,True
FAR52_0207,52.219-32,219,train,0,256,0,False
FAR52_0207,52.219-32,219,train,128,256,0,False
FAR52_0207,52.219-32,219,train,256,256,0,False
FAR52_0207,52.219-32,219,train,306,256,0,False
FAR52_0207,52.219-32,219,train,384,178,78,True
FAR52_0207,52.219-32,219,train,512,50,206,True
FAR52_0208,52.219-33,219,train,0,256,0,False
FAR52_0208,52.219-33,219,train,128,256,0,False
FAR52_0208,52.219-33,219,train,256,256,0,False
FAR52_0208,52.219-33,219,train,384,256,0,False
FAR52_0208,52.219-33,219,train,512,256,0,False
FAR52_0208,52.219-33,219,train,640,256,0,False
FAR52_0208,52.219-33,219,train,768,256,0,False
FAR52_0208,52.219-33,219,train,896,256,0,False
FAR52_0208,52.219-33,219,train,1024,256,0,False
FAR52_0208,52.219-33,219,train,1152,256,0,False
FAR52_0208,52.219-33,219,train,1280,256,0,False
FAR52_0208,52.219-33,219,train,1408,256,0,False
FAR52_0208,52.219-33,219,train,1536,256,0,False
FAR52_0208,52.219-33,219,train,1664,256,0,False
FAR52_0208,52.219-33,219,train,1792,256,0,False
FAR52_0208,52.219-33,219,train,1920,256,0,False
FAR52_0208,52.219-33,219,train,2048,256,0,False
FAR52_0208,52.219-33,219,train,2176,256,0,False
FAR52_0208,52.219-33,219,train,2304,256,0,False
FAR52_0208,52.219-33,219,train,2432,256,0,False
FAR52_0208,52.219-33,219,train,2560,256,0,False
FAR52_0208,52.219-33,219,train,2688,256,0,False
FAR52_0208,52.219-33,219,train,2719,256,0,False
FAR52_0208,52.219-33,219,train,2816,159,97,True
FAR52_0208,52.219-33,219,train,2944,31,225,True
FAR52_0209,52.222-1,222,train,0,256,0,False
FAR52_0209,52.222-1,222,train,128,256,0,False
FAR52_0209,52.222-1,222,train,187,256,0,False
FAR52_0209,52.222-1,222,train,256,187,69,True
FAR52_0209,52.222-1,222,train,384,59,197,True
FAR52_0210,52.222-2,222,train,0,256,0,False
FAR52_0210,52.222-2,222,train,128,256,0,False
FAR52_0210,52.222-2,222,train,256,256,0,False
FAR52_0210,52.222-2,222,train,384,256,0,False
FAR52_0210,52.222-2,222,train,512,256,0,False
FAR52_0210,52.222-2,222,train,640,256,0,False
FAR52_0210,52.222-2,222,train,768,256,0,False
FAR52_0210,52.222-2,222,train,896,256,0,False
FAR52_0210,52.222-2,222,train,1024,256,0,False
FAR52_0210,52.222-2,222,train,1152,256,0,False
FAR52_0210,52.222-2,222,train,1280,256,0,False
FAR52_0210,52.222-2,222,train,1408,256,0,False
FAR52_0210,52.222-2,222,train,1536,256,0,False
FAR52_0210,52.222-2,222,train,1664,256,0,False
FAR52_0210,52.222-2,222,train,1792,256,0,False
FAR52_0210,52.222-2,222,train,1821,256,0,False
FAR52_0210,52.222-2,222,train,1920,157,99,True
FAR52_0210,52.222-2,222,train,2048,29,227,True
FAR52_0211,52.222-3,222,train,0,256,0,False
FAR52_0211,52.222-3,222,train,128,256,0,False
FAR52_0211,52.222-3,222,train,256,256,0,False
FAR52_0211,52.222-3,222,train,384,256,0,False
FAR52_0211,52.222-3,222,train,512,256,0,False
FAR52_0211,52.222-3,222,train,640,256,0,False
FAR52_0211,52.222-3,222,train,768,256,0,False
FAR52_0211,52.222-3,222,train,896,256,0,False
FAR52_0211,52.222-3,222,train,1024,256,0,False
FAR52_0211,52.222-3,222,train,1152,256,0,False
FAR52_0211,52.222-3,222,train,1280,256,0,False
FAR52_0211,52.222-3,222,train,1408,256,0,False
FAR52_0211,52.222-3,222,train,1536,256,0,False
FAR52_0211,52.222-3,222,train,1560,256,0,False
FAR52_0211,52.222-3,222,train,1664,152,104,True
FAR52_0211,52.222-3,222,train,1792,24,232,True
FAR52_0212,52.222-4,222,validation,0,256,0,False
FAR52_0212,52.222-4,222,validation,128,256,0,False
FAR52_0212,52.222-4,222,validation,256,256,0,False
FAR52_0212,52.222-4,222,validation,384,256,0,False
FAR52_0212,52.222-4,222,validation,512,256,0,False
FAR52_0212,52.222-4,222,validation,640,256,0,False
FAR52_0212,52.222-4,222,validation,768,256,0,False
FAR52_0212,52.222-4,222,validation,896,256,0,False
FAR52_0212,52.222-4,222,validation,1024,256,0,False
FAR52_0212,52.222-4,222,validation,1152,256,0,False
FAR52_0212,52.222-4,222,validation,1280,256,0,False
FAR52_0212,52.222-4,222,validation,1408,256,0,False
FAR52_0212,52.222-4,222,validation,1536,256,0,False
FAR52_0212,52.222-4,222,validation,1664,256,0,False
FAR52_0212,52.222-4,222,validation,1792,256,0,False
FAR52_0212,52.222-4,222,validation,1920,256,0,False
FAR52_0212,52.222-4,222,validation,2048,256,0,False
FAR52_0212,52.222-4,222,validation,2176,256,0,False
FAR52_0212,52.222-4,222,validation,2304,256,0,False
FAR52_0212,52.222-4,222,validation,2432,256,0,False
FAR52_0212,52.222-4,222,validation,2560,256,0,False
FAR52_0212,52.222-4,222,validation,2688,256,0,False
FAR52_0212,52.222-4,222,validation,2816,256,0,False
FAR52_0212,52.222-4,222,validation,2944,256,0,False
FAR52_0212,52.222-4,222,validation,3072,256,0,False
FAR52_0212,52.222-4,222,validation,3200,256,0,False
FAR52_0212,52.222-4,222,validation,3302,256,0,False
FAR52_0212,52.222-4,222,validation,3328,230,26,True
FAR52_0212,52.222-4,222,validation,3456,102,154,True
FAR52_0213,52.222-5,222,train,0,256,0,False
FAR52_0213,52.222-5,222,train,128,256,0,False
FAR52_0213,52.222-5,222,train,256,256,0,False
FAR52_0213,52.222-5,222,train,384,256,0,False
FAR52_0213,52.222-5,222,train,512,256,0,False
FAR52_0213,52.222-5,222,train,640,256,0,False
FAR52_0213,52.222-5,222,train,768,256,0,False
FAR52_0213,52.222-5,222,train,786,256,0,False
FAR52_0213,52.222-5,222,train,896,146,110,True
FAR52_0213,52.222-5,222,train,1024,18,238,True
FAR52_0214,52.222-6,222,train,0,256,0,False
FAR52_0214,52.222-6,222,train,128,256,0,False
FAR52_0214,52.222-6,222,train,256,256,0,False
FAR52_0214,52.222-6,222,train,384,256,0,False
FAR52_0214,52.222-6,222,train,512,256,0,False
FAR52_0214,52.222-6,222,train,640,256,0,False
FAR52_0214,52.222-6,222,train,768,256,0,False
FAR52_0214,52.222-6,222,train,896,256,0,False
FAR52_0214,52.222-6,222,train,1024,256,0,False
FAR52_0214,52.222-6,222,train,1152,256,0,False
FAR52_0214,52.222-6,222,train,1280,256,0,False
FAR52_0214,52.222-6,222,train,1408,256,0,False
FAR52_0214,52.222-6,222,train,1536,256,0,False
FAR52_0214,52.222-6,222,train,1664,256,0,False
FAR52_0214,52.222-6,222,train,1792,256,0,False
FAR52_0214,52.222-6,222,train,1920,256,0,False
FAR52_0214,52.222-6,222,train,2048,256,0,False
FAR52_0214,52.222-6,222,train,2176,256,0,False
FAR52_0214,52.222-6,222,train,2304,256,0,False
FAR52_0214,52.222-6,222,train,2432,256,0,False
FAR52_0214,52.222-6,222,train,2560,256,0,False
FAR52_0214,52.222-6,222,train,2688,256,0,False
FAR52_0214,52.222-6,222,train,2816,256,0,False
FAR52_0214,52.222-6,222,train,2944,256,0,False
FAR52_0214,52.222-6,222,train,3072,256,0,False
FAR52_0214,52.222-6,222,train,3200,256,0,False
FAR52_0214,52.222-6,222,train,3328,256,0,False
FAR52_0214,52.222-6,222,train,3456,256,0,False
FAR52_0214,52.222-6,222,train,3584,256,0,False
FAR52_0214,52.222-6,222,train,3712,256,0,False
FAR52_0214,52.222-6,222,train,3840,256,0,False
FAR52_0214,52.222-6,222,train,3968,256,0,False
FAR52_0214,52.222-6,222,train,4224,256,0,False
FAR52_0214,52.222-6,222,train,4352,256,0,False
FAR52_0214,52.222-6,222,train,4480,256,0,False
FAR52_0214,52.222-6,222,train,4608,256,0,False
FAR52_0214,52.222-6,222,train,4736,256,0,False
FAR52_0214,52.222-6,222,train,4864,256,0,False
FAR52_0214,52.222-6,222,train,4992,256,0,False
FAR52_0214,52.222-6,222,train,5120,256,0,False
FAR52_0214,52.222-6,222,train,5248,256,0,False
FAR52_0214,52.222-6,222,train,5376,256,0,False
FAR52_0214,52.222-6,222,train,5504,256,0,False
FAR52_0214,52.222-6,222,train,5632,256,0,False
FAR52_0214,52.222-6,222,train,5760,256,0,False
FAR52_0214,52.222-6,222,train,5888,256,0,False
FAR52_0214,52.222-6,222,train,6016,256,0,False
FAR52_0214,52.222-6,222,train,6144,256,0,False
FAR52_0214,52.222-6,222,train,6272,256,0,False
FAR52_0214,52.222-6,222,train,6400,256,0,False
FAR52_0214,52.222-6,222,train,6528,256,0,False
FAR52_0214,52.222-6,222,train,6656,256,0,False
FAR52_0214,52.222-6,222,train,6784,256,0,False
FAR52_0214,52.222-6,222,train,6912,256,0,False
FAR52_0214,52.222-6,222,train,7040,256,0,False
FAR52_0214,52.222-6,222,train,7168,256,0,False
FAR52_0214,52.222-6,222,train,7296,256,0,False
FAR52_0214,52.222-6,222,train,7424,256,0,False
FAR52_0214,52.222-6,222,train,7552,256,0,False
FAR52_0214,52.222-6,222,train,7680,256,0,False
FAR52_0214,52.222-6,222,train,7808,256,0,False
FAR52_0214,52.222-6,222,train,7936,256,0,False
FAR52_0214,52.222-6,222,train,8039,256,0,False
FAR52_0214,52.222-6,222,train,8192,103,153,True
FAR52_0215,52.222-7,222,validation,0,256,0,False
FAR52_0215,52.222-7,222,validation,128,256,0,False
FAR52_0215,52.222-7,222,validation,256,256,0,False
FAR52_0215,52.222-7,222,validation,384,256,0,False
FAR52_0215,52.222-7,222,validation,512,256,0,False
FAR52_0215,52.222-7,222,validation,640,256,0,False
FAR52_0215,52.222-7,222,validation,768,256,0,False
FAR52_0215,52.222-7,222,validation,896,256,0,False
FAR52_0215,52.222-7,222,validation,953,256,0,False
FAR52_0215,52.222-7,222,validation,1024,185,71,True
FAR52_0215,52.222-7,222,validation,1152,57,199,True
FAR52_0216,52.222-8,222,train,0,256,0,False
FAR52_0216,52.222-8,222,train,128,256,0,False
FAR52_0216,52.222-8,222,train,256,256,0,False
FAR52_0216,52.222-8,222,train,384,256,0,False
FAR52_0216,52.222-8,222,train,512,256,0,False
FAR52_0216,52.222-8,222,train,640,256,0,False
FAR52_0216,52.222-8,222,train,768,256,0,False
FAR52_0216,52.222-8,222,train,896,256,0,False
FAR52_0216,52.222-8,222,train,1024,256,0,False
FAR52_0216,52.222-8,222,train,1152,256,0,False
FAR52_0216,52.222-8,222,train,1280,256,0,False
FAR52_0216,52.222-8,222,train,1408,256,0,False
FAR52_0216,52.222-8,222,train,1536,256,0,False
FAR52_0216,52.222-8,222,train,1664,256,0,False
FAR52_0216,52.222-8,222,train,1792,256,0,False
FAR52_0216,52.222-8,222,train,1920,256,0,False
FAR52_0216,52.222-8,222,train,2048,256,0,False
FAR52_0216,52.222-8,222,train,2176,256,0,False
FAR52_0216,52.222-8,222,train,2304,256,0,False
FAR52_0216,52.222-8,222,train,2432,256,0,False
FAR52_0216,52.222-8,222,train,2560,256,0,False
FAR52_0216,52.222-8,222,train,2688,256,0,False
FAR52_0216,52.222-8,222,train,2816,256,0,False
FAR52_0216,52.222-8,222,train,2944,256,0,False
FAR52_0216,52.222-8,222,train,3072,256,0,False
FAR52_0216,52.222-8,222,train,3200,256,0,False
FAR52_0216,52.222-8,222,train,3328,256,0,False
FAR52_0216,52.222-8,222,train,3456,256,0,False
FAR52_0216,52.222-8,222,train,3584,256,0,False
FAR52_0216,52.222-8,222,train,3712,256,0,False
FAR52_0216,52.222-8,222,train,3840,256,0,False
FAR52_0216,52.222-8,222,train,3968,256,0,False
FAR52_0216,52.222-8,222,train,4096,256,0,False
FAR52_0216,52.222-8,222,train,4224,256,0,False
FAR52_0216,52.222-8,222,train,4352,256,0,False
FAR52_0216,52.222-8,222,train,4480,256,0,False
FAR52_0216,52.222-8,222,train,4608,256,0,False
FAR52_0216,52.222-8,222,train,4736,256,0,False
FAR52_0216,52.222-8,222,train,4864,256,0,False
FAR52_0216,52.222-8,222,train,4992,256,0,False
FAR52_0216,52.222-8,222,train,5120,256,0,False
FAR52_0216,52.222-8,222,train,5248,256,0,False
FAR52_0216,52.222-8,222,train,5376,256,0,False
FAR52_0216,52.222-8,222,train,5483,256,0,False
FAR52_0216,52.222-8,222,train,5504,235,21,True
FAR52_0216,52.222-8,222,train,5632,107,149,True
FAR52_0217,52.222-9,222,train,0,256,0,False
FAR52_0217,52.222-9,222,train,128,256,0,False
FAR52_0217,52.222-9,222,train,256,256,0,False
FAR52_0217,52.222-9,222,train,384,256,0,False
FAR52_0217,52.222-9,222,train,512,256,0,False
FAR52_0217,52.222-9,222,train,640,256,0,False
FAR52_0217,52.222-9,222,train,768,256,0,False
FAR52_0217,52.222-9,222,train,896,256,0,False
FAR52_0217,52.222-9,222,train,1024,256,0,False
FAR52_0217,52.222-9,222,train,1152,256,0,False
FAR52_0217,52.222-9,222,train,1280,256,0,False
FAR52_0217,52.222-9,222,train,1408,256,0,False
FAR52_0217,52.222-9,222,train,1536,256,0,False
FAR52_0217,52.222-9,222,train,1664,256,0,False
FAR52_0217,52.222-9,222,train,1792,256,0,False
FAR52_0217,52.222-9,222,train,1920,256,0,False
FAR52_0217,52.222-9,222,train,2048,256,0,False
FAR52_0217,52.222-9,222,train,2176,256,0,False
FAR52_0217,52.222-9,222,train,2304,256,0,False
FAR52_0217,52.222-9,222,train,2432,256,0,False
FAR52_0217,52.222-9,222,train,2560,256,0,False
FAR52_0217,52.222-9,222,train,2688,256,0,False
FAR52_0217,52.222-9,222,train,2816,256,0,False
FAR52_0217,52.222-9,222,train,2944,256,0,False
FAR52_0217,52.222-9,222,train,3072,256,0,False
FAR52_0217,52.222-9,222,train,3200,256,0,False
FAR52_0217,52.222-9,222,train,3328,256,0,False
FAR52_0217,52.222-9,222,train,3456,256,0,False
FAR52_0217,52.222-9,222,train,3584,256,0,False
FAR52_0217,52.222-9,222,train,3712,256,0,False
FAR52_0217,52.222-9,222,train,3840,256,0,False
FAR52_0217,52.222-9,222,train,3968,256,0,False
FAR52_0217,52.222-9,222,train,4096,256,0,False
FAR52_0217,52.222-9,222,train,4224,256,0,False
FAR52_0217,52.222-9,222,train,4352,256,0,False
FAR52_0217,52.222-9,222,train,4480,256,0,False
FAR52_0217,52.222-9,222,train,4608,256,0,False
FAR52_0217,52.222-9,222,train,4736,256,0,False
FAR52_0217,52.222-9,222,train,4864,256,0,False
FAR52_0217,52.222-9,222,train,4951,256,0,False
FAR52_0217,52.222-9,222,train,4992,215,41,True
FAR52_0217,52.222-9,222,train,5120,87,169,True
FAR52_0218,52.222-10,222,train,0,256,0,False
FAR52_0218,52.222-10,222,train,53,256,0,False
FAR52_0218,52.222-10,222,train,128,181,75,True
FAR52_0218,52.222-10,222,train,256,53,203,True
FAR52_0219,52.222-11,222,train,0,256,0,False
FAR52_0219,52.222-11,222,train,128,256,0,False
FAR52_0219,52.222-11,222,train,256,256,0,False
FAR52_0219,52.222-11,222,train,384,256,0,False
FAR52_0219,52.222-11,222,train,512,256,0,False
FAR52_0219,52.222-11,222,train,640,256,0,False
FAR52_0219,52.222-11,222,train,768,256,0,False
FAR52_0219,52.222-11,222,train,896,256,0,False
FAR52_0219,52.222-11,222,train,1024,256,0,False
FAR52_0219,52.222-11,222,train,1152,256,0,False
FAR52_0219,52.222-11,222,train,1280,256,0,False
FAR52_0219,52.222-11,222,train,1408,256,0,False
FAR52_0219,52.222-11,222,train,1536,256,0,False
FAR52_0219,52.222-11,222,train,1664,256,0,False
FAR52_0219,52.222-11,222,train,1792,256,0,False
FAR52_0219,52.222-11,222,train,1920,256,0,False
FAR52_0219,52.222-11,222,train,2048,256,0,False
FAR52_0219,52.222-11,222,train,2176,256,0,False
FAR52_0219,52.222-11,222,train,2304,256,0,False
FAR52_0219,52.222-11,222,train,2432,256,0,False
FAR52_0219,52.222-11,222,train,2560,256,0,False
FAR52_0219,52.222-11,222,train,2688,256,0,False
FAR52_0219,52.222-11,222,train,2816,256,0,False
FAR52_0219,52.222-11,222,train,2944,256,0,False
FAR52_0219,52.222-11,222,train,2969,256,0,False
FAR52_0219,52.222-11,222,train,3072,153,103,True
FAR52_0219,52.222-11,222,train,3200,25,231,True
FAR52_0220,52.222-12,222,train,0,256,0,False
FAR52_0220,52.222-12,222,train,128,256,0,False
FAR52_0220,52.222-12,222,train,256,256,0,False
FAR52_0220,52.222-12,222,train,384,256,0,False
FAR52_0220,52.222-12,222,train,411,256,0,False
FAR52_0220,52.222-12,222,train,512,155,101,True
FAR52_0220,52.222-12,222,train,640,27,229,True
FAR52_0221,52.222-13,222,train,0,256,0,False
FAR52_0221,52.222-13,222,train,128,256,0,False
FAR52_0221,52.222-13,222,train,181,256,0,False
FAR52_0221,52.222-13,222,train,256,181,75,True
FAR52_0221,52.222-13,222,train,384,53,203,True
FAR52_0222,52.222-14,222,train,0,256,0,False
FAR52_0222,52.222-14,222,train,128,256,0,False
FAR52_0222,52.222-14,222,train,256,256,0,False
FAR52_0222,52.222-14,222,train,384,256,0,False
FAR52_0222,52.222-14,222,train,396,256,0,False
FAR52_0222,52.222-14,222,train,512,140,116,True
FAR52_0222,52.222-14,222,train,640,12,244,True
FAR52_0223,52.222-15,222,train,0,256,0,False
FAR52_0223,52.222-15,222,train,128,256,0,False
FAR52_0223,52.222-15,222,train,256,256,0,False
FAR52_0223,52.222-15,222,train,384,256,0,False
FAR52_0223,52.222-15,222,train,442,256,0,False
FAR52_0223,52.222-15,222,train,512,186,70,True
FAR52_0223,52.222-15,222,train,640,58,198,True
FAR52_0224,52.222-16,222,train,0,256,0,False
FAR52_0224,52.222-16,222,train,128,256,0,False
FAR52_0224,52.222-16,222,train,256,256,0,False
FAR52_0224,52.222-16,222,train,384,256,0,False
FAR52_0224,52.222-16,222,train,512,256,0,False
FAR52_0224,52.222-16,222,train,640,256,0,False
FAR52_0224,52.222-16,222,train,739,256,0,False
FAR52_0224,52.222-16,222,train,768,227,29,True
FAR52_0224,52.222-16,222,train,896,99,157,True
FAR52_0225,52.222-18,222,test,0,256,0,False
FAR52_0225,52.222-18,222,test,128,256,0,False
FAR52_0225,52.222-18,222,test,256,256,0,False
FAR52_0225,52.222-18,222,test,384,256,0,False
FAR52_0225,52.222-18,222,test,512,256,0,False
FAR52_0225,52.222-18,222,test,640,256,0,False
FAR52_0225,52.222-18,222,test,768,256,0,False
FAR52_0225,52.222-18,222,test,896,256,0,False
FAR52_0225,52.222-18,222,test,1024,256,0,False
FAR52_0225,52.222-18,222,test,1152,256,0,False
FAR52_0225,52.222-18,222,test,1280,256,0,False
FAR52_0225,52.222-18,222,test,1408,256,0,False
FAR52_0225,52.222-18,222,test,1536,256,0,False
FAR52_0225,52.222-18,222,test,1664,256,0,False
FAR52_0225,52.222-18,222,test,1792,256,0,False
FAR52_0225,52.222-18,222,test,1920,256,0,False
FAR52_0225,52.222-18,222,test,1948,256,0,False
FAR52_0225,52.222-18,222,test,2048,156,100,True
FAR52_0225,52.222-18,222,test,2176,28,228,True
FAR52_0226,52.222-19,222,train,0,256,0,False
FAR52_0226,52.222-19,222,train,128,256,0,False
FAR52_0226,52.222-19,222,train,256,256,0,False
FAR52_0226,52.222-19,222,train,384,256,0,False
FAR52_0226,52.222-19,222,train,512,256,0,False
FAR52_0226,52.222-19,222,train,640,256,0,False
FAR52_0226,52.222-19,222,train,768,256,0,False
FAR52_0226,52.222-19,222,train,896,256,0,False
FAR52_0226,52.222-19,222,train,1024,256,0,False
FAR52_0226,52.222-19,222,train,1152,256,0,False
FAR52_0226,52.222-19,222,train,1280,256,0,False
FAR52_0226,52.222-19,222,train,1408,256,0,False
FAR52_0226,52.222-19,222,train,1536,256,0,False
FAR52_0226,52.222-19,222,train,1664,256,0,False
FAR52_0226,52.222-19,222,train,1792,256,0,False
FAR52_0226,52.222-19,222,train,1920,256,0,False
FAR52_0226,52.222-19,222,train,2048,256,0,False
FAR52_0226,52.222-19,222,train,2176,256,0,False
FAR52_0226,52.222-19,222,train,2304,256,0,False
FAR52_0226,52.222-19,222,train,2432,256,0,False
FAR52_0226,52.222-19,222,train,2560,256,0,False
FAR52_0226,52.222-19,222,train,2688,256,0,False
FAR52_0226,52.222-19,222,train,2816,256,0,False
FAR52_0226,52.222-19,222,train,2918,256,0,False
FAR52_0226,52.222-19,222,train,2944,230,26,True
FAR52_0226,52.222-19,222,train,3072,102,154,True
FAR52_0227,52.222-20,222,train,0,256,0,False
FAR52_0227,52.222-20,222,train,128,256,0,False
FAR52_0227,52.222-20,222,train,256,256,0,False
FAR52_0227,52.222-20,222,train,384,256,0,False
FAR52_0227,52.222-20,222,train,512,256,0,False
FAR52_0227,52.222-20,222,train,640,256,0,False
FAR52_0227,52.222-20,222,train,768,256,0,False
FAR52_0227,52.222-20,222,train,896,256,0,False
FAR52_0227,52.222-20,222,train,1024,256,0,False
FAR52_0227,52.222-20,222,train,1063,256,0,False
FAR52_0227,52.222-20,222,train,1152,167,89,True
FAR52_0227,52.222-20,222,train,1280,39,217,True
FAR52_0228,52.222-21,222,train,0,256,0,False
FAR52_0228,52.222-21,222,train,128,256,0,False
FAR52_0228,52.222-21,222,train,256,256,0,False
FAR52_0228,52.222-21,222,train,384,256,0,False
FAR52_0228,52.222-21,222,train,512,256,0,False
FAR52_0228,52.222-21,222,train,640,256,0,False
FAR52_0228,52.222-21,222,train,768,256,0,False
FAR52_0228,52.222-21,222,train,896,256,0,False
FAR52_0228,52.222-21,222,train,1024,256,0,False
FAR52_0228,52.222-21,222,train,1152,256,0,False
FAR52_0228,52.222-21,222,train,1280,256,0,False
FAR52_0228,52.222-21,222,train,1408,256,0,False
FAR52_0228,52.222-21,222,train,1536,256,0,False
FAR52_0228,52.222-21,222,train,1579,256,0,False
FAR52_0228,52.222-21,222,train,1664,171,85,True
FAR52_0228,52.222-21,222,train,1792,43,213,True
FAR52_0229,52.222-22,222,test,0,256,0,False
FAR52_0229,52.222-22,222,test,128,256,0,False
FAR52_0229,52.222-22,222,test,256,256,0,False
FAR52_0229,52.222-22,222,test,307,256,0,False
FAR52_0229,52.222-22,222,test,384,179,77,True
FAR52_0229,52.222-22,222,test,512,51,205,True
FAR52_0230,52.222-23,222,train,0,256,0,False
FAR52_0230,52.222-23,222,train,128,256,0,False
FAR52_0230,52.222-23,222,train,256,256,0,False
FAR52_0230,52.222-23,222,train,384,256,0,False
FAR52_0230,52.222-23,222,train,512,256,0,False
FAR52_0230,52.222-23,222,train,640,256,0,False
FAR52_0230,52.222-23,222,train,768,256,0,False
FAR52_0230,52.222-23,222,train,896,256,0,False
FAR52_0230,52.222-23,222,train,1024,256,0,False
FAR52_0230,52.222-23,222,train,1152,256,0,False
FAR52_0230,52.222-23,222,train,1280,256,0,False
FAR52_0230,52.222-23,222,train,1408,256,0,False
FAR52_0230,52.222-23,222,train,1536,256,0,False
FAR52_0230,52.222-23,222,train,1664,256,0,False
FAR52_0230,52.222-23,222,train,1792,256,0,False
FAR52_0230,52.222-23,222,train,1920,256,0,False
FAR52_0230,52.222-23,222,train,2048,256,0,False
FAR52_0230,52.222-23,222,train,2176,256,0,False
FAR52_0230,52.222-23,222,train,2304,256,0,False
FAR52_0230,52.222-23,222,train,2432,256,0,False
FAR52_0230,52.222-23,222,train,2560,256,0,False
FAR52_0230,52.222-23,222,train,2688,256,0,False
FAR52_0230,52.222-23,222,train,2816,256,0,False
FAR52_0230,52.222-23,222,train,2944,256,0,False
FAR52_0230,52.222-23,222,train,3072,256,0,False
FAR52_0230,52.222-23,222,train,3106,256,0,False
FAR52_0230,52.222-23,222,train,3200,162,94,True
FAR52_0230,52.222-23,222,train,3328,34,222,True
FAR52_0231,52.222-24,222,train,0,256,0,False
FAR52_0231,52.222-24,222,train,128,256,0,False
FAR52_0231,52.222-24,222,train,256,256,0,False
FAR52_0231,52.222-24,222,train,384,256,0,False
FAR52_0231,52.222-24,222,train,461,256,0,False
FAR52_0231,52.222-24,222,train,512,205,51,True
FAR52_0231,52.222-24,222,train,640,77,179,True
FAR52_0232,52.222-25,222,validation,0,256,0,False
FAR52_0232,52.222-25,222,validation,128,256,0,False
FAR52_0232,52.222-25,222,validation,256,256,0,False
FAR52_0232,52.222-25,222,validation,325,256,0,False
FAR52_0232,52.222-25,222,validation,384,197,59,True
FAR52_0232,52.222-25,222,validation,512,69,187,True
FAR52_0233,52.222-26,222,train,0,256,0,False
FAR52_0233,52.222-26,222,train,128,256,0,False
FAR52_0233,52.222-26,222,train,256,256,0,False
FAR52_0233,52.222-26,222,train,384,256,0,False
FAR52_0233,52.222-26,222,train,512,256,0,False
FAR52_0233,52.222-26,222,train,640,256,0,False
FAR52_0233,52.222-26,222,train,896,256,0,False
FAR52_0233,52.222-26,222,train,1024,256,0,False
FAR52_0233,52.222-26,222,train,1152,256,0,False
FAR52_0233,52.222-26,222,train,1280,256,0,False
FAR52_0233,52.222-26,222,train,1408,256,0,False
FAR52_0233,52.222-26,222,train,1536,256,0,False
FAR52_0233,52.222-26,222,train,1792,256,0,False
FAR52_0233,52.222-26,222,train,1920,256,0,False
FAR52_0233,52.222-26,222,train,2048,256,0,False
FAR52_0233,52.222-26,222,train,2176,256,0,False
FAR52_0233,52.222-26,222,train,2304,256,0,False
FAR52_0233,52.222-26,222,train,2432,256,0,False
FAR52_0233,52.222-26,222,train,2688,256,0,False
FAR52_0233,52.222-26,222,train,2816,256,0,False
FAR52_0233,52.222-26,222,train,2944,256,0,False
FAR52_0233,52.222-26,222,train,3072,256,0,False
FAR52_0233,52.222-26,222,train,3200,256,0,False
FAR52_0233,52.222-26,222,train,3456,256,0,False
FAR52_0233,52.222-26,222,train,3584,256,0,False
FAR52_0233,52.222-26,222,train,3712,256,0,False
FAR52_0233,52.222-26,222,train,3840,256,0,False
FAR52_0233,52.222-26,222,train,3968,256,0,False
FAR52_0233,52.222-26,222,train,4096,256,0,False
FAR52_0233,52.222-26,222,train,4352,256,0,False
FAR52_0233,52.222-26,222,train,4480,256,0,False
FAR52_0233,52.222-26,222,train,4608,256,0,False
FAR52_0233,52.222-26,222,train,4736,256,0,False
FAR52_0233,52.222-26,222,train,4864,256,0,False
FAR52_0233,52.222-26,222,train,4992,256,0,False
FAR52_0233,52.222-26,222,train,5248,256,0,False
FAR52_0233,52.222-26,222,train,5376,256,0,False
FAR52_0233,52.222-26,222,train,5504,256,0,False
FAR52_0233,52.222-26,222,train,5632,256,0,False
FAR52_0233,52.222-26,222,train,5760,256,0,False
FAR52_0233,52.222-26,222,train,5888,256,0,False
FAR52_0233,52.222-26,222,train,6144,256,0,False
FAR52_0233,52.222-26,222,train,6272,256,0,False
FAR52_0233,52.222-26,222,train,6400,256,0,False
FAR52_0233,52.222-26,222,train,6528,256,0,False
FAR52_0233,52.222-26,222,train,6656,256,0,False
FAR52_0233,52.222-26,222,train,6912,256,0,False
FAR52_0233,52.222-26,222,train,7040,256,0,False
FAR52_0233,52.222-26,222,train,7168,256,0,False
FAR52_0233,52.222-26,222,train,7296,256,0,False
FAR52_0233,52.222-26,222,train,7424,256,0,False
FAR52_0233,52.222-26,222,train,7552,256,0,False
FAR52_0233,52.222-26,222,train,7808,256,0,False
FAR52_0233,52.222-26,222,train,7936,256,0,False
FAR52_0233,52.222-26,222,train,8064,256,0,False
FAR52_0233,52.222-26,222,train,8192,256,0,False
FAR52_0233,52.222-26,222,train,8320,256,0,False
FAR52_0233,52.222-26,222,train,8448,256,0,False
FAR52_0233,52.222-26,222,train,8704,256,0,False
FAR52_0233,52.222-26,222,train,8832,256,0,False
FAR52_0233,52.222-26,222,train,8960,256,0,False
FAR52_0233,52.222-26,222,train,9088,256,0,False
FAR52_0233,52.222-26,222,train,9143,256,0,False
FAR52_0233,52.222-26,222,train,9344,55,201,True
FAR52_0234,52.222-27,222,test,0,256,0,False
FAR52_0234,52.222-27,222,test,128,256,0,False
FAR52_0234,52.222-27,222,test,384,256,0,False
FAR52_0234,52.222-27,222,test,640,256,0,False
FAR52_0234,52.222-27,222,test,896,256,0,False
FAR52_0234,52.222-27,222,test,1152,256,0,False
FAR52_0234,52.222-27,222,test,1408,256,0,False
FAR52_0234,52.222-27,222,test,1664,256,0,False
FAR52_0234,52.222-27,222,test,1792,256,0,False
FAR52_0234,52.222-27,222,test,2048,256,0,False
FAR52_0234,52.222-27,222,test,2304,256,0,False
FAR52_0234,52.222-27,222,test,2560,256,0,False
FAR52_0234,52.222-27,222,test,2816,256,0,False
FAR52_0234,52.222-27,222,test,3072,256,0,False
FAR52_0234,52.222-27,222,test,3328,256,0,False
FAR52_0234,52.222-27,222,test,3456,256,0,False
FAR52_0234,52.222-27,222,test,3712,256,0,False
FAR52_0234,52.222-27,222,test,3968,256,0,False
FAR52_0234,52.222-27,222,test,4224,256,0,False
FAR52_0234,52.222-27,222,test,4480,256,0,False
FAR52_0234,52.222-27,222,test,4736,256,0,False
FAR52_0234,52.222-27,222,test,4992,256,0,False
FAR52_0234,52.222-27,222,test,5120,256,0,False
FAR52_0234,52.222-27,222,test,5376,256,0,False
FAR52_0234,52.222-27,222,test,5632,256,0,False
FAR52_0234,52.222-27,222,test,5888,256,0,False
FAR52_0234,52.222-27,222,test,6144,256,0,False
FAR52_0234,52.222-27,222,test,6400,256,0,False
FAR52_0234,52.222-27,222,test,6656,256,0,False
FAR52_0234,52.222-27,222,test,6784,256,0,False
FAR52_0234,52.222-27,222,test,7040,256,0,False
FAR52_0234,52.222-27,222,test,7296,256,0,False
FAR52_0234,52.222-27,222,test,7552,256,0,False
FAR52_0234,52.222-27,222,test,7808,256,0,False
FAR52_0234,52.222-27,222,test,8064,256,0,False
FAR52_0234,52.222-27,222,test,8320,256,0,False
FAR52_0234,52.222-27,222,test,8448,256,0,False
FAR52_0234,52.222-27,222,test,8704,256,0,False
FAR52_0234,52.222-27,222,test,8960,256,0,False
FAR52_0234,52.222-27,222,test,9216,256,0,False
FAR52_0234,52.222-27,222,test,9472,256,0,False
FAR52_0234,52.222-27,222,test,9728,256,0,False
FAR52_0234,52.222-27,222,test,9984,256,0,False
FAR52_0234,52.222-27,222,test,10112,256,0,False
FAR52_0234,52.222-27,222,test,10368,256,0,False
FAR52_0234,52.222-27,222,test,10624,256,0,False
FAR52_0234,52.222-27,222,test,10880,256,0,False
FAR52_0234,52.222-27,222,test,11136,256,0,False
FAR52_0234,52.222-27,222,test,11392,256,0,False
FAR52_0234,52.222-27,222,test,11648,256,0,False
FAR52_0234,52.222-27,222,test,11776,256,0,False
FAR52_0234,52.222-27,222,test,12032,256,0,False
FAR52_0234,52.222-27,222,test,12288,256,0,False
FAR52_0234,52.222-27,222,test,12544,256,0,False
FAR52_0234,52.222-27,222,test,12800,256,0,False
FAR52_0234,52.222-27,222,test,13056,256,0,False
FAR52_0234,52.222-27,222,test,13312,256,0,False
FAR52_0234,52.222-27,222,test,13440,256,0,False
FAR52_0234,52.222-27,222,test,13696,256,0,False
FAR52_0234,52.222-27,222,test,13952,256,0,False
FAR52_0234,52.222-27,222,test,14208,256,0,False
FAR52_0234,52.222-27,222,test,14464,256,0,False
FAR52_0234,52.222-27,222,test,14617,256,0,False
FAR52_0234,52.222-27,222,test,14848,25,231,True
FAR52_0235,52.222-29,222,train,0,256,0,False
FAR52_0235,52.222-29,222,train,128,256,0,False
FAR52_0235,52.222-29,222,train,256,256,0,False
FAR52_0235,52.222-29,222,train,384,256,0,False
FAR52_0235,52.222-29,222,train,512,256,0,False
FAR52_0235,52.222-29,222,train,640,256,0,False
FAR52_0235,52.222-29,222,train,768,256,0,False
FAR52_0235,52.222-29,222,train,896,256,0,False
FAR52_0235,52.222-29,222,train,1024,256,0,False
FAR52_0235,52.222-29,222,train,1152,256,0,False
FAR52_0235,52.222-29,222,train,1280,256,0,False
FAR52_0235,52.222-29,222,train,1398,256,0,False
FAR52_0235,52.222-29,222,train,1408,246,10,True
FAR52_0235,52.222-29,222,train,1536,118,138,True
FAR52_0236,52.222-30,222,train,0,256,0,False
FAR52_0236,52.222-30,222,train,128,256,0,False
FAR52_0236,52.222-30,222,train,256,256,0,False
FAR52_0236,52.222-30,222,train,384,256,0,False
FAR52_0236,52.222-30,222,train,512,256,0,False
FAR52_0236,52.222-30,222,train,640,256,0,False
FAR52_0236,52.222-30,222,train,768,256,0,False
FAR52_0236,52.222-30,222,train,881,256,0,False
FAR52_0236,52.222-30,222,train,896,241,15,True
FAR52_0236,52.222-30,222,train,1024,113,143,True
FAR52_0237,52.222-31,222,validation,0,256,0,False
FAR52_0237,52.222-31,222,validation,128,256,0,False
FAR52_0237,52.222-31,222,validation,256,256,0,False
FAR52_0237,52.222-31,222,validation,384,256,0,False
FAR52_0237,52.222-31,222,validation,512,256,0,False
FAR52_0237,52.222-31,222,validation,640,256,0,False
FAR52_0237,52.222-31,222,validation,768,256,0,False
FAR52_0237,52.222-31,222,validation,896,256,0,False
FAR52_0237,52.222-31,222,validation,1024,256,0,False
FAR52_0237,52.222-31,222,validation,1152,256,0,False
FAR52_0237,52.222-31,222,validation,1280,256,0,False
FAR52_0237,52.222-31,222,validation,1408,256,0,False
FAR52_0237,52.222-31,222,validation,1536,256,0,False
FAR52_0237,52.222-31,222,validation,1664,256,0,False
FAR52_0237,52.222-31,222,validation,1792,256,0,False
FAR52_0237,52.222-31,222,validation,1804,256,0,False
FAR52_0237,52.222-31,222,validation,1920,140,116,True
FAR52_0237,52.222-31,222,validation,2048,12,244,True
FAR52_0238,52.222-32,222,train,0,256,0,False
FAR52_0238,52.222-32,222,train,128,256,0,False
FAR52_0238,52.222-32,222,train,256,256,0,False
FAR52_0238,52.222-32,222,train,384,256,0,False
FAR52_0238,52.222-32,222,train,512,256,0,False
FAR52_0238,52.222-32,222,train,640,256,0,False
FAR52_0238,52.222-32,222,train,768,256,0,False
FAR52_0238,52.222-32,222,train,896,256,0,False
FAR52_0238,52.222-32,222,train,1024,256,0,False
FAR52_0238,52.222-32,222,train,1152,256,0,False
FAR52_0238,52.222-32,222,train,1280,256,0,False
FAR52_0238,52.222-32,222,train,1408,256,0,False
FAR52_0238,52.222-32,222,train,1536,256,0,False
FAR52_0238,52.222-32,222,train,1664,256,0,False
FAR52_0238,52.222-32,222,train,1792,256,0,False
FAR52_0238,52.222-32,222,train,1920,256,0,False
FAR52_0238,52.222-32,222,train,2048,256,0,False
FAR52_0238,52.222-32,222,train,2176,256,0,False
FAR52_0238,52.222-32,222,train,2304,256,0,False
FAR52_0238,52.222-32,222,train,2432,256,0,False
FAR52_0238,52.222-32,222,train,2560,256,0,False
FAR52_0238,52.222-32,222,train,2688,256,0,False
FAR52_0238,52.222-32,222,train,2816,256,0,False
FAR52_0238,52.222-32,222,train,2944,256,0,False
FAR52_0238,52.222-32,222,train,3072,256,0,False
FAR52_0238,52.222-32,222,train,3200,256,0,False
FAR52_0238,52.222-32,222,train,3328,256,0,False
FAR52_0238,52.222-32,222,train,3456,256,0,False
FAR52_0238,52.222-32,222,train,3584,256,0,False
FAR52_0238,52.222-32,222,train,3712,256,0,False
FAR52_0238,52.222-32,222,train,3840,256,0,False
FAR52_0238,52.222-32,222,train,3968,256,0,False
FAR52_0238,52.222-32,222,train,4096,256,0,False
FAR52_0238,52.222-32,222,train,4224,256,0,False
FAR52_0238,52.222-32,222,train,4352,256,0,False
FAR52_0238,52.222-32,222,train,4480,256,0,False
FAR52_0238,52.222-32,222,train,4608,256,0,False
FAR52_0238,52.222-32,222,train,4736,256,0,False
FAR52_0238,52.222-32,222,train,4864,256,0,False
FAR52_0238,52.222-32,222,train,4992,256,0,False
FAR52_0238,52.222-32,222,train,5120,256,0,False
FAR52_0238,52.222-32,222,train,5248,256,0,False
FAR52_0238,52.222-32,222,train,5376,256,0,False
FAR52_0238,52.222-32,222,train,5504,256,0,False
FAR52_0238,52.222-32,222,train,5514,256,0,False
FAR52_0238,52.222-32,222,train,5632,138,118,True
FAR52_0238,52.222-32,222,train,5760,10,246,True
FAR52_0239,52.222-33,222,train,0,256,0,False
FAR52_0239,52.222-33,222,train,128,256,0,False
FAR52_0239,52.222-33,222,train,256,256,0,False
FAR52_0239,52.222-33,222,train,384,256,0,False
FAR52_0239,52.222-33,222,train,512,256,0,False
FAR52_0239,52.222-33,222,train,640,256,0,False
FAR52_0239,52.222-33,222,train,768,256,0,False
FAR52_0239,52.222-33,222,train,896,256,0,False
FAR52_0239,52.222-33,222,train,1024,256,0,False
FAR52_0239,52.222-33,222,train,1152,256,0,False
FAR52_0239,52.222-33,222,train,1280,256,0,False
FAR52_0239,52.222-33,222,train,1408,256,0,False
FAR52_0239,52.222-33,222,train,1536,256,0,False
FAR52_0239,52.222-33,222,train,1664,256,0,False
FAR52_0239,52.222-33,222,train,1792,256,0,False
FAR52_0239,52.222-33,222,train,1920,256,0,False
FAR52_0239,52.222-33,222,train,2048,256,0,False
FAR52_0239,52.222-33,222,train,2176,256,0,False
FAR52_0239,52.222-33,222,train,2304,256,0,False
FAR52_0239,52.222-33,222,train,2432,256,0,False
FAR52_0239,52.222-33,222,train,2560,256,0,False
FAR52_0239,52.222-33,222,train,2688,256,0,False
FAR52_0239,52.222-33,222,train,2816,256,0,False
FAR52_0239,52.222-33,222,train,2944,256,0,False
FAR52_0239,52.222-33,222,train,3072,256,0,False
FAR52_0239,52.222-33,222,train,3200,256,0,False
FAR52_0239,52.222-33,222,train,3328,256,0,False
FAR52_0239,52.222-33,222,train,3366,256,0,False
FAR52_0239,52.222-33,222,train,3456,166,90,True
FAR52_0239,52.222-33,222,train,3584,38,218,True
FAR52_0240,52.222-34,222,train,0,256,0,False
FAR52_0240,52.222-34,222,train,128,256,0,False
FAR52_0240,52.222-34,222,train,256,256,0,False
FAR52_0240,52.222-34,222,train,384,256,0,False
FAR52_0240,52.222-34,222,train,512,256,0,False
FAR52_0240,52.222-34,222,train,640,256,0,False
FAR52_0240,52.222-34,222,train,768,256,0,False
FAR52_0240,52.222-34,222,train,896,256,0,False
FAR52_0240,52.222-34,222,train,1024,256,0,False
FAR52_0240,52.222-34,222,train,1152,256,0,False
FAR52_0240,52.222-34,222,train,1280,256,0,False
FAR52_0240,52.222-34,222,train,1408,256,0,False
FAR52_0240,52.222-34,222,train,1536,256,0,False
FAR52_0240,52.222-34,222,train,1664,256,0,False
FAR52_0240,52.222-34,222,train,1792,256,0,False
FAR52_0240,52.222-34,222,train,1920,256,0,False
FAR52_0240,52.222-34,222,train,2048,256,0,False
FAR52_0240,52.222-34,222,train,2176,256,0,False
FAR52_0240,52.222-34,222,train,2304,256,0,False
FAR52_0240,52.222-34,222,train,2432,256,0,False
FAR52_0240,52.222-34,222,train,2560,256,0,False
FAR52_0240,52.222-34,222,train,2688,256,0,False
FAR52_0240,52.222-34,222,train,2816,256,0,False
FAR52_0240,52.222-34,222,train,2944,256,0,False
FAR52_0240,52.222-34,222,train,3072,256,0,False
FAR52_0240,52.222-34,222,train,3200,256,0,False
FAR52_0240,52.222-34,222,train,3328,256,0,False
FAR52_0240,52.222-34,222,train,3456,256,0,False
FAR52_0240,52.222-34,222,train,3584,256,0,False
FAR52_0240,52.222-34,222,train,3712,256,0,False
FAR52_0240,52.222-34,222,train,3840,256,0,False
FAR52_0240,52.222-34,222,train,3968,256,0,False
FAR52_0240,52.222-34,222,train,4096,256,0,False
FAR52_0240,52.222-34,222,train,4224,256,0,False
FAR52_0240,52.222-34,222,train,4352,256,0,False
FAR52_0240,52.222-34,222,train,4480,256,0,False
FAR52_0240,52.222-34,222,train,4608,256,0,False
FAR52_0240,52.222-34,222,train,4736,256,0,False
FAR52_0240,52.222-34,222,train,4864,256,0,False
FAR52_0240,52.222-34,222,train,4992,256,0,False
FAR52_0240,52.222-34,222,train,5120,256,0,False
FAR52_0240,52.222-34,222,train,5248,256,0,False
FAR52_0240,52.222-34,222,train,5376,256,0,False
FAR52_0240,52.222-34,222,train,5416,256,0,False
FAR52_0240,52.222-34,222,train,5504,168,88,True
FAR52_0240,52.222-34,222,train,5632,40,216,True
FAR52_0241,52.222-35,222,train,0,256,0,False
FAR52_0241,52.222-35,222,train,128,256,0,False
FAR52_0241,52.222-35,222,train,256,256,0,False
FAR52_0241,52.222-35,222,train,384,256,0,False
FAR52_0241,52.222-35,222,train,512,256,0,False
FAR52_0241,52.222-35,222,train,640,256,0,False
FAR52_0241,52.222-35,222,train,768,256,0,False
FAR52_0241,52.222-35,222,train,896,256,0,False
FAR52_0241,52.222-35,222,train,1024,256,0,False
FAR52_0241,52.222-35,222,train,1152,256,0,False
FAR52_0241,52.222-35,222,train,1280,256,0,False
FAR52_0241,52.222-35,222,train,1322,256,0,False
FAR52_0241,52.222-35,222,train,1408,170,86,True
FAR52_0241,52.222-35,222,train,1536,42,214,True
FAR52_0242,52.222-36,222,train,0,256,0,False
FAR52_0242,52.222-36,222,train,128,256,0,False
FAR52_0242,52.222-36,222,train,256,256,0,False
FAR52_0242,52.222-36,222,train,384,256,0,False
FAR52_0242,52.222-36,222,train,512,256,0,False
FAR52_0242,52.222-36,222,train,640,256,0,False
FAR52_0242,52.222-36,222,train,768,256,0,False
FAR52_0242,52.222-36,222,train,896,256,0,False
FAR52_0242,52.222-36,222,train,1024,256,0,False
FAR52_0242,52.222-36,222,train,1152,256,0,False
FAR52_0242,52.222-36,222,train,1219,256,0,False
FAR52_0242,52.222-36,222,train,1280,195,61,True
FAR52_0242,52.222-36,222,train,1408,67,189,True
FAR52_0243,52.222-37,222,train,0,256,0,False
FAR52_0243,52.222-37,222,train,128,256,0,False
FAR52_0243,52.222-37,222,train,256,256,0,False
FAR52_0243,52.222-37,222,train,384,256,0,False
FAR52_0243,52.222-37,222,train,512,256,0,False
FAR52_0243,52.222-37,222,train,640,256,0,False
FAR52_0243,52.222-37,222,train,768,256,0,False
FAR52_0243,52.222-37,222,train,896,256,0,False
FAR52_0243,52.222-37,222,train,1024,256,0,False
FAR52_0243,52.222-37,222,train,1152,256,0,False
FAR52_0243,52.222-37,222,train,1280,256,0,False
FAR52_0243,52.222-37,222,train,1408,256,0,False
FAR52_0243,52.222-37,222,train,1536,256,0,False
FAR52_0243,52.222-37,222,train,1664,256,0,False
FAR52_0243,52.222-37,222,train,1792,256,0,False
FAR52_0243,52.222-37,222,train,1920,256,0,False
FAR52_0243,52.222-37,222,train,2048,256,0,False
FAR52_0243,52.222-37,222,train,2176,256,0,False
FAR52_0243,52.222-37,222,train,2304,256,0,False
FAR52_0243,52.222-37,222,train,2432,256,0,False
FAR52_0243,52.222-37,222,train,2560,256,0,False
FAR52_0243,52.222-37,222,train,2688,256,0,False
FAR52_0243,52.222-37,222,train,2721,256,0,False
FAR52_0243,52.222-37,222,train,2816,161,95,True
FAR52_0243,52.222-37,222,train,2944,33,223,True
FAR52_0244,52.222-38,222,train,0,256,0,False
FAR52_0244,52.222-38,222,train,128,256,0,False
FAR52_0244,52.222-38,222,train,256,256,0,False
FAR52_0244,52.222-38,222,train,285,256,0,False
FAR52_0244,52.222-38,222,train,384,157,99,True
FAR52_0244,52.222-38,222,train,512,29,227,True
FAR52_0245,52.222-40,222,train,0,256,0,False
FAR52_0245,52.222-40,222,train,128,256,0,False
FAR52_0245,52.222-40,222,train,256,256,0,False
FAR52_0245,52.222-40,222,train,384,256,0,False
FAR52_0245,52.222-40,222,train,512,256,0,False
FAR52_0245,52.222-40,222,train,640,256,0,False
FAR52_0245,52.222-40,222,train,768,256,0,False
FAR52_0245,52.222-40,222,train,896,256,0,False
FAR52_0245,52.222-40,222,train,1024,256,0,False
FAR52_0245,52.222-40,222,train,1152,256,0,False
FAR52_0245,52.222-40,222,train,1280,256,0,False
FAR52_0245,52.222-40,222,train,1408,256,0,False
FAR52_0245,52.222-40,222,train,1536,256,0,False
FAR52_0245,52.222-40,222,train,1664,256,0,False
FAR52_0245,52.222-40,222,train,1792,256,0,False
FAR52_0245,52.222-40,222,train,1920,256,0,False
FAR52_0245,52.222-40,222,train,2048,256,0,False
FAR52_0245,52.222-40,222,train,2176,256,0,False
FAR52_0245,52.222-40,222,train,2304,256,0,False
FAR52_0245,52.222-40,222,train,2432,256,0,False
FAR52_0245,52.222-40,222,train,2560,256,0,False
FAR52_0245,52.222-40,222,train,2688,256,0,False
FAR52_0245,52.222-40,222,train,2816,256,0,False
FAR52_0245,52.222-40,222,train,2944,256,0,False
FAR52_0245,52.222-40,222,train,3072,256,0,False
FAR52_0245,52.222-40,222,train,3200,256,0,False
FAR52_0245,52.222-40,222,train,3328,256,0,False
FAR52_0245,52.222-40,222,train,3456,256,0,False
FAR52_0245,52.222-40,222,train,3584,256,0,False
FAR52_0245,52.222-40,222,train,3712,256,0,False
FAR52_0245,52.222-40,222,train,3840,256,0,False
FAR52_0245,52.222-40,222,train,3968,256,0,False
FAR52_0245,52.222-40,222,train,4096,128,128,True
FAR52_0246,52.222-41,222,validation,0,256,0,False
FAR52_0246,52.222-41,222,validation,256,256,0,False
FAR52_0246,52.222-41,222,validation,640,256,0,False
FAR52_0246,52.222-41,222,validation,1024,256,0,False
FAR52_0246,52.222-41,222,validation,1408,256,0,False
FAR52_0246,52.222-41,222,validation,1792,256,0,False
FAR52_0246,52.222-41,222,validation,2176,256,0,False
FAR52_0246,52.222-41,222,validation,2560,256,0,False
FAR52_0246,52.222-41,222,validation,2944,256,0,False
FAR52_0246,52.222-41,222,validation,3328,256,0,False
FAR52_0246,52.222-41,222,validation,3584,256,0,False
FAR52_0246,52.222-41,222,validation,3968,256,0,False
FAR52_0246,52.222-41,222,validation,4352,256,0,False
FAR52_0246,52.222-41,222,validation,4736,256,0,False
FAR52_0246,52.222-41,222,validation,5120,256,0,False
FAR52_0246,52.222-41,222,validation,5504,256,0,False
FAR52_0246,52.222-41,222,validation,5888,256,0,False
FAR52_0246,52.222-41,222,validation,6272,256,0,False
FAR52_0246,52.222-41,222,validation,6656,256,0,False
FAR52_0246,52.222-41,222,validation,6912,256,0,False
FAR52_0246,52.222-41,222,validation,7296,256,0,False
FAR52_0246,52.222-41,222,validation,7680,256,0,False
FAR52_0246,52.222-41,222,validation,8064,256,0,False
FAR52_0246,52.222-41,222,validation,8448,256,0,False
FAR52_0246,52.222-41,222,validation,8832,256,0,False
FAR52_0246,52.222-41,222,validation,9216,256,0,False
FAR52_0246,52.222-41,222,validation,9600,256,0,False
FAR52_0246,52.222-41,222,validation,9984,256,0,False
FAR52_0246,52.222-41,222,validation,10240,256,0,False
FAR52_0246,52.222-41,222,validation,10624,256,0,False
FAR52_0246,52.222-41,222,validation,11008,256,0,False
FAR52_0246,52.222-41,222,validation,11392,256,0,False
FAR52_0246,52.222-41,222,validation,11776,256,0,False
FAR52_0246,52.222-41,222,validation,12160,256,0,False
FAR52_0246,52.222-41,222,validation,12544,256,0,False
FAR52_0246,52.222-41,222,validation,12928,256,0,False
FAR52_0246,52.222-41,222,validation,13312,256,0,False
FAR52_0246,52.222-41,222,validation,13568,256,0,False
FAR52_0246,52.222-41,222,validation,13952,256,0,False
FAR52_0246,52.222-41,222,validation,14336,256,0,False
FAR52_0246,52.222-41,222,validation,14720,256,0,False
FAR52_0246,52.222-41,222,validation,15104,256,0,False
FAR52_0246,52.222-41,222,validation,15488,256,0,False
FAR52_0246,52.222-41,222,validation,15872,256,0,False
FAR52_0246,52.222-41,222,validation,16256,256,0,False
FAR52_0246,52.222-41,222,validation,16640,256,0,False
FAR52_0246,52.222-41,222,validation,16896,256,0,False
FAR52_0246,52.222-41,222,validation,17280,256,0,False
FAR52_0246,52.222-41,222,validation,17664,256,0,False
FAR52_0246,52.222-41,222,validation,18048,256,0,False
FAR52_0246,52.222-41,222,validation,18432,256,0,False
FAR52_0246,52.222-41,222,validation,18816,256,0,False
FAR52_0246,52.222-41,222,validation,19200,256,0,False
FAR52_0246,52.222-41,222,validation,19584,256,0,False
FAR52_0246,52.222-41,222,validation,19968,256,0,False
FAR52_0246,52.222-41,222,validation,20224,256,0,False
FAR52_0246,52.222-41,222,validation,20608,256,0,False
FAR52_0246,52.222-41,222,validation,20992,256,0,False
FAR52_0246,52.222-41,222,validation,21376,256,0,False
FAR52_0246,52.222-41,222,validation,21760,256,0,False
FAR52_0246,52.222-41,222,validation,22144,256,0,False
FAR52_0246,52.222-41,222,validation,22528,256,0,False
FAR52_0246,52.222-41,222,validation,22912,256,0,False
FAR52_0246,52.222-41,222,validation,23168,118,138,True
FAR52_0247,52.222-42,222,test,0,256,0,False
FAR52_0247,52.222-42,222,test,128,256,0,False
FAR52_0247,52.222-42,222,test,256,256,0,False
FAR52_0247,52.222-42,222,test,384,256,0,False
FAR52_0247,52.222-42,222,test,512,256,0,False
FAR52_0247,52.222-42,222,test,640,256,0,False
FAR52_0247,52.222-42,222,test,768,256,0,False
FAR52_0247,52.222-42,222,test,896,256,0,False
FAR52_0247,52.222-42,222,test,1024,256,0,False
FAR52_0247,52.222-42,222,test,1098,256,0,False
FAR52_0247,52.222-42,222,test,1152,202,54,True
FAR52_0247,52.222-42,222,test,1280,74,182,True
FAR52_0248,52.222-43,222,train,0,256,0,False
FAR52_0248,52.222-43,222,train,128,256,0,False
FAR52_0248,52.222-43,222,train,256,256,0,False
FAR52_0248,52.222-43,222,train,384,256,0,False
FAR52_0248,52.222-43,222,train,512,256,0,False
FAR52_0248,52.222-43,222,train,640,256,0,False
FAR52_0248,52.222-43,222,train,768,256,0,False
FAR52_0248,52.222-43,222,train,896,256,0,False
FAR52_0248,52.222-43,222,train,1024,256,0,False
FAR52_0248,52.222-43,222,train,1152,256,0,False
FAR52_0248,52.222-43,222,train,1280,256,0,False
FAR52_0248,52.222-43,222,train,1408,256,0,False
FAR52_0248,52.222-43,222,train,1536,256,0,False
FAR52_0248,52.222-43,222,train,1664,256,0,False
FAR52_0248,52.222-43,222,train,1792,256,0,False
FAR52_0248,52.222-43,222,train,1920,256,0,False
FAR52_0248,52.222-43,222,train,2048,256,0,False
FAR52_0248,52.222-43,222,train,2176,256,0,False
FAR52_0248,52.222-43,222,train,2304,256,0,False
FAR52_0248,52.222-43,222,train,2432,256,0,False
FAR52_0248,52.222-43,222,train,2560,256,0,False
FAR52_0248,52.222-43,222,train,2688,256,0,False
FAR52_0248,52.222-43,222,train,2816,256,0,False
FAR52_0248,52.222-43,222,train,2944,256,0,False
FAR52_0248,52.222-43,222,train,3072,256,0,False
FAR52_0248,52.222-43,222,train,3200,256,0,False
FAR52_0248,52.222-43,222,train,3328,256,0,False
FAR52_0248,52.222-43,222,train,3456,256,0,False
FAR52_0248,52.222-43,222,train,3584,256,0,False
FAR52_0248,52.222-43,222,train,3712,256,0,False
FAR52_0248,52.222-43,222,train,3765,256,0,False
FAR52_0248,52.222-43,222,train,3840,181,75,True
FAR52_0248,52.222-43,222,train,3968,53,203,True
FAR52_0249,52.222-44,222,train,0,256,0,False
FAR52_0249,52.222-44,222,train,128,256,0,False
FAR52_0249,52.222-44,222,train,256,256,0,False
FAR52_0249,52.222-44,222,train,384,256,0,False
FAR52_0249,52.222-44,222,train,512,256,0,False
FAR52_0249,52.222-44,222,train,640,256,0,False
FAR52_0249,52.222-44,222,train,768,256,0,False
FAR52_0249,52.222-44,222,train,896,256,0,False
FAR52_0249,52.222-44,222,train,1024,256,0,False
FAR52_0249,52.222-44,222,train,1152,256,0,False
FAR52_0249,52.222-44,222,train,1280,256,0,False
FAR52_0249,52.222-44,222,train,1408,256,0,False
FAR52_0249,52.222-44,222,train,1536,256,0,False
FAR52_0249,52.222-44,222,train,1664,256,0,False
FAR52_0249,52.222-44,222,train,1792,256,0,False
FAR52_0249,52.222-44,222,train,1920,256,0,False
FAR52_0249,52.222-44,222,train,2048,256,0,False
FAR52_0249,52.222-44,222,train,2176,256,0,False
FAR52_0249,52.222-44,222,train,2304,256,0,False
FAR52_0249,52.222-44,222,train,2432,256,0,False
FAR52_0249,52.222-44,222,train,2457,256,0,False
FAR52_0249,52.222-44,222,train,2560,153,103,True
FAR52_0249,52.222-44,222,train,2688,25,231,True
FAR52_0250,52.222-46,222,train,0,256,0,False
FAR52_0250,52.222-46,222,train,128,256,0,False
FAR52_0250,52.222-46,222,train,256,256,0,False
FAR52_0250,52.222-46,222,train,384,256,0,False
FAR52_0250,52.222-46,222,train,512,256,0,False
FAR52_0250,52.222-46,222,train,640,256,0,False
FAR52_0250,52.222-46,222,train,768,256,0,False
FAR52_0250,52.222-46,222,train,896,256,0,False
FAR52_0250,52.222-46,222,train,1024,256,0,False
FAR52_0250,52.222-46,222,train,1152,256,0,False
FAR52_0250,52.222-46,222,train,1280,256,0,False
FAR52_0250,52.222-46,222,train,1408,256,0,False
FAR52_0250,52.222-46,222,train,1536,256,0,False
FAR52_0250,52.222-46,222,train,1664,256,0,False
FAR52_0250,52.222-46,222,train,1792,256,0,False
FAR52_0250,52.222-46,222,train,1920,256,0,False
FAR52_0250,52.222-46,222,train,2048,256,0,False
FAR52_0250,52.222-46,222,train,2176,256,0,False
FAR52_0250,52.222-46,222,train,2304,256,0,False
FAR52_0250,52.222-46,222,train,2432,256,0,False
FAR52_0250,52.222-46,222,train,2560,256,0,False
FAR52_0250,52.222-46,222,train,2651,256,0,False
FAR52_0250,52.222-46,222,train,2688,219,37,True
FAR52_0250,52.222-46,222,train,2816,91,165,True
FAR52_0251,52.222-48,222,train,0,256,0,False
FAR52_0251,52.222-48,222,train,128,256,0,False
FAR52_0251,52.222-48,222,train,256,256,0,False
FAR52_0251,52.222-48,222,train,384,256,0,False
FAR52_0251,52.222-48,222,train,512,256,0,False
FAR52_0251,52.222-48,222,train,640,256,0,False
FAR52_0251,52.222-48,222,train,768,256,0,False
FAR52_0251,52.222-48,222,train,896,256,0,False
FAR52_0251,52.222-48,222,train,1024,256,0,False
FAR52_0251,52.222-48,222,train,1152,256,0,False
FAR52_0251,52.222-48,222,train,1280,256,0,False
FAR52_0251,52.222-48,222,train,1408,256,0,False
FAR52_0251,52.222-48,222,train,1536,256,0,False
FAR52_0251,52.222-48,222,train,1664,256,0,False
FAR52_0251,52.222-48,222,train,1792,256,0,False
FAR52_0251,52.222-48,222,train,1920,256,0,False
FAR52_0251,52.222-48,222,train,2048,256,0,False
FAR52_0251,52.222-48,222,train,2176,256,0,False
FAR52_0251,52.222-48,222,train,2304,256,0,False
FAR52_0251,52.222-48,222,train,2432,256,0,False
FAR52_0251,52.222-48,222,train,2560,256,0,False
FAR52_0251,52.222-48,222,train,2688,256,0,False
FAR52_0251,52.222-48,222,train,2816,256,0,False
FAR52_0251,52.222-48,222,train,2944,256,0,False
FAR52_0251,52.222-48,222,train,3072,256,0,False
FAR52_0251,52.222-48,222,train,3200,256,0,False
FAR52_0251,52.222-48,222,train,3328,256,0,False
FAR52_0251,52.222-48,222,train,3363,256,0,False
FAR52_0251,52.222-48,222,train,3456,163,93,True
FAR52_0251,52.222-48,222,train,3584,35,221,True
FAR52_0252,52.222-49,222,train,0,256,0,False
FAR52_0252,52.222-49,222,train,128,256,0,False
FAR52_0252,52.222-49,222,train,256,256,0,False
FAR52_0252,52.222-49,222,train,384,256,0,False
FAR52_0252,52.222-49,222,train,512,256,0,False
FAR52_0252,52.222-49,222,train,640,256,0,False
FAR52_0252,52.222-49,222,train,768,256,0,False
FAR52_0252,52.222-49,222,train,863,256,0,False
FAR52_0252,52.222-49,222,train,896,223,33,True
FAR52_0252,52.222-49,222,train,1024,95,161,True
FAR52_0253,52.222-50,222,train,0,256,0,False
FAR52_0253,52.222-50,222,train,256,256,0,False
FAR52_0253,52.222-50,222,train,640,256,0,False
FAR52_0253,52.222-50,222,train,896,256,0,False
FAR52_0253,52.222-50,222,train,1280,256,0,False
FAR52_0253,52.222-50,222,train,1664,256,0,False
FAR52_0253,52.222-50,222,train,1920,256,0,False
FAR52_0253,52.222-50,222,train,2304,256,0,False
FAR52_0253,52.222-50,222,train,2560,256,0,False
FAR52_0253,52.222-50,222,train,2944,256,0,False
FAR52_0253,52.222-50,222,train,3328,256,0,False
FAR52_0253,52.222-50,222,train,3584,256,0,False
FAR52_0253,52.222-50,222,train,3968,256,0,False
FAR52_0253,52.222-50,222,train,4224,256,0,False
FAR52_0253,52.222-50,222,train,4608,256,0,False
FAR52_0253,52.222-50,222,train,4992,256,0,False
FAR52_0253,52.222-50,222,train,5248,256,0,False
FAR52_0253,52.222-50,222,train,5632,256,0,False
FAR52_0253,52.222-50,222,train,5888,256,0,False
FAR52_0253,52.222-50,222,train,6272,256,0,False
FAR52_0253,52.222-50,222,train,6656,256,0,False
FAR52_0253,52.222-50,222,train,6912,256,0,False
FAR52_0253,52.222-50,222,train,7296,256,0,False
FAR52_0253,52.222-50,222,train,7552,256,0,False
FAR52_0253,52.222-50,222,train,7936,256,0,False
FAR52_0253,52.222-50,222,train,8320,256,0,False
FAR52_0253,52.222-50,222,train,8576,256,0,False
FAR52_0253,52.222-50,222,train,8960,256,0,False
FAR52_0253,52.222-50,222,train,9216,256,0,False
FAR52_0253,52.222-50,222,train,9600,256,0,False
FAR52_0253,52.222-50,222,train,9984,256,0,False
FAR52_0253,52.222-50,222,train,10240,256,0,False
FAR52_0253,52.222-50,222,train,10624,256,0,False
FAR52_0253,52.222-50,222,train,10880,256,0,False
FAR52_0253,52.222-50,222,train,11264,256,0,False
FAR52_0253,52.222-50,222,train,11648,256,0,False
FAR52_0253,52.222-50,222,train,11904,256,0,False
FAR52_0253,52.222-50,222,train,12288,256,0,False
FAR52_0253,52.222-50,222,train,12544,256,0,False
FAR52_0253,52.222-50,222,train,12928,256,0,False
FAR52_0253,52.222-50,222,train,13312,256,0,False
FAR52_0253,52.222-50,222,train,13568,256,0,False
FAR52_0253,52.222-50,222,train,13952,256,0,False
FAR52_0253,52.222-50,222,train,14208,256,0,False
FAR52_0253,52.222-50,222,train,14592,256,0,False
FAR52_0253,52.222-50,222,train,14976,256,0,False
FAR52_0253,52.222-50,222,train,15232,256,0,False
FAR52_0253,52.222-50,222,train,15616,256,0,False
FAR52_0253,52.222-50,222,train,15872,256,0,False
FAR52_0253,52.222-50,222,train,16256,256,0,False
FAR52_0253,52.222-50,222,train,16640,256,0,False
FAR52_0253,52.222-50,222,train,16896,256,0,False
FAR52_0253,52.222-50,222,train,17280,256,0,False
FAR52_0253,52.222-50,222,train,17536,256,0,False
FAR52_0253,52.222-50,222,train,17920,256,0,False
FAR52_0253,52.222-50,222,train,18304,256,0,False
FAR52_0253,52.222-50,222,train,18560,256,0,False
FAR52_0253,52.222-50,222,train,18944,256,0,False
FAR52_0253,52.222-50,222,train,19200,256,0,False
FAR52_0253,52.222-50,222,train,19584,256,0,False
FAR52_0253,52.222-50,222,train,19968,256,0,False
FAR52_0253,52.222-50,222,train,20224,256,0,False
FAR52_0253,52.222-50,222,train,20608,256,0,False
FAR52_0253,52.222-50,222,train,20864,38,218,True
FAR52_0254,52.222-51,222,test,0,256,0,False
FAR52_0254,52.222-51,222,test,128,256,0,False
FAR52_0254,52.222-51,222,test,256,256,0,False
FAR52_0254,52.222-51,222,test,384,256,0,False
FAR52_0254,52.222-51,222,test,512,256,0,False
FAR52_0254,52.222-51,222,test,640,256,0,False
FAR52_0254,52.222-51,222,test,768,256,0,False
FAR52_0254,52.222-51,222,test,896,256,0,False
FAR52_0254,52.222-51,222,test,1024,256,0,False
FAR52_0254,52.222-51,222,test,1152,256,0,False
FAR52_0254,52.222-51,222,test,1280,256,0,False
FAR52_0254,52.222-51,222,test,1408,256,0,False
FAR52_0254,52.222-51,222,test,1536,256,0,False
FAR52_0254,52.222-51,222,test,1664,256,0,False
FAR52_0254,52.222-51,222,test,1792,256,0,False
FAR52_0254,52.222-51,222,test,1920,256,0,False
FAR52_0254,52.222-51,222,test,2048,256,0,False
FAR52_0254,52.222-51,222,test,2176,256,0,False
FAR52_0254,52.222-51,222,test,2304,256,0,False
FAR52_0254,52.222-51,222,test,2379,256,0,False
FAR52_0254,52.222-51,222,test,2432,203,53,True
FAR52_0254,52.222-51,222,test,2560,75,181,True
FAR52_0255,52.222-52,222,train,0,256,0,False
FAR52_0255,52.222-52,222,train,128,256,0,False
FAR52_0255,52.222-52,222,train,256,256,0,False
FAR52_0255,52.222-52,222,train,384,256,0,False
FAR52_0255,52.222-52,222,train,512,256,0,False
FAR52_0255,52.222-52,222,train,640,256,0,False
FAR52_0255,52.222-52,222,train,768,256,0,False
FAR52_0255,52.222-52,222,train,896,256,0,False
FAR52_0255,52.222-52,222,train,1024,256,0,False
FAR52_0255,52.222-52,222,train,1152,256,0,False
FAR52_0255,52.222-52,222,train,1280,256,0,False
FAR52_0255,52.222-52,222,train,1408,256,0,False
FAR52_0255,52.222-52,222,train,1536,256,0,False
FAR52_0255,52.222-52,222,train,1664,256,0,False
FAR52_0255,52.222-52,222,train,1792,256,0,False
FAR52_0255,52.222-52,222,train,1920,256,0,False
FAR52_0255,52.222-52,222,train,2048,256,0,False
FAR52_0255,52.222-52,222,train,2176,256,0,False
FAR52_0255,52.222-52,222,train,2304,256,0,False
FAR52_0255,52.222-52,222,train,2432,256,0,False
FAR52_0255,52.222-52,222,train,2560,256,0,False
FAR52_0255,52.222-52,222,train,2688,256,0,False
FAR52_0255,52.222-52,222,train,2816,256,0,False
FAR52_0255,52.222-52,222,train,2944,256,0,False
FAR52_0255,52.222-52,222,train,3072,256,0,False
FAR52_0255,52.222-52,222,train,3200,256,0,False
FAR52_0255,52.222-52,222,train,3328,256,0,False
FAR52_0255,52.222-52,222,train,3456,256,0,False
FAR52_0255,52.222-52,222,train,3490,256,0,False
FAR52_0255,52.222-52,222,train,3584,162,94,True
FAR52_0255,52.222-52,222,train,3712,34,222,True
FAR52_0256,52.222-53,222,train,0,256,0,False
FAR52_0256,52.222-53,222,train,128,256,0,False
FAR52_0256,52.222-53,222,train,256,256,0,False
FAR52_0256,52.222-53,222,train,384,256,0,False
FAR52_0256,52.222-53,222,train,512,256,0,False
FAR52_0256,52.222-53,222,train,640,256,0,False
FAR52_0256,52.222-53,222,train,768,256,0,False
FAR52_0256,52.222-53,222,train,896,256,0,False
FAR52_0256,52.222-53,222,train,1024,256,0,False
FAR52_0256,52.222-53,222,train,1152,256,0,False
FAR52_0256,52.222-53,222,train,1280,256,0,False
FAR52_0256,52.222-53,222,train,1408,256,0,False
FAR52_0256,52.222-53,222,train,1536,256,0,False
FAR52_0256,52.222-53,222,train,1664,256,0,False
FAR52_0256,52.222-53,222,train,1792,256,0,False
FAR52_0256,52.222-53,222,train,1920,256,0,False
FAR52_0256,52.222-53,222,train,2048,256,0,False
FAR52_0256,52.222-53,222,train,2176,256,0,False
FAR52_0256,52.222-53,222,train,2304,256,0,False
FAR52_0256,52.222-53,222,train,2432,256,0,False
FAR52_0256,52.222-53,222,train,2560,256,0,False
FAR52_0256,52.222-53,222,train,2688,256,0,False
FAR52_0256,52.222-53,222,train,2816,256,0,False
FAR52_0256,52.222-53,222,train,2944,256,0,False
FAR52_0256,52.222-53,222,train,3072,256,0,False
FAR52_0256,52.222-53,222,train,3200,256,0,False
FAR52_0256,52.222-53,222,train,3294,256,0,False
FAR52_0256,52.222-53,222,train,3328,222,34,True
FAR52_0256,52.222-53,222,train,3456,94,162,True
FAR52_0257,52.222-54,222,train,0,256,0,False
FAR52_0257,52.222-54,222,train,128,256,0,False
FAR52_0257,52.222-54,222,train,256,256,0,False
FAR52_0257,52.222-54,222,train,384,256,0,False
FAR52_0257,52.222-54,222,train,512,256,0,False
FAR52_0257,52.222-54,222,train,640,256,0,False
FAR52_0257,52.222-54,222,train,768,256,0,False
FAR52_0257,52.222-54,222,train,896,256,0,False
FAR52_0257,52.222-54,222,train,1024,256,0,False
FAR52_0257,52.222-54,222,train,1152,256,0,False
FAR52_0257,52.222-54,222,train,1280,256,0,False
FAR52_0257,52.222-54,222,train,1408,256,0,False
FAR52_0257,52.222-54,222,train,1536,256,0,False
FAR52_0257,52.222-54,222,train,1664,256,0,False
FAR52_0257,52.222-54,222,train,1792,256,0,False
FAR52_0257,52.222-54,222,train,1920,256,0,False
FAR52_0257,52.222-54,222,train,2048,256,0,False
FAR52_0257,52.222-54,222,train,2176,256,0,False
FAR52_0257,52.222-54,222,train,2304,256,0,False
FAR52_0257,52.222-54,222,train,2432,256,0,False
FAR52_0257,52.222-54,222,train,2560,256,0,False
FAR52_0257,52.222-54,222,train,2688,256,0,False
FAR52_0257,52.222-54,222,train,2816,256,0,False
FAR52_0257,52.222-54,222,train,2944,256,0,False
FAR52_0257,52.222-54,222,train,3072,256,0,False
FAR52_0257,52.222-54,222,train,3200,256,0,False
FAR52_0257,52.222-54,222,train,3328,256,0,False
FAR52_0257,52.222-54,222,train,3456,256,0,False
FAR52_0257,52.222-54,222,train,3584,256,0,False
FAR52_0257,52.222-54,222,train,3712,256,0,False
FAR52_0257,52.222-54,222,train,3840,256,0,False
FAR52_0257,52.222-54,222,train,3968,256,0,False
FAR52_0257,52.222-54,222,train,4096,256,0,False
FAR52_0257,52.222-54,222,train,4224,256,0,False
FAR52_0257,52.222-54,222,train,4352,256,0,False
FAR52_0257,52.222-54,222,train,4480,256,0,False
FAR52_0257,52.222-54,222,train,4608,256,0,False
FAR52_0257,52.222-54,222,train,4736,256,0,False
FAR52_0257,52.222-54,222,train,4864,256,0,False
FAR52_0257,52.222-54,222,train,4992,256,0,False
FAR52_0257,52.222-54,222,train,5120,256,0,False
FAR52_0257,52.222-54,222,train,5248,256,0,False
FAR52_0257,52.222-54,222,train,5376,256,0,False
FAR52_0257,52.222-54,222,train,5504,256,0,False
FAR52_0257,52.222-54,222,train,5632,256,0,False
FAR52_0257,52.222-54,222,train,5760,256,0,False
FAR52_0257,52.222-54,222,train,5888,256,0,False
FAR52_0257,52.222-54,222,train,6016,256,0,False
FAR52_0257,52.222-54,222,train,6144,256,0,False
FAR52_0257,52.222-54,222,train,6272,256,0,False
FAR52_0257,52.222-54,222,train,6400,256,0,False
FAR52_0257,52.222-54,222,train,6528,256,0,False
FAR52_0257,52.222-54,222,train,6656,256,0,False
FAR52_0257,52.222-54,222,train,6784,256,0,False
FAR52_0257,52.222-54,222,train,6912,256,0,False
FAR52_0257,52.222-54,222,train,7040,256,0,False
FAR52_0257,52.222-54,222,train,7168,256,0,False
FAR52_0257,52.222-54,222,train,7296,256,0,False
FAR52_0257,52.222-54,222,train,7424,256,0,False
FAR52_0257,52.222-54,222,train,7552,256,0,False
FAR52_0257,52.222-54,222,train,7680,256,0,False
FAR52_0257,52.222-54,222,train,7784,256,0,False
FAR52_0257,52.222-54,222,train,7808,232,24,True
FAR52_0257,52.222-54,222,train,7936,104,152,True
FAR52_0258,52.222-55,222,train,0,256,0,False
FAR52_0258,52.222-55,222,train,128,256,0,False
FAR52_0258,52.222-55,222,train,384,256,0,False
FAR52_0258,52.222-55,222,train,512,256,0,False
FAR52_0258,52.222-55,222,train,768,256,0,False
FAR52_0258,52.222-55,222,train,896,256,0,False
FAR52_0258,52.222-55,222,train,1152,256,0,False
FAR52_0258,52.222-55,222,train,1280,256,0,False
FAR52_0258,52.222-55,222,train,1536,256,0,False
FAR52_0258,52.222-55,222,train,1664,256,0,False
FAR52_0258,52.222-55,222,train,1920,256,0,False
FAR52_0258,52.222-55,222,train,2048,256,0,False
FAR52_0258,52.222-55,222,train,2304,256,0,False
FAR52_0258,52.222-55,222,train,2560,256,0,False
FAR52_0258,52.222-55,222,train,2688,256,0,False
FAR52_0258,52.222-55,222,train,2944,256,0,False
FAR52_0258,52.222-55,222,train,3072,256,0,False
FAR52_0258,52.222-55,222,train,3328,256,0,False
FAR52_0258,52.222-55,222,train,3456,256,0,False
FAR52_0258,52.222-55,222,train,3712,256,0,False
FAR52_0258,52.222-55,222,train,3840,256,0,False
FAR52_0258,52.222-55,222,train,4096,256,0,False
FAR52_0258,52.222-55,222,train,4224,256,0,False
FAR52_0258,52.222-55,222,train,4480,256,0,False
FAR52_0258,52.222-55,222,train,4608,256,0,False
FAR52_0258,52.222-55,222,train,4864,256,0,False
FAR52_0258,52.222-55,222,train,5120,256,0,False
FAR52_0258,52.222-55,222,train,5248,256,0,False
FAR52_0258,52.222-55,222,train,5504,256,0,False
FAR52_0258,52.222-55,222,train,5632,256,0,False
FAR52_0258,52.222-55,222,train,5888,256,0,False
FAR52_0258,52.222-55,222,train,6016,256,0,False
FAR52_0258,52.222-55,222,train,6272,256,0,False
FAR52_0258,52.222-55,222,train,6400,256,0,False
FAR52_0258,52.222-55,222,train,6656,256,0,False
FAR52_0258,52.222-55,222,train,6784,256,0,False
FAR52_0258,52.222-55,222,train,7040,256,0,False
FAR52_0258,52.222-55,222,train,7168,256,0,False
FAR52_0258,52.222-55,222,train,7424,256,0,False
FAR52_0258,52.222-55,222,train,7680,256,0,False
FAR52_0258,52.222-55,222,train,7808,256,0,False
FAR52_0258,52.222-55,222,train,8064,256,0,False
FAR52_0258,52.222-55,222,train,8192,256,0,False
FAR52_0258,52.222-55,222,train,8448,256,0,False
FAR52_0258,52.222-55,222,train,8576,256,0,False
FAR52_0258,52.222-55,222,train,8832,256,0,False
FAR52_0258,52.222-55,222,train,8960,256,0,False
FAR52_0258,52.222-55,222,train,9216,256,0,False
FAR52_0258,52.222-55,222,train,9344,256,0,False
FAR52_0258,52.222-55,222,train,9600,256,0,False
FAR52_0258,52.222-55,222,train,9728,256,0,False
FAR52_0258,52.222-55,222,train,9984,256,0,False
FAR52_0258,52.222-55,222,train,10240,256,0,False
FAR52_0258,52.222-55,222,train,10368,256,0,False
FAR52_0258,52.222-55,222,train,10624,256,0,False
FAR52_0258,52.222-55,222,train,10752,256,0,False
FAR52_0258,52.222-55,222,train,11008,256,0,False
FAR52_0258,52.222-55,222,train,11136,256,0,False
FAR52_0258,52.222-55,222,train,11392,256,0,False
FAR52_0258,52.222-55,222,train,11520,256,0,False
FAR52_0258,52.222-55,222,train,11776,256,0,False
FAR52_0258,52.222-55,222,train,11904,256,0,False
FAR52_0258,52.222-55,222,train,12114,256,0,False
FAR52_0258,52.222-55,222,train,12288,82,174,True
FAR52_0259,52.222-56,222,train,0,256,0,False
FAR52_0259,52.222-56,222,train,128,256,0,False
FAR52_0259,52.222-56,222,train,256,256,0,False
FAR52_0259,52.222-56,222,train,384,256,0,False
FAR52_0259,52.222-56,222,train,512,256,0,False
FAR52_0259,52.222-56,222,train,640,256,0,False
FAR52_0259,52.222-56,222,train,768,256,0,False
FAR52_0259,52.222-56,222,train,896,256,0,False
FAR52_0259,52.222-56,222,train,1024,256,0,False
FAR52_0259,52.222-56,222,train,1152,256,0,False
FAR52_0259,52.222-56,222,train,1280,256,0,False
FAR52_0259,52.222-56,222,train,1383,256,0,False
FAR52_0259,52.222-56,222,train,1408,231,25,True
FAR52_0259,52.222-56,222,train,1536,103,153,True
FAR52_0260,52.222-62,222,train,0,256,0,False
FAR52_0260,52.222-62,222,train,128,256,0,False
FAR52_0260,52.222-62,222,train,384,256,0,False
FAR52_0260,52.222-62,222,train,640,256,0,False
FAR52_0260,52.222-62,222,train,896,256,0,False
FAR52_0260,52.222-62,222,train,1152,256,0,False
FAR52_0260,52.222-62,222,train,1408,256,0,False
FAR52_0260,52.222-62,222,train,1664,256,0,False
FAR52_0260,52.222-62,222,train,1920,256,0,False
FAR52_0260,52.222-62,222,train,2176,256,0,False
FAR52_0260,52.222-62,222,train,2432,256,0,False
FAR52_0260,52.222-62,222,train,2560,256,0,False
FAR52_0260,52.222-62,222,train,2816,256,0,False
FAR52_0260,52.222-62,222,train,3072,256,0,False
FAR52_0260,52.222-62,222,train,3328,256,0,False
FAR52_0260,52.222-62,222,train,3584,256,0,False
FAR52_0260,52.222-62,222,train,3840,256,0,False
FAR52_0260,52.222-62,222,train,4096,256,0,False
FAR52_0260,52.222-62,222,train,4352,256,0,False
FAR52_0260,52.222-62,222,train,4608,256,0,False
FAR52_0260,52.222-62,222,train,4864,256,0,False
FAR52_0260,52.222-62,222,train,5120,256,0,False
FAR52_0260,52.222-62,222,train,5248,256,0,False
FAR52_0260,52.222-62,222,train,5504,256,0,False
FAR52_0260,52.222-62,222,train,5760,256,0,False
FAR52_0260,52.222-62,222,train,6016,256,0,False
FAR52_0260,52.222-62,222,train,6272,256,0,False
FAR52_0260,52.222-62,222,train,6528,256,0,False
FAR52_0260,52.222-62,222,train,6784,256,0,False
FAR52_0260,52.222-62,222,train,7040,256,0,False
FAR52_0260,52.222-62,222,train,7296,256,0,False
FAR52_0260,52.222-62,222,train,7552,256,0,False
FAR52_0260,52.222-62,222,train,7680,256,0,False
FAR52_0260,52.222-62,222,train,7936,256,0,False
FAR52_0260,52.222-62,222,train,8192,256,0,False
FAR52_0260,52.222-62,222,train,8448,256,0,False
FAR52_0260,52.222-62,222,train,8704,256,0,False
FAR52_0260,52.222-62,222,train,8960,256,0,False
FAR52_0260,52.222-62,222,train,9216,256,0,False
FAR52_0260,52.222-62,222,train,9472,256,0,False
FAR52_0260,52.222-62,222,train,9728,256,0,False
FAR52_0260,52.222-62,222,train,9984,256,0,False
FAR52_0260,52.222-62,222,train,10240,256,0,False
FAR52_0260,52.222-62,222,train,10368,256,0,False
FAR52_0260,52.222-62,222,train,10624,256,0,False
FAR52_0260,52.222-62,222,train,10880,256,0,False
FAR52_0260,52.222-62,222,train,11136,256,0,False
FAR52_0260,52.222-62,222,train,11392,256,0,False
FAR52_0260,52.222-62,222,train,11648,256,0,False
FAR52_0260,52.222-62,222,train,11904,256,0,False
FAR52_0260,52.222-62,222,train,12160,256,0,False
FAR52_0260,52.222-62,222,train,12416,256,0,False
FAR52_0260,52.222-62,222,train,12672,256,0,False
FAR52_0260,52.222-62,222,train,12800,256,0,False
FAR52_0260,52.222-62,222,train,13056,256,0,False
FAR52_0260,52.222-62,222,train,13312,256,0,False
FAR52_0260,52.222-62,222,train,13568,256,0,False
FAR52_0260,52.222-62,222,train,13824,256,0,False
FAR52_0260,52.222-62,222,train,14080,256,0,False
FAR52_0260,52.222-62,222,train,14336,256,0,False
FAR52_0260,52.222-62,222,train,14592,256,0,False
FAR52_0260,52.222-62,222,train,14848,256,0,False
FAR52_0260,52.222-62,222,train,15027,256,0,False
FAR52_0260,52.222-62,222,train,15232,51,205,True
FAR52_0261,52.223-1,223,train,0,256,0,False
FAR52_0261,52.223-1,223,train,128,256,0,False
FAR52_0261,52.223-1,223,train,256,256,0,False
FAR52_0261,52.223-1,223,train,384,256,0,False
FAR52_0261,52.223-1,223,train,486,256,0,False
FAR52_0261,52.223-1,223,train,512,230,26,True
FAR52_0261,52.223-1,223,train,640,102,154,True
FAR52_0262,52.223-2,223,train,0,256,0,False
FAR52_0262,52.223-2,223,train,128,256,0,False
FAR52_0262,52.223-2,223,train,256,256,0,False
FAR52_0262,52.223-2,223,train,384,256,0,False
FAR52_0262,52.223-2,223,train,512,256,0,False
FAR52_0262,52.223-2,223,train,640,256,0,False
FAR52_0262,52.223-2,223,train,768,256,0,False
FAR52_0262,52.223-2,223,train,896,256,0,False
FAR52_0262,52.223-2,223,train,1024,256,0,False
FAR52_0262,52.223-2,223,train,1152,256,0,False
FAR52_0262,52.223-2,223,train,1280,256,0,False
FAR52_0262,52.223-2,223,train,1408,256,0,False
FAR52_0262,52.223-2,223,train,1434,256,0,False
FAR52_0262,52.223-2,223,train,1536,154,102,True
FAR52_0262,52.223-2,223,train,1664,26,230,True
FAR52_0263,52.223-3,223,train,0,256,0,False
FAR52_0263,52.223-3,223,train,128,256,0,False
FAR52_0263,52.223-3,223,train,256,256,0,False
FAR52_0263,52.223-3,223,train,384,256,0,False
FAR52_0263,52.223-3,223,train,512,256,0,False
FAR52_0263,52.223-3,223,train,640,256,0,False
FAR52_0263,52.223-3,223,train,768,256,0,False
FAR52_0263,52.223-3,223,train,896,256,0,False
FAR52_0263,52.223-3,223,train,1024,256,0,False
FAR52_0263,52.223-3,223,train,1152,256,0,False
FAR52_0263,52.223-3,223,train,1280,256,0,False
FAR52_0263,52.223-3,223,train,1408,256,0,False
FAR52_0263,52.223-3,223,train,1536,256,0,False
FAR52_0263,52.223-3,223,train,1664,256,0,False
FAR52_0263,52.223-3,223,train,1792,256,0,False
FAR52_0263,52.223-3,223,train,1920,256,0,False
FAR52_0263,52.223-3,223,train,2048,256,0,False
FAR52_0263,52.223-3,223,train,2176,256,0,False
FAR52_0263,52.223-3,223,train,2304,256,0,False
FAR52_0263,52.223-3,223,train,2432,256,0,False
FAR52_0263,52.223-3,223,train,2560,256,0,False
FAR52_0263,52.223-3,223,train,2688,256,0,False
FAR52_0263,52.223-3,223,train,2816,256,0,False
FAR52_0263,52.223-3,223,train,2944,256,0,False
FAR52_0263,52.223-3,223,train,3072,256,0,False
FAR52_0263,52.223-3,223,train,3200,256,0,False
FAR52_0263,52.223-3,223,train,3328,256,0,False
FAR52_0263,52.223-3,223,train,3456,256,0,False
FAR52_0263,52.223-3,223,train,3584,256,0,False
FAR52_0263,52.223-3,223,train,3712,256,0,False
FAR52_0263,52.223-3,223,train,3840,256,0,False
FAR52_0263,52.223-3,223,train,3968,256,0,False
FAR52_0263,52.223-3,223,train,4096,256,0,False
FAR52_0263,52.223-3,223,train,4224,256,0,False
FAR52_0263,52.223-3,223,train,4352,256,0,False
FAR52_0263,52.223-3,223,train,4453,256,0,False
FAR52_0263,52.223-3,223,train,4480,229,27,True
FAR52_0263,52.223-3,223,train,4608,101,155,True
FAR52_0264,52.223-4,223,validation,0,256,0,False
FAR52_0264,52.223-4,223,validation,128,256,0,False
FAR52_0264,52.223-4,223,validation,256,256,0,False
FAR52_0264,52.223-4,223,validation,306,256,0,False
FAR52_0264,52.223-4,223,validation,384,178,78,True
FAR52_0264,52.223-4,223,validation,512,50,206,True
FAR52_0265,52.223-5,223,train,0,256,0,False
FAR52_0265,52.223-5,223,train,128,256,0,False
FAR52_0265,52.223-5,223,train,256,256,0,False
FAR52_0265,52.223-5,223,train,384,256,0,False
FAR52_0265,52.223-5,223,train,512,256,0,False
FAR52_0265,52.223-5,223,train,640,256,0,False
FAR52_0265,52.223-5,223,train,768,256,0,False
FAR52_0265,52.223-5,223,train,861,256,0,False
FAR52_0265,52.223-5,223,train,896,221,35,True
FAR52_0265,52.223-5,223,train,1024,93,163,True
FAR52_0266,52.223-7,223,train,0,256,0,False
FAR52_0266,52.223-7,223,train,128,256,0,False
FAR52_0266,52.223-7,223,train,256,256,0,False
FAR52_0266,52.223-7,223,train,384,256,0,False
FAR52_0266,52.223-7,223,train,512,256,0,False
FAR52_0266,52.223-7,223,train,640,256,0,False
FAR52_0266,52.223-7,223,train,768,256,0,False
FAR52_0266,52.223-7,223,train,896,256,0,False
FAR52_0266,52.223-7,223,train,1024,256,0,False
FAR52_0266,52.223-7,223,train,1152,256,0,False
FAR52_0266,52.223-7,223,train,1280,256,0,False
FAR52_0266,52.223-7,223,train,1408,256,0,False
FAR52_0266,52.223-7,223,train,1536,256,0,False
FAR52_0266,52.223-7,223,train,1664,256,0,False
FAR52_0266,52.223-7,223,train,1792,256,0,False
FAR52_0266,52.223-7,223,train,1920,256,0,False
FAR52_0266,52.223-7,223,train,2048,256,0,False
FAR52_0266,52.223-7,223,train,2176,256,0,False
FAR52_0266,52.223-7,223,train,2304,256,0,False
FAR52_0266,52.223-7,223,train,2399,256,0,False
FAR52_0266,52.223-7,223,train,2432,223,33,True
FAR52_0266,52.223-7,223,train,2560,95,161,True
FAR52_0267,52.223-9,223,train,0,256,0,False
FAR52_0267,52.223-9,223,train,128,256,0,False
FAR52_0267,52.223-9,223,train,256,256,0,False
FAR52_0267,52.223-9,223,train,384,256,0,False
FAR52_0267,52.223-9,223,train,512,256,0,False
FAR52_0267,52.223-9,223,train,640,256,0,False
FAR52_0267,52.223-9,223,train,768,256,0,False
FAR52_0267,52.223-9,223,train,896,256,0,False
FAR52_0267,52.223-9,223,train,1024,256,0,False
FAR52_0267,52.223-9,223,train,1152,256,0,False
FAR52_0267,52.223-9,223,train,1280,256,0,False
FAR52_0267,52.223-9,223,train,1408,256,0,False
FAR52_0267,52.223-9,223,train,1536,256,0,False
FAR52_0267,52.223-9,223,train,1664,256,0,False
FAR52_0267,52.223-9,223,train,1792,256,0,False
FAR52_0267,52.223-9,223,train,1920,256,0,False
FAR52_0267,52.223-9,223,train,1995,256,0,False
FAR52_0267,52.223-9,223,train,2048,203,53,True
FAR52_0267,52.223-9,223,train,2176,75,181,True
FAR52_0268,52.223-10,223,test,0,256,0,False
FAR52_0268,52.223-10,223,test,128,256,0,False
FAR52_0268,52.223-10,223,test,256,256,0,False
FAR52_0268,52.223-10,223,test,384,256,0,False
FAR52_0268,52.223-10,223,test,512,256,0,False
FAR52_0268,52.223-10,223,test,640,256,0,False
FAR52_0268,52.223-10,223,test,768,256,0,False
FAR52_0268,52.223-10,223,test,896,256,0,False
FAR52_0268,52.223-10,223,test,1024,256,0,False
FAR52_0268,52.223-10,223,test,1138,256,0,False
FAR52_0268,52.223-10,223,test,1152,242,14,True
FAR52_0268,52.223-10,223,test,1280,114,142,True
FAR52_0269,52.223-11,223,train,0,256,0,False
FAR52_0269,52.223-11,223,train,128,256,0,False
FAR52_0269,52.223-11,223,train,256,256,0,False
FAR52_0269,52.223-11,223,train,384,256,0,False
FAR52_0269,52.223-11,223,train,512,256,0,False
FAR52_0269,52.223-11,223,train,640,256,0,False
FAR52_0269,52.223-11,223,train,768,256,0,False
FAR52_0269,52.223-11,223,train,896,256,0,False
FAR52_0269,52.223-11,223,train,1024,256,0,False
FAR52_0269,52.223-11,223,train,1152,256,0,False
FAR52_0269,52.223-11,223,train,1280,256,0,False
FAR52_0269,52.223-11,223,train,1408,256,0,False
FAR52_0269,52.223-11,223,train,1536,256,0,False
FAR52_0269,52.223-11,223,train,1664,256,0,False
FAR52_0269,52.223-11,223,train,1747,256,0,False
FAR52_0269,52.223-11,223,train,1792,211,45,True
FAR52_0269,52.223-11,223,train,1920,83,173,True
FAR52_0270,52.223-12,223,train,0,256,0,False
FAR52_0270,52.223-12,223,train,128,256,0,False
FAR52_0270,52.223-12,223,train,256,256,0,False
FAR52_0270,52.223-12,223,train,384,256,0,False
FAR52_0270,52.223-12,223,train,512,256,0,False
FAR52_0270,52.223-12,223,train,640,256,0,False
FAR52_0270,52.223-12,223,train,768,256,0,False
FAR52_0270,52.223-12,223,train,896,256,0,False
FAR52_0270,52.223-12,223,train,1024,256,0,False
FAR52_0270,52.223-12,223,train,1152,256,0,False
FAR52_0270,52.223-12,223,train,1280,256,0,False
FAR52_0270,52.223-12,223,train,1408,256,0,False
FAR52_0270,52.223-12,223,train,1536,256,0,False
FAR52_0270,52.223-12,223,train,1664,256,0,False
FAR52_0270,52.223-12,223,train,1792,256,0,False
FAR52_0270,52.223-12,223,train,1920,256,0,False
FAR52_0270,52.223-12,223,train,2048,256,0,False
FAR52_0270,52.223-12,223,train,2049,256,0,False
FAR52_0270,52.223-12,223,train,2176,129,127,True
FAR52_0270,52.223-12,223,train,2304,1,255,True
FAR52_0271,52.223-19,223,train,0,256,0,False
FAR52_0271,52.223-19,223,train,128,256,0,False
FAR52_0271,52.223-19,223,train,256,256,0,False
FAR52_0271,52.223-19,223,train,285,256,0,False
FAR52_0271,52.223-19,223,train,384,157,99,True
FAR52_0271,52.223-19,223,train,512,29,227,True
FAR52_0272,52.223-20,223,train,0,256,0,False
FAR52_0272,52.223-20,223,train,128,256,0,False
FAR52_0272,52.223-20,223,train,256,256,0,False
FAR52_0272,52.223-20,223,train,384,256,0,False
FAR52_0272,52.223-20,223,train,512,256,0,False
FAR52_0272,52.223-20,223,train,640,256,0,False
FAR52_0272,52.223-20,223,train,768,256,0,False
FAR52_0272,52.223-20,223,train,896,256,0,False
FAR52_0272,52.223-20,223,train,1024,256,0,False
FAR52_0272,52.223-20,223,train,1152,256,0,False
FAR52_0272,52.223-20,223,train,1280,256,0,False
FAR52_0272,52.223-20,223,train,1408,256,0,False
FAR52_0272,52.223-20,223,train,1418,256,0,False
FAR52_0272,52.223-20,223,train,1536,138,118,True
FAR52_0272,52.223-20,223,train,1664,10,246,True
FAR52_0273,52.223-21,223,validation,0,256,0,False
FAR52_0273,52.223-21,223,validation,128,256,0,False
FAR52_0273,52.223-21,223,validation,256,256,0,False
FAR52_0273,52.223-21,223,validation,384,256,0,False
FAR52_0273,52.223-21,223,validation,512,256,0,False
FAR52_0273,52.223-21,223,validation,640,256,0,False
FAR52_0273,52.223-21,223,validation,768,256,0,False
FAR52_0273,52.223-21,223,validation,896,256,0,False
FAR52_0273,52.223-21,223,validation,1024,256,0,False
FAR52_0273,52.223-21,223,validation,1152,256,0,False
FAR52_0273,52.223-21,223,validation,1280,256,0,False
FAR52_0273,52.223-21,223,validation,1408,256,0,False
FAR52_0273,52.223-21,223,validation,1410,256,0,False
FAR52_0273,52.223-21,223,validation,1536,130,126,True
FAR52_0273,52.223-21,223,validation,1664,2,254,True
FAR52_0274,52.223-22,223,train,0,256,0,False
FAR52_0274,52.223-22,223,train,128,256,0,False
FAR52_0274,52.223-22,223,train,256,256,0,False
FAR52_0274,52.223-22,223,train,384,256,0,False
FAR52_0274,52.223-22,223,train,512,256,0,False
FAR52_0274,52.223-22,223,train,640,256,0,False
FAR52_0274,52.223-22,223,train,768,256,0,False
FAR52_0274,52.223-22,223,train,896,256,0,False
FAR52_0274,52.223-22,223,train,1024,256,0,False
FAR52_0274,52.223-22,223,train,1152,256,0,False
FAR52_0274,52.223-22,223,train,1280,256,0,False
FAR52_0274,52.223-22,223,train,1408,256,0,False
FAR52_0274,52.223-22,223,train,1498,256,0,False
FAR52_0274,52.223-22,223,train,1536,218,38,True
FAR52_0274,52.223-22,223,train,1664,90,166,True
FAR52_0275,52.223-23,223,test,0,256,0,False
FAR52_0275,52.223-23,223,test,128,256,0,False
FAR52_0275,52.223-23,223,test,256,256,0,False
FAR52_0275,52.223-23,223,test,384,256,0,False
FAR52_0275,52.223-23,223,test,512,256,0,False
FAR52_0275,52.223-23,223,test,640,256,0,False
FAR52_0275,52.223-23,223,test,768,256,0,False
FAR52_0275,52.223-23,223,test,896,256,0,False
FAR52_0275,52.223-23,223,test,1024,256,0,False
FAR52_0275,52.223-23,223,test,1152,256,0,False
FAR52_0275,52.223-23,223,test,1280,256,0,False
FAR52_0275,52.223-23,223,test,1408,256,0,False
FAR52_0275,52.223-23,223,test,1536,256,0,False
FAR52_0275,52.223-23,223,test,1664,256,0,False
FAR52_0275,52.223-23,223,test,1792,256,0,False
FAR52_0275,52.223-23,223,test,1920,256,0,False
FAR52_0275,52.223-23,223,test,2048,256,0,False
FAR52_0275,52.223-23,223,test,2176,256,0,False
FAR52_0275,52.223-23,223,test,2304,256,0,False
FAR52_0275,52.223-23,223,test,2432,256,0,False
FAR52_0275,52.223-23,223,test,2560,256,0,False
FAR52_0275,52.223-23,223,test,2688,256,0,False
FAR52_0275,52.223-23,223,test,2816,256,0,False
FAR52_0275,52.223-23,223,test,2944,256,0,False
FAR52_0275,52.223-23,223,test,3072,256,0,False
FAR52_0275,52.223-23,223,test,3200,256,0,False
FAR52_0275,52.223-23,223,test,3328,256,0,False
FAR52_0275,52.223-23,223,test,3456,256,0,False
FAR52_0275,52.223-23,223,test,3584,256,0,False
FAR52_0275,52.223-23,223,test,3712,256,0,False
FAR52_0275,52.223-23,223,test,3840,256,0,False
FAR52_0275,52.223-23,223,test,3968,256,0,False
FAR52_0275,52.223-23,223,test,4096,256,0,False
FAR52_0275,52.223-23,223,test,4224,256,0,False
FAR52_0275,52.223-23,223,test,4352,256,0,False
FAR52_0275,52.223-23,223,test,4425,256,0,False
FAR52_0275,52.223-23,223,test,4480,201,55,True
FAR52_0275,52.223-23,223,test,4608,73,183,True
FAR52_0276,52.224-1,224,train,0,256,0,False
FAR52_0276,52.224-1,224,train,128,256,0,False
FAR52_0276,52.224-1,224,train,256,256,0,False
FAR52_0276,52.224-1,224,train,369,256,0,False
FAR52_0276,52.224-1,224,train,384,241,15,True
FAR52_0276,52.224-1,224,train,512,113,143,True
FAR52_0277,52.224-2,224,train,0,256,0,False
FAR52_0277,52.224-2,224,train,128,256,0,False
FAR52_0277,52.224-2,224,train,256,256,0,False
FAR52_0277,52.224-2,224,train,384,256,0,False
FAR52_0277,52.224-2,224,train,512,256,0,False
FAR52_0277,52.224-2,224,train,640,256,0,False
FAR52_0277,52.224-2,224,train,768,256,0,False
FAR52_0277,52.224-2,224,train,896,256,0,False
FAR52_0277,52.224-2,224,train,1024,256,0,False
FAR52_0277,52.224-2,224,train,1152,256,0,False
FAR52_0277,52.224-2,224,train,1280,256,0,False
FAR52_0277,52.224-2,224,train,1408,256,0,False
FAR52_0277,52.224-2,224,train,1536,256,0,False
FAR52_0277,52.224-2,224,train,1664,256,0,False
FAR52_0277,52.224-2,224,train,1792,256,0,False
FAR52_0277,52.224-2,224,train,1920,256,0,False
FAR52_0277,52.224-2,224,train,2048,256,0,False
FAR52_0277,52.224-2,224,train,2176,256,0,False
FAR52_0277,52.224-2,224,train,2304,256,0,False
FAR52_0277,52.224-2,224,train,2432,256,0,False
FAR52_0277,52.224-2,224,train,2553,256,0,False
FAR52_0277,52.224-2,224,train,2560,249,7,True
FAR52_0277,52.224-2,224,train,2688,121,135,True
FAR52_0278,52.224-3,224,train,0,256,0,False
FAR52_0278,52.224-3,224,train,128,256,0,False
FAR52_0278,52.224-3,224,train,256,256,0,False
FAR52_0278,52.224-3,224,train,384,256,0,False
FAR52_0278,52.224-3,224,train,512,256,0,False
FAR52_0278,52.224-3,224,train,640,256,0,False
FAR52_0278,52.224-3,224,train,768,256,0,False
FAR52_0278,52.224-3,224,train,896,256,0,False
FAR52_0278,52.224-3,224,train,1024,256,0,False
FAR52_0278,52.224-3,224,train,1152,256,0,False
FAR52_0278,52.224-3,224,train,1280,256,0,False
FAR52_0278,52.224-3,224,train,1408,256,0,False
FAR52_0278,52.224-3,224,train,1536,256,0,False
FAR52_0278,52.224-3,224,train,1664,256,0,False
FAR52_0278,52.224-3,224,train,1792,256,0,False
FAR52_0278,52.224-3,224,train,1920,256,0,False
FAR52_0278,52.224-3,224,train,2048,256,0,False
FAR52_0278,52.224-3,224,train,2176,256,0,False
FAR52_0278,52.224-3,224,train,2304,256,0,False
FAR52_0278,52.224-3,224,train,2432,256,0,False
FAR52_0278,52.224-3,224,train,2560,256,0,False
FAR52_0278,52.224-3,224,train,2688,256,0,False
FAR52_0278,52.224-3,224,train,2816,256,0,False
FAR52_0278,52.224-3,224,train,2944,256,0,False
FAR52_0278,52.224-3,224,train,3072,256,0,False
FAR52_0278,52.224-3,224,train,3200,256,0,False
FAR52_0278,52.224-3,224,train,3328,256,0,False
FAR52_0278,52.224-3,224,train,3456,256,0,False
FAR52_0278,52.224-3,224,train,3480,256,0,False
FAR52_0278,52.224-3,224,train,3584,152,104,True
FAR52_0278,52.224-3,224,train,3712,24,232,True
FAR52_0279,52.225-1,225,test,0,256,0,False
FAR52_0279,52.225-1,225,test,128,256,0,False
FAR52_0279,52.225-1,225,test,256,256,0,False
FAR52_0279,52.225-1,225,test,384,256,0,False
FAR52_0279,52.225-1,225,test,512,256,0,False
FAR52_0279,52.225-1,225,test,640,256,0,False
FAR52_0279,52.225-1,225,test,768,256,0,False
FAR52_0279,52.225-1,225,test,896,256,0,False
FAR52_0279,52.225-1,225,test,1024,256,0,False
FAR52_0279,52.225-1,225,test,1152,256,0,False
FAR52_0279,52.225-1,225,test,1280,256,0,False
FAR52_0279,52.225-1,225,test,1408,256,0,False
FAR52_0279,52.225-1,225,test,1536,256,0,False
FAR52_0279,52.225-1,225,test,1664,256,0,False
FAR52_0279,52.225-1,225,test,1792,256,0,False
FAR52_0279,52.225-1,225,test,1920,256,0,False
FAR52_0279,52.225-1,225,test,2048,256,0,False
FAR52_0279,52.225-1,225,test,2176,256,0,False
FAR52_0279,52.225-1,225,test,2304,256,0,False
FAR52_0279,52.225-1,225,test,2432,256,0,False
FAR52_0279,52.225-1,225,test,2560,256,0,False
FAR52_0279,52.225-1,225,test,2688,256,0,False
FAR52_0279,52.225-1,225,test,2816,256,0,False
FAR52_0279,52.225-1,225,test,2944,256,0,False
FAR52_0279,52.225-1,225,test,3072,256,0,False
FAR52_0279,52.225-1,225,test,3200,256,0,False
FAR52_0279,52.225-1,225,test,3328,256,0,False
FAR52_0279,52.225-1,225,test,3456,256,0,False
FAR52_0279,52.225-1,225,test,3584,256,0,False
FAR52_0279,52.225-1,225,test,3712,256,0,False
FAR52_0279,52.225-1,225,test,3840,256,0,False
FAR52_0279,52.225-1,225,test,3968,256,0,False
FAR52_0279,52.225-1,225,test,4096,256,0,False
FAR52_0279,52.225-1,225,test,4224,256,0,False
FAR52_0279,52.225-1,225,test,4352,256,0,False
FAR52_0279,52.225-1,225,test,4480,256,0,False
FAR52_0279,52.225-1,225,test,4608,256,0,False
FAR52_0279,52.225-1,225,test,4736,256,0,False
FAR52_0279,52.225-1,225,test,4864,256,0,False
FAR52_0279,52.225-1,225,test,4992,256,0,False
FAR52_0279,52.225-1,225,test,5120,256,0,False
FAR52_0279,52.225-1,225,test,5248,256,0,False
FAR52_0279,52.225-1,225,test,5376,256,0,False
FAR52_0279,52.225-1,225,test,5504,256,0,False
FAR52_0279,52.225-1,225,test,5632,256,0,False
FAR52_0279,52.225-1,225,test,5760,256,0,False
FAR52_0279,52.225-1,225,test,5888,256,0,False
FAR52_0279,52.225-1,225,test,6016,256,0,False
FAR52_0279,52.225-1,225,test,6144,256,0,False
FAR52_0279,52.225-1,225,test,6170,256,0,False
FAR52_0279,52.225-1,225,test,6272,154,102,True
FAR52_0279,52.225-1,225,test,6400,26,230,True
FAR52_0280,52.225-2,225,train,0,256,0,False
FAR52_0280,52.225-2,225,train,128,256,0,False
FAR52_0280,52.225-2,225,train,256,256,0,False
FAR52_0280,52.225-2,225,train,384,256,0,False
FAR52_0280,52.225-2,225,train,512,256,0,False
FAR52_0280,52.225-2,225,train,640,256,0,False
FAR52_0280,52.225-2,225,train,768,256,0,False
FAR52_0280,52.225-2,225,train,896,256,0,False
FAR52_0280,52.225-2,225,train,1024,256,0,False
FAR52_0280,52.225-2,225,train,1152,256,0,False
FAR52_0280,52.225-2,225,train,1280,256,0,False
FAR52_0280,52.225-2,225,train,1408,256,0,False
FAR52_0280,52.225-2,225,train,1536,256,0,False
FAR52_0280,52.225-2,225,train,1664,256,0,False
FAR52_0280,52.225-2,225,train,1692,256,0,False
FAR52_0280,52.225-2,225,train,1792,156,100,True
FAR52_0280,52.225-2,225,train,1920,28,228,True
FAR52_0281,52.225-3,225,train,0,256,0,False
FAR52_0281,52.225-3,225,train,128,256,0,False
FAR52_0281,52.225-3,225,train,384,256,0,False
FAR52_0281,52.225-3,225,train,512,256,0,False
FAR52_0281,52.225-3,225,train,768,256,0,False
FAR52_0281,52.225-3,225,train,1024,256,0,False
FAR52_0281,52.225-3,225,train,1152,256,0,False
FAR52_0281,52.225-3,225,train,1408,256,0,False
FAR52_0281,52.225-3,225,train,1664,256,0,False
FAR52_0281,52.225-3,225,train,1792,256,0,False
FAR52_0281,52.225-3,225,train,2048,256,0,False
FAR52_0281,52.225-3,225,train,2176,256,0,False
FAR52_0281,52.225-3,225,train,2432,256,0,False
FAR52_0281,52.225-3,225,train,2688,256,0,False
FAR52_0281,52.225-3,225,train,2816,256,0,False
FAR52_0281,52.225-3,225,train,3072,256,0,False
FAR52_0281,52.225-3,225,train,3328,256,0,False
FAR52_0281,52.225-3,225,train,3456,256,0,False
FAR52_0281,52.225-3,225,train,3712,256,0,False
FAR52_0281,52.225-3,225,train,3968,256,0,False
FAR52_0281,52.225-3,225,train,4096,256,0,False
FAR52_0281,52.225-3,225,train,4352,256,0,False
FAR52_0281,52.225-3,225,train,4480,256,0,False
FAR52_0281,52.225-3,225,train,4736,256,0,False
FAR52_0281,52.225-3,225,train,4992,256,0,False
FAR52_0281,52.225-3,225,train,5120,256,0,False
FAR52_0281,52.225-3,225,train,5376,256,0,False
FAR52_0281,52.225-3,225,train,5632,256,0,False
FAR52_0281,52.225-3,225,train,5760,256,0,False
FAR52_0281,52.225-3,225,train,6016,256,0,False
FAR52_0281,52.225-3,225,train,6272,256,0,False
FAR52_0281,52.225-3,225,train,6400,256,0,False
FAR52_0281,52.225-3,225,train,6656,256,0,False
FAR52_0281,52.225-3,225,train,6784,256,0,False
FAR52_0281,52.225-3,225,train,7040,256,0,False
FAR52_0281,52.225-3,225,train,7296,256,0,False
FAR52_0281,52.225-3,225,train,7424,256,0,False
FAR52_0281,52.225-3,225,train,7680,256,0,False
FAR52_0281,52.225-3,225,train,7936,256,0,False
FAR52_0281,52.225-3,225,train,8064,256,0,False
FAR52_0281,52.225-3,225,train,8320,256,0,False
FAR52_0281,52.225-3,225,train,8576,256,0,False
FAR52_0281,52.225-3,225,train,8704,256,0,False
FAR52_0281,52.225-3,225,train,8960,256,0,False
FAR52_0281,52.225-3,225,train,9088,256,0,False
FAR52_0281,52.225-3,225,train,9344,256,0,False
FAR52_0281,52.225-3,225,train,9600,256,0,False
FAR52_0281,52.225-3,225,train,9728,256,0,False
FAR52_0281,52.225-3,225,train,9984,256,0,False
FAR52_0281,52.225-3,225,train,10240,256,0,False
FAR52_0281,52.225-3,225,train,10368,256,0,False
FAR52_0281,52.225-3,225,train,10624,256,0,False
FAR52_0281,52.225-3,225,train,10880,256,0,False
FAR52_0281,52.225-3,225,train,11008,256,0,False
FAR52_0281,52.225-3,225,train,11264,256,0,False
FAR52_0281,52.225-3,225,train,11392,256,0,False
FAR52_0281,52.225-3,225,train,11648,256,0,False
FAR52_0281,52.225-3,225,train,11904,256,0,False
FAR52_0281,52.225-3,225,train,12032,256,0,False
FAR52_0281,52.225-3,225,train,12288,256,0,False
FAR52_0281,52.225-3,225,train,12544,256,0,False
FAR52_0281,52.225-3,225,train,12672,256,0,False
FAR52_0281,52.225-3,225,train,12852,256,0,False
FAR52_0281,52.225-3,225,train,13056,52,204,True
FAR52_0282,52.225-4,225,train,0,256,0,False
FAR52_0282,52.225-4,225,train,128,256,0,False
FAR52_0282,52.225-4,225,train,256,256,0,False
FAR52_0282,52.225-4,225,train,384,256,0,False
FAR52_0282,52.225-4,225,train,512,256,0,False
FAR52_0282,52.225-4,225,train,640,256,0,False
FAR52_0282,52.225-4,225,train,768,256,0,False
FAR52_0282,52.225-4,225,train,896,256,0,False
FAR52_0282,52.225-4,225,train,1024,256,0,False
FAR52_0282,52.225-4,225,train,1152,256,0,False
FAR52_0282,52.225-4,225,train,1280,256,0,False
FAR52_0282,52.225-4,225,train,1408,256,0,False
FAR52_0282,52.225-4,225,train,1536,256,0,False
FAR52_0282,52.225-4,225,train,1664,256,0,False
FAR52_0282,52.225-4,225,train,1792,256,0,False
FAR52_0282,52.225-4,225,train,1920,256,0,False
FAR52_0282,52.225-4,225,train,2048,256,0,False
FAR52_0282,52.225-4,225,train,2176,256,0,False
FAR52_0282,52.225-4,225,train,2304,256,0,False
FAR52_0282,52.225-4,225,train,2432,256,0,False
FAR52_0282,52.225-4,225,train,2560,256,0,False
FAR52_0282,52.225-4,225,train,2688,256,0,False
FAR52_0282,52.225-4,225,train,2816,256,0,False
FAR52_0282,52.225-4,225,train,2944,256,0,False
FAR52_0282,52.225-4,225,train,3072,256,0,False
FAR52_0282,52.225-4,225,train,3200,256,0,False
FAR52_0282,52.225-4,225,train,3328,256,0,False
FAR52_0282,52.225-4,225,train,3456,256,0,False
FAR52_0282,52.225-4,225,train,3584,256,0,False
FAR52_0282,52.225-4,225,train,3712,256,0,False
FAR52_0282,52.225-4,225,train,3840,256,0,False
FAR52_0282,52.225-4,225,train,3968,256,0,False
FAR52_0282,52.225-4,225,train,4096,256,0,False
FAR52_0282,52.225-4,225,train,4180,256,0,False
FAR52_0282,52.225-4,225,train,4224,212,44,True
FAR52_0282,52.225-4,225,train,4352,84,172,True
FAR52_0283,52.225-5,225,validation,0,256,0,False
FAR52_0283,52.225-5,225,validation,128,256,0,False
FAR52_0283,52.225-5,225,validation,256,256,0,False
FAR52_0283,52.225-5,225,validation,384,256,0,False
FAR52_0283,52.225-5,225,validation,512,256,0,False
FAR52_0283,52.225-5,225,validation,640,256,0,False
FAR52_0283,52.225-5,225,validation,768,256,0,False
FAR52_0283,52.225-5,225,validation,896,256,0,False
FAR52_0283,52.225-5,225,validation,1024,256,0,False
FAR52_0283,52.225-5,225,validation,1152,256,0,False
FAR52_0283,52.225-5,225,validation,1280,256,0,False
FAR52_0283,52.225-5,225,validation,1408,256,0,False
FAR52_0283,52.225-5,225,validation,1536,256,0,False
FAR52_0283,52.225-5,225,validation,1664,256,0,False
FAR52_0283,52.225-5,225,validation,1792,256,0,False
FAR52_0283,52.225-5,225,validation,1920,256,0,False
FAR52_0283,52.225-5,225,validation,2048,256,0,False
FAR52_0283,52.225-5,225,validation,2176,256,0,False
FAR52_0283,52.225-5,225,validation,2304,256,0,False
FAR52_0283,52.225-5,225,validation,2432,256,0,False
FAR52_0283,52.225-5,225,validation,2560,256,0,False
FAR52_0283,52.225-5,225,validation,2688,256,0,False
FAR52_0283,52.225-5,225,validation,2816,256,0,False
FAR52_0283,52.225-5,225,validation,2944,256,0,False
FAR52_0283,52.225-5,225,validation,3072,256,0,False
FAR52_0283,52.225-5,225,validation,3200,256,0,False
FAR52_0283,52.225-5,225,validation,3328,256,0,False
FAR52_0283,52.225-5,225,validation,3456,256,0,False
FAR52_0283,52.225-5,225,validation,3584,256,0,False
FAR52_0283,52.225-5,225,validation,3712,256,0,False
FAR52_0283,52.225-5,225,validation,3840,256,0,False
FAR52_0283,52.225-5,225,validation,3968,256,0,False
FAR52_0283,52.225-5,225,validation,4096,256,0,False
FAR52_0283,52.225-5,225,validation,4224,256,0,False
FAR52_0283,52.225-5,225,validation,4352,256,0,False
FAR52_0283,52.225-5,225,validation,4480,256,0,False
FAR52_0283,52.225-5,225,validation,4608,256,0,False
FAR52_0283,52.225-5,225,validation,4736,256,0,False
FAR52_0283,52.225-5,225,validation,4864,256,0,False
FAR52_0283,52.225-5,225,validation,4992,256,0,False
FAR52_0283,52.225-5,225,validation,5120,256,0,False
FAR52_0283,52.225-5,225,validation,5248,256,0,False
FAR52_0283,52.225-5,225,validation,5376,256,0,False
FAR52_0283,52.225-5,225,validation,5504,256,0,False
FAR52_0283,52.225-5,225,validation,5632,256,0,False
FAR52_0283,52.225-5,225,validation,5760,256,0,False
FAR52_0283,52.225-5,225,validation,5888,256,0,False
FAR52_0283,52.225-5,225,validation,6016,256,0,False
FAR52_0283,52.225-5,225,validation,6144,256,0,False
FAR52_0283,52.225-5,225,validation,6272,256,0,False
FAR52_0283,52.225-5,225,validation,6400,256,0,False
FAR52_0283,52.225-5,225,validation,6528,256,0,False
FAR52_0283,52.225-5,225,validation,6656,256,0,False
FAR52_0283,52.225-5,225,validation,6784,256,0,False
FAR52_0283,52.225-5,225,validation,6912,256,0,False
FAR52_0283,52.225-5,225,validation,7040,256,0,False
FAR52_0283,52.225-5,225,validation,7168,256,0,False
FAR52_0283,52.225-5,225,validation,7296,256,0,False
FAR52_0283,52.225-5,225,validation,7424,256,0,False
FAR52_0283,52.225-5,225,validation,7525,256,0,False
FAR52_0283,52.225-5,225,validation,7552,229,27,True
FAR52_0283,52.225-5,225,validation,7680,101,155,True
FAR52_0284,52.225-6,225,train,0,256,0,False
FAR52_0284,52.225-6,225,train,128,256,0,False
FAR52_0284,52.225-6,225,train,256,256,0,False
FAR52_0284,52.225-6,225,train,384,256,0,False
FAR52_0284,52.225-6,225,train,512,256,0,False
FAR52_0284,52.225-6,225,train,640,256,0,False
FAR52_0284,52.225-6,225,train,768,256,0,False
FAR52_0284,52.225-6,225,train,896,256,0,False
FAR52_0284,52.225-6,225,train,1024,256,0,False
FAR52_0284,52.225-6,225,train,1152,256,0,False
FAR52_0284,52.225-6,225,train,1244,256,0,False
FAR52_0284,52.225-6,225,train,1280,220,36,True
FAR52_0284,52.225-6,225,train,1408,92,164,True
FAR52_0285,52.225-7,225,train,0,256,0,False
FAR52_0285,52.225-7,225,train,128,256,0,False
FAR52_0285,52.225-7,225,train,256,256,0,False
FAR52_0285,52.225-7,225,train,384,256,0,False
FAR52_0285,52.225-7,225,train,512,256,0,False
FAR52_0285,52.225-7,225,train,640,256,0,False
FAR52_0285,52.225-7,225,train,768,256,0,False
FAR52_0285,52.225-7,225,train,896,256,0,False
FAR52_0285,52.225-7,225,train,1024,256,0,False
FAR52_0285,52.225-7,225,train,1152,256,0,False
FAR52_0285,52.225-7,225,train,1280,256,0,False
FAR52_0285,52.225-7,225,train,1408,256,0,False
FAR52_0285,52.225-7,225,train,1536,256,0,False
FAR52_0285,52.225-7,225,train,1664,256,0,False
FAR52_0285,52.225-7,225,train,1792,256,0,False
FAR52_0285,52.225-7,225,train,1920,256,0,False
FAR52_0285,52.225-7,225,train,1937,256,0,False
FAR52_0285,52.225-7,225,train,2048,145,111,True
FAR52_0285,52.225-7,225,train,2176,17,239,True
FAR52_0286,52.225-8,225,train,0,256,0,False
FAR52_0286,52.225-8,225,train,128,256,0,False
FAR52_0286,52.225-8,225,train,256,256,0,False
FAR52_0286,52.225-8,225,train,384,256,0,False
FAR52_0286,52.225-8,225,train,512,256,0,False
FAR52_0286,52.225-8,225,train,640,256,0,False
FAR52_0286,52.225-8,225,train,768,256,0,False
FAR52_0286,52.225-8,225,train,896,256,0,False
FAR52_0286,52.225-8,225,train,1024,256,0,False
FAR52_0286,52.225-8,225,train,1152,256,0,False
FAR52_0286,52.225-8,225,train,1280,256,0,False
FAR52_0286,52.225-8,225,train,1408,256,0,False
FAR52_0286,52.225-8,225,train,1536,256,0,False
FAR52_0286,52.225-8,225,train,1664,256,0,False
FAR52_0286,52.225-8,225,train,1792,256,0,False
FAR52_0286,52.225-8,225,train,1920,256,0,False
FAR52_0286,52.225-8,225,train,2048,256,0,False
FAR52_0286,52.225-8,225,train,2176,256,0,False
FAR52_0286,52.225-8,225,train,2304,256,0,False
FAR52_0286,52.225-8,225,train,2432,256,0,False
FAR52_0286,52.225-8,225,train,2560,256,0,False
FAR52_0286,52.225-8,225,train,2688,256,0,False
FAR52_0286,52.225-8,225,train,2816,256,0,False
FAR52_0286,52.225-8,225,train,2944,256,0,False
FAR52_0286,52.225-8,225,train,3072,256,0,False
FAR52_0286,52.225-8,225,train,3200,256,0,False
FAR52_0286,52.225-8,225,train,3328,256,0,False
FAR52_0286,52.225-8,225,train,3456,256,0,False
FAR52_0286,52.225-8,225,train,3584,256,0,False
FAR52_0286,52.225-8,225,train,3712,256,0,False
FAR52_0286,52.225-8,225,train,3840,256,0,False
FAR52_0286,52.225-8,225,train,3968,256,0,False
FAR52_0286,52.225-8,225,train,4096,256,0,False
FAR52_0286,52.225-8,225,train,4224,256,0,False
FAR52_0286,52.225-8,225,train,4352,256,0,False
FAR52_0286,52.225-8,225,train,4480,256,0,False
FAR52_0286,52.225-8,225,train,4608,256,0,False
FAR52_0286,52.225-8,225,train,4609,256,0,False
FAR52_0286,52.225-8,225,train,4736,129,127,True
FAR52_0286,52.225-8,225,train,4864,1,255,True
FAR52_0287,52.225-9,225,train,0,256,0,False
FAR52_0287,52.225-9,225,train,128,256,0,False
FAR52_0287,52.225-9,225,train,384,256,0,False
FAR52_0287,52.225-9,225,train,640,256,0,False
FAR52_0287,52.225-9,225,train,768,256,0,False
FAR52_0287,52.225-9,225,train,1024,256,0,False
FAR52_0287,52.225-9,225,train,1280,256,0,False
FAR52_0287,52.225-9,225,train,1408,256,0,False
FAR52_0287,52.225-9,225,train,1664,256,0,False
FAR52_0287,52.225-9,225,train,1920,256,0,False
FAR52_0287,52.225-9,225,train,2048,256,0,False
FAR52_0287,52.225-9,225,train,2304,256,0,False
FAR52_0287,52.225-9,225,train,2560,256,0,False
FAR52_0287,52.225-9,225,train,2688,256,0,False
FAR52_0287,52.225-9,225,train,2944,256,0,False
FAR52_0287,52.225-9,225,train,3200,256,0,False
FAR52_0287,52.225-9,225,train,3328,256,0,False
FAR52_0287,52.225-9,225,train,3584,256,0,False
FAR52_0287,52.225-9,225,train,3840,256,0,False
FAR52_0287,52.225-9,225,train,3968,256,0,False
FAR52_0287,52.225-9,225,train,4224,256,0,False
FAR52_0287,52.225-9,225,train,4480,256,0,False
FAR52_0287,52.225-9,225,train,4736,256,0,False
FAR52_0287,52.225-9,225,train,4864,256,0,False
FAR52_0287,52.225-9,225,train,5120,256,0,False
FAR52_0287,52.225-9,225,train,5376,256,0,False
FAR52_0287,52.225-9,225,train,5504,256,0,False
FAR52_0287,52.225-9,225,train,5760,256,0,False
FAR52_0287,52.225-9,225,train,6016,256,0,False
FAR52_0287,52.225-9,225,train,6144,256,0,False
FAR52_0287,52.225-9,225,train,6400,256,0,False
FAR52_0287,52.225-9,225,train,6656,256,0,False
FAR52_0287,52.225-9,225,train,6784,256,0,False
FAR52_0287,52.225-9,225,train,7040,256,0,False
FAR52_0287,52.225-9,225,train,7296,256,0,False
FAR52_0287,52.225-9,225,train,7424,256,0,False
FAR52_0287,52.225-9,225,train,7680,256,0,False
FAR52_0287,52.225-9,225,train,7936,256,0,False
FAR52_0287,52.225-9,225,train,8064,256,0,False
FAR52_0287,52.225-9,225,train,8320,256,0,False
FAR52_0287,52.225-9,225,train,8576,256,0,False
FAR52_0287,52.225-9,225,train,8704,256,0,False
FAR52_0287,52.225-9,225,train,8960,256,0,False
FAR52_0287,52.225-9,225,train,9216,256,0,False
FAR52_0287,52.225-9,225,train,9472,256,0,False
FAR52_0287,52.225-9,225,train,9600,256,0,False
FAR52_0287,52.225-9,225,train,9856,256,0,False
FAR52_0287,52.225-9,225,train,10112,256,0,False
FAR52_0287,52.225-9,225,train,10240,256,0,False
FAR52_0287,52.225-9,225,train,10496,256,0,False
FAR52_0287,52.225-9,225,train,10752,256,0,False
FAR52_0287,52.225-9,225,train,10880,256,0,False
FAR52_0287,52.225-9,225,train,11136,256,0,False
FAR52_0287,52.225-9,225,train,11392,256,0,False
FAR52_0287,52.225-9,225,train,11520,256,0,False
FAR52_0287,52.225-9,225,train,11776,256,0,False
FAR52_0287,52.225-9,225,train,12032,256,0,False
FAR52_0287,52.225-9,225,train,12160,256,0,False
FAR52_0287,52.225-9,225,train,12416,256,0,False
FAR52_0287,52.225-9,225,train,12672,256,0,False
FAR52_0287,52.225-9,225,train,12800,256,0,False
FAR52_0287,52.225-9,225,train,13056,256,0,False
FAR52_0287,52.225-9,225,train,13298,256,0,False
FAR52_0287,52.225-9,225,train,13440,114,142,True
FAR52_0288,52.225-10,225,train,0,256,0,False
FAR52_0288,52.225-10,225,train,128,256,0,False
FAR52_0288,52.225-10,225,train,256,256,0,False
FAR52_0288,52.225-10,225,train,384,256,0,False
FAR52_0288,52.225-10,225,train,512,256,0,False
FAR52_0288,52.225-10,225,train,640,256,0,False
FAR52_0288,52.225-10,225,train,768,256,0,False
FAR52_0288,52.225-10,225,train,896,256,0,False
FAR52_0288,52.225-10,225,train,1024,256,0,False
FAR52_0288,52.225-10,225,train,1152,256,0,False
FAR52_0288,52.225-10,225,train,1280,256,0,False
FAR52_0288,52.225-10,225,train,1408,256,0,False
FAR52_0288,52.225-10,225,train,1536,256,0,False
FAR52_0288,52.225-10,225,train,1664,256,0,False
FAR52_0288,52.225-10,225,train,1792,256,0,False
FAR52_0288,52.225-10,225,train,1920,256,0,False
FAR52_0288,52.225-10,225,train,2048,256,0,False
FAR52_0288,52.225-10,225,train,2176,256,0,False
FAR52_0288,52.225-10,225,train,2304,256,0,False
FAR52_0288,52.225-10,225,train,2432,256,0,False
FAR52_0288,52.225-10,225,train,2560,256,0,False
FAR52_0288,52.225-10,225,train,2688,256,0,False
FAR52_0288,52.225-10,225,train,2816,256,0,False
FAR52_0288,52.225-10,225,train,2944,256,0,False
FAR52_0288,52.225-10,225,train,3072,256,0,False
FAR52_0288,52.225-10,225,train,3200,256,0,False
FAR52_0288,52.225-10,225,train,3328,256,0,False
FAR52_0288,52.225-10,225,train,3390,256,0,False
FAR52_0288,52.225-10,225,train,3456,190,66,True
FAR52_0288,52.225-10,225,train,3584,62,194,True
FAR52_0289,52.225-11,225,train,0,256,0,False
FAR52_0289,52.225-11,225,train,256,256,0,False
FAR52_0289,52.225-11,225,train,512,256,0,False
FAR52_0289,52.225-11,225,train,896,256,0,False
FAR52_0289,52.225-11,225,train,1152,256,0,False
FAR52_0289,52.225-11,225,train,1536,256,0,False
FAR52_0289,52.225-11,225,train,1792,256,0,False
FAR52_0289,52.225-11,225,train,2176,256,0,False
FAR52_0289,52.225-11,225,train,2432,256,0,False
FAR52_0289,52.225-11,225,train,2688,256,0,False
FAR52_0289,52.225-11,225,train,3072,256,0,False
FAR52_0289,52.225-11,225,train,3328,256,0,False
FAR52_0289,52.225-11,225,train,3712,256,0,False
FAR52_0289,52.225-11,225,train,3968,256,0,False
FAR52_0289,52.225-11,225,train,4352,256,0,False
FAR52_0289,52.225-11,225,train,4608,256,0,False
FAR52_0289,52.225-11,225,train,4864,256,0,False
FAR52_0289,52.225-11,225,train,5248,256,0,False
FAR52_0289,52.225-11,225,train,5504,256,0,False
FAR52_0289,52.225-11,225,train,5888,256,0,False
FAR52_0289,52.225-11,225,train,6144,256,0,False
FAR52_0289,52.225-11,225,train,6400,256,0,False
FAR52_0289,52.225-11,225,train,6784,256,0,False
FAR52_0289,52.225-11,225,train,7040,256,0,False
FAR52_0289,52.225-11,225,train,7424,256,0,False
FAR52_0289,52.225-11,225,train,7680,256,0,False
FAR52_0289,52.225-11,225,train,8064,256,0,False
FAR52_0289,52.225-11,225,train,8320,256,0,False
FAR52_0289,52.225-11,225,train,8704,256,0,False
FAR52_0289,52.225-11,225,train,8960,256,0,False
FAR52_0289,52.225-11,225,train,9216,256,0,False
FAR52_0289,52.225-11,225,train,9600,256,0,False
FAR52_0289,52.225-11,225,train,9856,256,0,False
FAR52_0289,52.225-11,225,train,10240,256,0,False
FAR52_0289,52.225-11,225,train,10496,256,0,False
FAR52_0289,52.225-11,225,train,10880,256,0,False
FAR52_0289,52.225-11,225,train,11136,256,0,False
FAR52_0289,52.225-11,225,train,11392,256,0,False
FAR52_0289,52.225-11,225,train,11776,256,0,False
FAR52_0289,52.225-11,225,train,12032,256,0,False
FAR52_0289,52.225-11,225,train,12416,256,0,False
FAR52_0289,52.225-11,225,train,12672,256,0,False
FAR52_0289,52.225-11,225,train,12928,256,0,False
FAR52_0289,52.225-11,225,train,13312,256,0,False
FAR52_0289,52.225-11,225,train,13568,256,0,False
FAR52_0289,52.225-11,225,train,13952,256,0,False
FAR52_0289,52.225-11,225,train,14208,256,0,False
FAR52_0289,52.225-11,225,train,14592,256,0,False
FAR52_0289,52.225-11,225,train,14848,256,0,False
FAR52_0289,52.225-11,225,train,15104,256,0,False
FAR52_0289,52.225-11,225,train,15488,256,0,False
FAR52_0289,52.225-11,225,train,15744,256,0,False
FAR52_0289,52.225-11,225,train,16128,256,0,False
FAR52_0289,52.225-11,225,train,16384,256,0,False
FAR52_0289,52.225-11,225,train,16768,256,0,False
FAR52_0289,52.225-11,225,train,17024,256,0,False
FAR52_0289,52.225-11,225,train,17408,256,0,False
FAR52_0289,52.225-11,225,train,17664,256,0,False
FAR52_0289,52.225-11,225,train,17920,256,0,False
FAR52_0289,52.225-11,225,train,18304,256,0,False
FAR52_0289,52.225-11,225,train,18560,256,0,False
FAR52_0289,52.225-11,225,train,18944,256,0,False
FAR52_0289,52.225-11,225,train,19200,256,0,False
FAR52_0289,52.225-11,225,train,19456,9,247,True
FAR52_0290,52.225-12,225,validation,0,256,0,False
FAR52_0290,52.225-12,225,validation,128,256,0,False
FAR52_0290,52.225-12,225,validation,256,256,0,False
FAR52_0290,52.225-12,225,validation,384,256,0,False
FAR52_0290,52.225-12,225,validation,512,256,0,False
FAR52_0290,52.225-12,225,validation,640,256,0,False
FAR52_0290,52.225-12,225,validation,768,256,0,False
FAR52_0290,52.225-12,225,validation,896,256,0,False
FAR52_0290,52.225-12,225,validation,1024,256,0,False
FAR52_0290,52.225-12,225,validation,1152,256,0,False
FAR52_0290,52.225-12,225,validation,1280,256,0,False
FAR52_0290,52.225-12,225,validation,1408,256,0,False
FAR52_0290,52.225-12,225,validation,1536,256,0,False
FAR52_0290,52.225-12,225,validation,1664,256,0,False
FAR52_0290,52.225-12,225,validation,1792,256,0,False
FAR52_0290,52.225-12,225,validation,1920,256,0,False
FAR52_0290,52.225-12,225,validation,2048,256,0,False
FAR52_0290,52.225-12,225,validation,2176,256,0,False
FAR52_0290,52.225-12,225,validation,2304,256,0,False
FAR52_0290,52.225-12,225,validation,2432,256,0,False
FAR52_0290,52.225-12,225,validation,2560,256,0,False
FAR52_0290,52.225-12,225,validation,2688,256,0,False
FAR52_0290,52.225-12,225,validation,2816,256,0,False
FAR52_0290,52.225-12,225,validation,2944,256,0,False
FAR52_0290,52.225-12,225,validation,3072,256,0,False
FAR52_0290,52.225-12,225,validation,3200,256,0,False
FAR52_0290,52.225-12,225,validation,3328,256,0,False
FAR52_0290,52.225-12,225,validation,3456,256,0,False
FAR52_0290,52.225-12,225,validation,3584,256,0,False
FAR52_0290,52.225-12,225,validation,3712,256,0,False
FAR52_0290,52.225-12,225,validation,3840,256,0,False
FAR52_0290,52.225-12,225,validation,3968,256,0,False
FAR52_0290,52.225-12,225,validation,4096,256,0,False
FAR52_0290,52.225-12,225,validation,4224,256,0,False
FAR52_0290,52.225-12,225,validation,4352,256,0,False
FAR52_0290,52.225-12,225,validation,4480,256,0,False
FAR52_0290,52.225-12,225,validation,4608,256,0,False
FAR52_0290,52.225-12,225,validation,4736,256,0,False
FAR52_0290,52.225-12,225,validation,4864,256,0,False
FAR52_0290,52.225-12,225,validation,4992,256,0,False
FAR52_0290,52.225-12,225,validation,5120,256,0,False
FAR52_0290,52.225-12,225,validation,5248,256,0,False
FAR52_0290,52.225-12,225,validation,5258,256,0,False
FAR52_0290,52.225-12,225,validation,5376,138,118,True
FAR52_0290,52.225-12,225,validation,5504,10,246,True
FAR52_0291,52.225-13,225,validation,0,256,0,False
FAR52_0291,52.225-13,225,validation,128,256,0,False
FAR52_0291,52.225-13,225,validation,256,256,0,False
FAR52_0291,52.225-13,225,validation,384,256,0,False
FAR52_0291,52.225-13,225,validation,512,256,0,False
FAR52_0291,52.225-13,225,validation,640,256,0,False
FAR52_0291,52.225-13,225,validation,768,256,0,False
FAR52_0291,52.225-13,225,validation,896,256,0,False
FAR52_0291,52.225-13,225,validation,1024,256,0,False
FAR52_0291,52.225-13,225,validation,1152,256,0,False
FAR52_0291,52.225-13,225,validation,1202,256,0,False
FAR52_0291,52.225-13,225,validation,1280,178,78,True
FAR52_0291,52.225-13,225,validation,1408,50,206,True
FAR52_0292,52.225-14,225,train,0,256,0,False
FAR52_0292,52.225-14,225,train,125,256,0,False
FAR52_0292,52.225-14,225,train,128,253,3,True
FAR52_0292,52.225-14,225,train,256,125,131,True
FAR52_0293,52.225-17,225,train,0,256,0,False
FAR52_0293,52.225-17,225,train,128,256,0,False
FAR52_0293,52.225-17,225,train,256,256,0,False
FAR52_0293,52.225-17,225,train,384,256,0,False
FAR52_0293,52.225-17,225,train,468,256,0,False
FAR52_0293,52.225-17,225,train,512,212,44,True
FAR52_0293,52.225-17,225,train,640,84,172,True
FAR52_0294,52.225-18,225,train,0,256,0,False
FAR52_0294,52.225-18,225,train,128,256,0,False
FAR52_0294,52.225-18,225,train,256,256,0,False
FAR52_0294,52.225-18,225,train,384,256,0,False
FAR52_0294,52.225-18,225,train,512,256,0,False
FAR52_0294,52.225-18,225,train,640,256,0,False
FAR52_0294,52.225-18,225,train,768,256,0,False
FAR52_0294,52.225-18,225,train,896,256,0,False
FAR52_0294,52.225-18,225,train,1024,256,0,False
FAR52_0294,52.225-18,225,train,1152,256,0,False
FAR52_0294,52.225-18,225,train,1263,256,0,False
FAR52_0294,52.225-18,225,train,1280,239,17,True
FAR52_0294,52.225-18,225,train,1408,111,145,True
FAR52_0295,52.225-19,225,train,0,256,0,False
FAR52_0295,52.225-19,225,train,128,256,0,False
FAR52_0295,52.225-19,225,train,384,256,0,False
FAR52_0295,52.225-19,225,train,640,256,0,False
FAR52_0295,52.225-19,225,train,896,256,0,False
FAR52_0295,52.225-19,225,train,1152,256,0,False
FAR52_0295,52.225-19,225,train,1280,256,0,False
FAR52_0295,52.225-19,225,train,1536,256,0,False
FAR52_0295,52.225-19,225,train,1792,256,0,False
FAR52_0295,52.225-19,225,train,2048,256,0,False
FAR52_0295,52.225-19,225,train,2304,256,0,False
FAR52_0295,52.225-19,225,train,2432,256,0,False
FAR52_0295,52.225-19,225,train,2688,256,0,False
FAR52_0295,52.225-19,225,train,2944,256,0,False
FAR52_0295,52.225-19,225,train,3200,256,0,False
FAR52_0295,52.225-19,225,train,3456,256,0,False
FAR52_0295,52.225-19,225,train,3584,256,0,False
FAR52_0295,52.225-19,225,train,3840,256,0,False
FAR52_0295,52.225-19,225,train,4096,256,0,False
FAR52_0295,52.225-19,225,train,4352,256,0,False
FAR52_0295,52.225-19,225,train,4608,256,0,False
FAR52_0295,52.225-19,225,train,4864,256,0,False
FAR52_0295,52.225-19,225,train,4992,256,0,False
FAR52_0295,52.225-19,225,train,5248,256,0,False
FAR52_0295,52.225-19,225,train,5504,256,0,False
FAR52_0295,52.225-19,225,train,5760,256,0,False
FAR52_0295,52.225-19,225,train,6016,256,0,False
FAR52_0295,52.225-19,225,train,6144,256,0,False
FAR52_0295,52.225-19,225,train,6400,256,0,False
FAR52_0295,52.225-19,225,train,6656,256,0,False
FAR52_0295,52.225-19,225,train,6912,256,0,False
FAR52_0295,52.225-19,225,train,7168,256,0,False
FAR52_0295,52.225-19,225,train,7296,256,0,False
FAR52_0295,52.225-19,225,train,7552,256,0,False
FAR52_0295,52.225-19,225,train,7808,256,0,False
FAR52_0295,52.225-19,225,train,8064,256,0,False
FAR52_0295,52.225-19,225,train,8320,256,0,False
FAR52_0295,52.225-19,225,train,8448,256,0,False
FAR52_0295,52.225-19,225,train,8704,256,0,False
FAR52_0295,52.225-19,225,train,8960,256,0,False
FAR52_0295,52.225-19,225,train,9216,256,0,False
FAR52_0295,52.225-19,225,train,9472,256,0,False
FAR52_0295,52.225-19,225,train,9728,256,0,False
FAR52_0295,52.225-19,225,train,9856,256,0,False
FAR52_0295,52.225-19,225,train,10112,256,0,False
FAR52_0295,52.225-19,225,train,10368,256,0,False
FAR52_0295,52.225-19,225,train,10624,256,0,False
FAR52_0295,52.225-19,225,train,10880,256,0,False
FAR52_0295,52.225-19,225,train,11008,256,0,False
FAR52_0295,52.225-19,225,train,11264,256,0,False
FAR52_0295,52.225-19,225,train,11520,256,0,False
FAR52_0295,52.225-19,225,train,11776,256,0,False
FAR52_0295,52.225-19,225,train,12032,256,0,False
FAR52_0295,52.225-19,225,train,12160,256,0,False
FAR52_0295,52.225-19,225,train,12416,256,0,False
FAR52_0295,52.225-19,225,train,12672,256,0,False
FAR52_0295,52.225-19,225,train,12928,256,0,False
FAR52_0295,52.225-19,225,train,13184,256,0,False
FAR52_0295,52.225-19,225,train,13312,256,0,False
FAR52_0295,52.225-19,225,train,13568,256,0,False
FAR52_0295,52.225-19,225,train,13824,256,0,False
FAR52_0295,52.225-19,225,train,14080,256,0,False
FAR52_0295,52.225-19,225,train,14272,256,0,False
FAR52_0295,52.225-19,225,train,14464,64,192,True
FAR52_0296,52.225-20,225,test,0,256,0,False
FAR52_0296,52.225-20,225,test,128,256,0,False
FAR52_0296,52.225-20,225,test,256,256,0,False
FAR52_0296,52.225-20,225,test,384,256,0,False
FAR52_0296,52.225-20,225,test,512,256,0,False
FAR52_0296,52.225-20,225,test,640,256,0,False
FAR52_0296,52.225-20,225,test,768,256,0,False
FAR52_0296,52.225-20,225,test,896,256,0,False
FAR52_0296,52.225-20,225,test,1024,256,0,False
FAR52_0296,52.225-20,225,test,1152,256,0,False
FAR52_0296,52.225-20,225,test,1280,256,0,False
FAR52_0296,52.225-20,225,test,1408,256,0,False
FAR52_0296,52.225-20,225,test,1536,256,0,False
FAR52_0296,52.225-20,225,test,1664,256,0,False
FAR52_0296,52.225-20,225,test,1792,256,0,False
FAR52_0296,52.225-20,225,test,1920,256,0,False
FAR52_0296,52.225-20,225,test,2003,256,0,False
FAR52_0296,52.225-20,225,test,2048,211,45,True
FAR52_0296,52.225-20,225,test,2176,83,173,True
FAR52_0297,52.225-21,225,train,0,256,0,False
FAR52_0297,52.225-21,225,train,128,256,0,False
FAR52_0297,52.225-21,225,train,256,256,0,False
FAR52_0297,52.225-21,225,train,384,256,0,False
FAR52_0297,52.225-21,225,train,512,256,0,False
FAR52_0297,52.225-21,225,train,640,256,0,False
FAR52_0297,52.225-21,225,train,768,256,0,False
FAR52_0297,52.225-21,225,train,896,256,0,False
FAR52_0297,52.225-21,225,train,1024,256,0,False
FAR52_0297,52.225-21,225,train,1152,256,0,False
FAR52_0297,52.225-21,225,train,1280,256,0,False
FAR52_0297,52.225-21,225,train,1408,256,0,False
FAR52_0297,52.225-21,225,train,1536,256,0,False
FAR52_0297,52.225-21,225,train,1664,256,0,False
FAR52_0297,52.225-21,225,train,1792,256,0,False
FAR52_0297,52.225-21,225,train,1920,256,0,False
FAR52_0297,52.225-21,225,train,2048,256,0,False
FAR52_0297,52.225-21,225,train,2176,256,0,False
FAR52_0297,52.225-21,225,train,2304,256,0,False
FAR52_0297,52.225-21,225,train,2432,256,0,False
FAR52_0297,52.225-21,225,train,2560,256,0,False
FAR52_0297,52.225-21,225,train,2688,256,0,False
FAR52_0297,52.225-21,225,train,2816,256,0,False
FAR52_0297,52.225-21,225,train,2944,256,0,False
FAR52_0297,52.225-21,225,train,3072,256,0,False
FAR52_0297,52.225-21,225,train,3200,256,0,False
FAR52_0297,52.225-21,225,train,3328,256,0,False
FAR52_0297,52.225-21,225,train,3456,256,0,False
FAR52_0297,52.225-21,225,train,3584,256,0,False
FAR52_0297,52.225-21,225,train,3712,256,0,False
FAR52_0297,52.225-21,225,train,3840,256,0,False
FAR52_0297,52.225-21,225,train,3968,256,0,False
FAR52_0297,52.225-21,225,train,4096,256,0,False
FAR52_0297,52.225-21,225,train,4224,256,0,False
FAR52_0297,52.225-21,225,train,4352,256,0,False
FAR52_0297,52.225-21,225,train,4480,256,0,False
FAR52_0297,52.225-21,225,train,4608,256,0,False
FAR52_0297,52.225-21,225,train,4736,256,0,False
FAR52_0297,52.225-21,225,train,4864,256,0,False
FAR52_0297,52.225-21,225,train,4992,256,0,False
FAR52_0297,52.225-21,225,train,5120,256,0,False
FAR52_0297,52.225-21,225,train,5248,256,0,False
FAR52_0297,52.225-21,225,train,5376,256,0,False
FAR52_0297,52.225-21,225,train,5504,256,0,False
FAR52_0297,52.225-21,225,train,5632,256,0,False
FAR52_0297,52.225-21,225,train,5760,256,0,False
FAR52_0297,52.225-21,225,train,5888,256,0,False
FAR52_0297,52.225-21,225,train,6016,256,0,False
FAR52_0297,52.225-21,225,train,6144,256,0,False
FAR52_0297,52.225-21,225,train,6272,256,0,False
FAR52_0297,52.225-21,225,train,6400,256,0,False
FAR52_0297,52.225-21,225,train,6528,256,0,False
FAR52_0297,52.225-21,225,train,6656,256,0,False
FAR52_0297,52.225-21,225,train,6784,256,0,False
FAR52_0297,52.225-21,225,train,6912,256,0,False
FAR52_0297,52.225-21,225,train,7040,256,0,False
FAR52_0297,52.225-21,225,train,7168,256,0,False
FAR52_0297,52.225-21,225,train,7296,256,0,False
FAR52_0297,52.225-21,225,train,7424,256,0,False
FAR52_0297,52.225-21,225,train,7552,256,0,False
FAR52_0297,52.225-21,225,train,7680,256,0,False
FAR52_0297,52.225-21,225,train,7808,256,0,False
FAR52_0297,52.225-21,225,train,7905,256,0,False
FAR52_0297,52.225-21,225,train,8064,97,159,True
FAR52_0298,52.225-22,225,train,0,256,0,False
FAR52_0298,52.225-22,225,train,128,256,0,False
FAR52_0298,52.225-22,225,train,256,256,0,False
FAR52_0298,52.225-22,225,train,384,256,0,False
FAR52_0298,52.225-22,225,train,512,256,0,False
FAR52_0298,52.225-22,225,train,640,256,0,False
FAR52_0298,52.225-22,225,train,768,256,0,False
FAR52_0298,52.225-22,225,train,896,256,0,False
FAR52_0298,52.225-22,225,train,1024,256,0,False
FAR52_0298,52.225-22,225,train,1152,256,0,False
FAR52_0298,52.225-22,225,train,1280,256,0,False
FAR52_0298,52.225-22,225,train,1408,256,0,False
FAR52_0298,52.225-22,225,train,1536,256,0,False
FAR52_0298,52.225-22,225,train,1664,256,0,False
FAR52_0298,52.225-22,225,train,1792,256,0,False
FAR52_0298,52.225-22,225,train,1920,256,0,False
FAR52_0298,52.225-22,225,train,2048,256,0,False
FAR52_0298,52.225-22,225,train,2176,256,0,False
FAR52_0298,52.225-22,225,train,2304,256,0,False
FAR52_0298,52.225-22,225,train,2432,256,0,False
FAR52_0298,52.225-22,225,train,2560,256,0,False
FAR52_0298,52.225-22,225,train,2688,256,0,False
FAR52_0298,52.225-22,225,train,2816,256,0,False
FAR52_0298,52.225-22,225,train,2944,256,0,False
FAR52_0298,52.225-22,225,train,3072,256,0,False
FAR52_0298,52.225-22,225,train,3200,256,0,False
FAR52_0298,52.225-22,225,train,3328,256,0,False
FAR52_0298,52.225-22,225,train,3456,256,0,False
FAR52_0298,52.225-22,225,train,3584,256,0,False
FAR52_0298,52.225-22,225,train,3712,256,0,False
FAR52_0298,52.225-22,225,train,3840,256,0,False
FAR52_0298,52.225-22,225,train,3968,256,0,False
FAR52_0298,52.225-22,225,train,4096,256,0,False
FAR52_0298,52.225-22,225,train,4224,256,0,False
FAR52_0298,52.225-22,225,train,4352,256,0,False
FAR52_0298,52.225-22,225,train,4480,256,0,False
FAR52_0298,52.225-22,225,train,4582,256,0,False
FAR52_0298,52.225-22,225,train,4608,230,26,True
FAR52_0298,52.225-22,225,train,4736,102,154,True
FAR52_0299,52.225-23,225,train,0,256,0,False
FAR52_0299,52.225-23,225,train,256,256,0,False
FAR52_0299,52.225-23,225,train,512,256,0,False
FAR52_0299,52.225-23,225,train,768,256,0,False
FAR52_0299,52.225-23,225,train,1024,256,0,False
FAR52_0299,52.225-23,225,train,1280,256,0,False
FAR52_0299,52.225-23,225,train,1536,256,0,False
FAR52_0299,52.225-23,225,train,1792,256,0,False
FAR52_0299,52.225-23,225,train,2048,256,0,False
FAR52_0299,52.225-23,225,train,2304,256,0,False
FAR52_0299,52.225-23,225,train,2560,256,0,False
FAR52_0299,52.225-23,225,train,2816,256,0,False
FAR52_0299,52.225-23,225,train,3072,256,0,False
FAR52_0299,52.225-23,225,train,3328,256,0,False
FAR52_0299,52.225-23,225,train,3584,256,0,False
FAR52_0299,52.225-23,225,train,3840,256,0,False
FAR52_0299,52.225-23,225,train,4096,256,0,False
FAR52_0299,52.225-23,225,train,4352,256,0,False
FAR52_0299,52.225-23,225,train,4608,256,0,False
FAR52_0299,52.225-23,225,train,4864,256,0,False
FAR52_0299,52.225-23,225,train,5120,256,0,False
FAR52_0299,52.225-23,225,train,5376,256,0,False
FAR52_0299,52.225-23,225,train,5632,256,0,False
FAR52_0299,52.225-23,225,train,5888,256,0,False
FAR52_0299,52.225-23,225,train,6144,256,0,False
FAR52_0299,52.225-23,225,train,6400,256,0,False
FAR52_0299,52.225-23,225,train,6656,256,0,False
FAR52_0299,52.225-23,225,train,6912,256,0,False
FAR52_0299,52.225-23,225,train,7168,256,0,False
FAR52_0299,52.225-23,225,train,7424,256,0,False
FAR52_0299,52.225-23,225,train,7680,256,0,False
FAR52_0299,52.225-23,225,train,7936,256,0,False
FAR52_0299,52.225-23,225,train,8192,256,0,False
FAR52_0299,52.225-23,225,train,8448,256,0,False
FAR52_0299,52.225-23,225,train,8704,256,0,False
FAR52_0299,52.225-23,225,train,8960,256,0,False
FAR52_0299,52.225-23,225,train,9216,256,0,False
FAR52_0299,52.225-23,225,train,9472,256,0,False
FAR52_0299,52.225-23,225,train,9728,256,0,False
FAR52_0299,52.225-23,225,train,9984,256,0,False
FAR52_0299,52.225-23,225,train,10240,256,0,False
FAR52_0299,52.225-23,225,train,10496,256,0,False
FAR52_0299,52.225-23,225,train,10752,256,0,False
FAR52_0299,52.225-23,225,train,11008,256,0,False
FAR52_0299,52.225-23,225,train,11264,256,0,False
FAR52_0299,52.225-23,225,train,11520,256,0,False
FAR52_0299,52.225-23,225,train,11776,256,0,False
FAR52_0299,52.225-23,225,train,12032,256,0,False
FAR52_0299,52.225-23,225,train,12288,256,0,False
FAR52_0299,52.225-23,225,train,12544,256,0,False
FAR52_0299,52.225-23,225,train,12800,256,0,False
FAR52_0299,52.225-23,225,train,13056,256,0,False
FAR52_0299,52.225-23,225,train,13312,256,0,False
FAR52_0299,52.225-23,225,train,13568,256,0,False
FAR52_0299,52.225-23,225,train,13824,256,0,False
FAR52_0299,52.225-23,225,train,14080,256,0,False
FAR52_0299,52.225-23,225,train,14336,256,0,False
FAR52_0299,52.225-23,225,train,14592,256,0,False
FAR52_0299,52.225-23,225,train,14848,256,0,False
FAR52_0299,52.225-23,225,train,15104,256,0,False
FAR52_0299,52.225-23,225,train,15360,256,0,False
FAR52_0299,52.225-23,225,train,15616,256,0,False
FAR52_0299,52.225-23,225,train,15860,256,0,False
FAR52_0299,52.225-23,225,train,16000,116,140,True
FAR52_0300,52.225-24,225,train,0,256,0,False
FAR52_0300,52.225-24,225,train,128,256,0,False
FAR52_0300,52.225-24,225,train,256,256,0,False
FAR52_0300,52.225-24,225,train,384,256,0,False
FAR52_0300,52.225-24,225,train,512,256,0,False
FAR52_0300,52.225-24,225,train,640,256,0,False
FAR52_0300,52.225-24,225,train,768,256,0,False
FAR52_0300,52.225-24,225,train,896,256,0,False
FAR52_0300,52.225-24,225,train,1024,256,0,False
FAR52_0300,52.225-24,225,train,1152,256,0,False
FAR52_0300,52.225-24,225,train,1280,256,0,False
FAR52_0300,52.225-24,225,train,1408,256,0,False
FAR52_0300,52.225-24,225,train,1536,256,0,False
FAR52_0300,52.225-24,225,train,1664,256,0,False
FAR52_0300,52.225-24,225,train,1792,256,0,False
FAR52_0300,52.225-24,225,train,1920,256,0,False
FAR52_0300,52.225-24,225,train,2048,256,0,False
FAR52_0300,52.225-24,225,train,2176,256,0,False
FAR52_0300,52.225-24,225,train,2304,256,0,False
FAR52_0300,52.225-24,225,train,2432,256,0,False
FAR52_0300,52.225-24,225,train,2560,256,0,False
FAR52_0300,52.225-24,225,train,2688,256,0,False
FAR52_0300,52.225-24,225,train,2816,256,0,False
FAR52_0300,52.225-24,225,train,2944,256,0,False
FAR52_0300,52.225-24,225,train,3072,256,0,False
FAR52_0300,52.225-24,225,train,3200,256,0,False
FAR52_0300,52.225-24,225,train,3328,256,0,False
FAR52_0300,52.225-24,225,train,3456,256,0,False
FAR52_0300,52.225-24,225,train,3584,256,0,False
FAR52_0300,52.225-24,225,train,3712,256,0,False
FAR52_0300,52.225-24,225,train,3840,256,0,False
FAR52_0300,52.225-24,225,train,3968,256,0,False
FAR52_0300,52.225-24,225,train,4096,256,0,False
FAR52_0300,52.225-24,225,train,4224,256,0,False
FAR52_0300,52.225-24,225,train,4352,256,0,False
FAR52_0300,52.225-24,225,train,4480,256,0,False
FAR52_0300,52.225-24,225,train,4608,256,0,False
FAR52_0300,52.225-24,225,train,4736,256,0,False
FAR52_0300,52.225-24,225,train,4864,256,0,False
FAR52_0300,52.225-24,225,train,4992,256,0,False
FAR52_0300,52.225-24,225,train,5120,256,0,False
FAR52_0300,52.225-24,225,train,5248,256,0,False
FAR52_0300,52.225-24,225,train,5376,256,0,False
FAR52_0300,52.225-24,225,train,5504,256,0,False
FAR52_0300,52.225-24,225,train,5632,256,0,False
FAR52_0300,52.225-24,225,train,5760,256,0,False
FAR52_0300,52.225-24,225,train,5888,256,0,False
FAR52_0300,52.225-24,225,train,6016,256,0,False
FAR52_0300,52.225-24,225,train,6144,256,0,False
FAR52_0300,52.225-24,225,train,6272,256,0,False
FAR52_0300,52.225-24,225,train,6400,256,0,False
FAR52_0300,52.225-24,225,train,6517,256,0,False
FAR52_0300,52.225-24,225,train,6528,245,11,True
FAR52_0300,52.225-24,225,train,6656,117,139,True
FAR52_0301,52.225-25,225,train,0,256,0,False
FAR52_0301,52.225-25,225,train,128,256,0,False
FAR52_0301,52.225-25,225,train,256,256,0,False
FAR52_0301,52.225-25,225,train,384,256,0,False
FAR52_0301,52.225-25,225,train,512,256,0,False
FAR52_0301,52.225-25,225,train,640,256,0,False
FAR52_0301,52.225-25,225,train,768,256,0,False
FAR52_0301,52.225-25,225,train,896,256,0,False
FAR52_0301,52.225-25,225,train,1024,256,0,False
FAR52_0301,52.225-25,225,train,1152,256,0,False
FAR52_0301,52.225-25,225,train,1280,256,0,False
FAR52_0301,52.225-25,225,train,1408,256,0,False
FAR52_0301,52.225-25,225,train,1536,256,0,False
FAR52_0301,52.225-25,225,train,1664,256,0,False
FAR52_0301,52.225-25,225,train,1792,256,0,False
FAR52_0301,52.225-25,225,train,1920,256,0,False
FAR52_0301,52.225-25,225,train,2048,256,0,False
FAR52_0301,52.225-25,225,train,2176,256,0,False
FAR52_0301,52.225-25,225,train,2304,256,0,False
FAR52_0301,52.225-25,225,train,2432,256,0,False
FAR52_0301,52.225-25,225,train,2560,256,0,False
FAR52_0301,52.225-25,225,train,2688,256,0,False
FAR52_0301,52.225-25,225,train,2816,256,0,False
FAR52_0301,52.225-25,225,train,2944,256,0,False
FAR52_0301,52.225-25,225,train,3072,256,0,False
FAR52_0301,52.225-25,225,train,3200,256,0,False
FAR52_0301,52.225-25,225,train,3328,256,0,False
FAR52_0301,52.225-25,225,train,3374,256,0,False
FAR52_0301,52.225-25,225,train,3456,174,82,True
FAR52_0301,52.225-25,225,train,3584,46,210,True
FAR52_0302,52.225-26,225,train,0,256,0,False
FAR52_0302,52.225-26,225,train,128,256,0,False
FAR52_0302,52.225-26,225,train,256,256,0,False
FAR52_0302,52.225-26,225,train,384,256,0,False
FAR52_0302,52.225-26,225,train,512,256,0,False
FAR52_0302,52.225-26,225,train,640,256,0,False
FAR52_0302,52.225-26,225,train,768,256,0,False
FAR52_0302,52.225-26,225,train,896,256,0,False
FAR52_0302,52.225-26,225,train,1024,256,0,False
FAR52_0302,52.225-26,225,train,1152,256,0,False
FAR52_0302,52.225-26,225,train,1280,256,0,False
FAR52_0302,52.225-26,225,train,1408,256,0,False
FAR52_0302,52.225-26,225,train,1536,256,0,False
FAR52_0302,52.225-26,225,train,1664,256,0,False
FAR52_0302,52.225-26,225,train,1792,256,0,False
FAR52_0302,52.225-26,225,train,1920,256,0,False
FAR52_0302,52.225-26,225,train,2048,256,0,False
FAR52_0302,52.225-26,225,train,2176,256,0,False
FAR52_0302,52.225-26,225,train,2304,256,0,False
FAR52_0302,52.225-26,225,train,2432,256,0,False
FAR52_0302,52.225-26,225,train,2560,256,0,False
FAR52_0302,52.225-26,225,train,2688,256,0,False
FAR52_0302,52.225-26,225,train,2816,256,0,False
FAR52_0302,52.225-26,225,train,2944,256,0,False
FAR52_0302,52.225-26,225,train,3072,256,0,False
FAR52_0302,52.225-26,225,train,3200,256,0,False
FAR52_0302,52.225-26,225,train,3328,256,0,False
FAR52_0302,52.225-26,225,train,3456,256,0,False
FAR52_0302,52.225-26,225,train,3584,256,0,False
FAR52_0302,52.225-26,225,train,3712,256,0,False
FAR52_0302,52.225-26,225,train,3840,256,0,False
FAR52_0302,52.225-26,225,train,3968,256,0,False
FAR52_0302,52.225-26,225,train,4096,256,0,False
FAR52_0302,52.225-26,225,train,4224,256,0,False
FAR52_0302,52.225-26,225,train,4352,256,0,False
FAR52_0302,52.225-26,225,train,4480,256,0,False
FAR52_0302,52.225-26,225,train,4608,256,0,False
FAR52_0302,52.225-26,225,train,4736,256,0,False
FAR52_0302,52.225-26,225,train,4864,256,0,False
FAR52_0302,52.225-26,225,train,4992,256,0,False
FAR52_0302,52.225-26,225,train,5120,256,0,False
FAR52_0302,52.225-26,225,train,5248,256,0,False
FAR52_0302,52.225-26,225,train,5376,256,0,False
FAR52_0302,52.225-26,225,train,5504,256,0,False
FAR52_0302,52.225-26,225,train,5632,256,0,False
FAR52_0302,52.225-26,225,train,5760,256,0,False
FAR52_0302,52.225-26,225,train,5888,256,0,False
FAR52_0302,52.225-26,225,train,6016,256,0,False
FAR52_0302,52.225-26,225,train,6144,256,0,False
FAR52_0302,52.225-26,225,train,6272,256,0,False
FAR52_0302,52.225-26,225,train,6400,256,0,False
FAR52_0302,52.225-26,225,train,6528,256,0,False
FAR52_0302,52.225-26,225,train,6656,256,0,False
FAR52_0302,52.225-26,225,train,6784,256,0,False
FAR52_0302,52.225-26,225,train,6912,256,0,False
FAR52_0302,52.225-26,225,train,7040,256,0,False
FAR52_0302,52.225-26,225,train,7137,256,0,False
FAR52_0302,52.225-26,225,train,7168,225,31,True
FAR52_0302,52.225-26,225,train,7296,97,159,True
FAR52_0303,52.226-1,226,train,0,256,0,False
FAR52_0303,52.226-1,226,train,128,256,0,False
FAR52_0303,52.226-1,226,train,256,256,0,False
FAR52_0303,52.226-1,226,train,384,256,0,False
FAR52_0303,52.226-1,226,train,512,256,0,False
FAR52_0303,52.226-1,226,train,640,256,0,False
FAR52_0303,52.226-1,226,train,768,256,0,False
FAR52_0303,52.226-1,226,train,896,256,0,False
FAR52_0303,52.226-1,226,train,1024,256,0,False
FAR52_0303,52.226-1,226,train,1152,256,0,False
FAR52_0303,52.226-1,226,train,1280,256,0,False
FAR52_0303,52.226-1,226,train,1408,256,0,False
FAR52_0303,52.226-1,226,train,1536,256,0,False
FAR52_0303,52.226-1,226,train,1664,256,0,False
FAR52_0303,52.226-1,226,train,1792,256,0,False
FAR52_0303,52.226-1,226,train,1920,256,0,False
FAR52_0303,52.226-1,226,train,2048,256,0,False
FAR52_0303,52.226-1,226,train,2176,256,0,False
FAR52_0303,52.226-1,226,train,2304,256,0,False
FAR52_0303,52.226-1,226,train,2432,256,0,False
FAR52_0303,52.226-1,226,train,2560,256,0,False
FAR52_0303,52.226-1,226,train,2688,256,0,False
FAR52_0303,52.226-1,226,train,2816,256,0,False
FAR52_0303,52.226-1,226,train,2944,256,0,False
FAR52_0303,52.226-1,226,train,3072,256,0,False
FAR52_0303,52.226-1,226,train,3200,256,0,False
FAR52_0303,52.226-1,226,train,3328,256,0,False
FAR52_0303,52.226-1,226,train,3456,256,0,False
FAR52_0303,52.226-1,226,train,3584,256,0,False
FAR52_0303,52.226-1,226,train,3636,256,0,False
FAR52_0303,52.226-1,226,train,3712,180,76,True
FAR52_0303,52.226-1,226,train,3840,52,204,True
FAR52_0304,52.226-2,226,test,0,256,0,False
FAR52_0304,52.226-2,226,test,128,256,0,False
FAR52_0304,52.226-2,226,test,256,256,0,False
FAR52_0304,52.226-2,226,test,384,256,0,False
FAR52_0304,52.226-2,226,test,512,256,0,False
FAR52_0304,52.226-2,226,test,621,256,0,False
FAR52_0304,52.226-2,226,test,640,237,19,True
FAR52_0304,52.226-2,226,test,768,109,147,True
FAR52_0305,52.226-3,226,train,0,256,0,False
FAR52_0305,52.226-3,226,train,128,256,0,False
FAR52_0305,52.226-3,226,train,256,256,0,False
FAR52_0305,52.226-3,226,train,384,256,0,False
FAR52_0305,52.226-3,226,train,512,256,0,False
FAR52_0305,52.226-3,226,train,640,256,0,False
FAR52_0305,52.226-3,226,train,768,256,0,False
FAR52_0305,52.226-3,226,train,896,256,0,False
FAR52_0305,52.226-3,226,train,1024,256,0,False
FAR52_0305,52.226-3,226,train,1152,256,0,False
FAR52_0305,52.226-3,226,train,1280,256,0,False
FAR52_0305,52.226-3,226,train,1408,256,0,False
FAR52_0305,52.226-3,226,train,1536,256,0,False
FAR52_0305,52.226-3,226,train,1664,256,0,False
FAR52_0305,52.226-3,226,train,1792,256,0,False
FAR52_0305,52.226-3,226,train,1871,256,0,False
FAR52_0305,52.226-3,226,train,1920,207,49,True
FAR52_0305,52.226-3,226,train,2048,79,177,True
FAR52_0306,52.226-4,226,train,0,256,0,False
FAR52_0306,52.226-4,226,train,128,256,0,False
FAR52_0306,52.226-4,226,train,256,256,0,False
FAR52_0306,52.226-4,226,train,312,256,0,False
FAR52_0306,52.226-4,226,train,384,184,72,True
FAR52_0306,52.226-4,226,train,512,56,200,True
FAR52_0307,52.226-5,226,train,0,256,0,False
FAR52_0307,52.226-5,226,train,128,256,0,False
FAR52_0307,52.226-5,226,train,256,256,0,False
FAR52_0307,52.226-5,226,train,384,256,0,False
FAR52_0307,52.226-5,226,train,512,256,0,False
FAR52_0307,52.226-5,226,train,640,256,0,False
FAR52_0307,52.226-5,226,train,768,256,0,False
FAR52_0307,52.226-5,226,train,896,256,0,False
FAR52_0307,52.226-5,226,train,1024,256,0,False
FAR52_0307,52.226-5,226,train,1152,256,0,False
FAR52_0307,52.226-5,226,train,1280,256,0,False
FAR52_0307,52.226-5,226,train,1408,256,0,False
FAR52_0307,52.226-5,226,train,1536,256,0,False
FAR52_0307,52.226-5,226,train,1550,256,0,False
FAR52_0307,52.226-5,226,train,1664,142,114,True
FAR52_0307,52.226-5,226,train,1792,14,242,True
FAR52_0308,52.226-6,226,train,0,256,0,False
FAR52_0308,52.226-6,226,train,128,256,0,False
FAR52_0308,52.226-6,226,train,256,256,0,False
FAR52_0308,52.226-6,226,train,384,256,0,False
FAR52_0308,52.226-6,226,train,512,256,0,False
FAR52_0308,52.226-6,226,train,640,256,0,False
FAR52_0308,52.226-6,226,train,768,256,0,False
FAR52_0308,52.226-6,226,train,896,256,0,False
FAR52_0308,52.226-6,226,train,1024,256,0,False
FAR52_0308,52.226-6,226,train,1152,256,0,False
FAR52_0308,52.226-6,226,train,1280,256,0,False
FAR52_0308,52.226-6,226,train,1408,256,0,False
FAR52_0308,52.226-6,226,train,1536,256,0,False
FAR52_0308,52.226-6,226,train,1664,256,0,False
FAR52_0308,52.226-6,226,train,1792,256,0,False
FAR52_0308,52.226-6,226,train,1920,256,0,False
FAR52_0308,52.226-6,226,train,2048,256,0,False
FAR52_0308,52.226-6,226,train,2176,256,0,False
FAR52_0308,52.226-6,226,train,2220,256,0,False
FAR52_0308,52.226-6,226,train,2304,172,84,True
FAR52_0308,52.226-6,226,train,2432,44,212,True
FAR52_0309,52.226-7,226,train,0,256,0,False
FAR52_0309,52.226-7,226,train,128,256,0,False
FAR52_0309,52.226-7,226,train,256,256,0,False
FAR52_0309,52.226-7,226,train,384,256,0,False
FAR52_0309,52.226-7,226,train,512,256,0,False
FAR52_0309,52.226-7,226,train,640,256,0,False
FAR52_0309,52.226-7,226,train,768,256,0,False
FAR52_0309,52.226-7,226,train,896,256,0,False
FAR52_0309,52.226-7,226,train,1024,256,0,False
FAR52_0309,52.226-7,226,train,1152,256,0,False
FAR52_0309,52.226-7,226,train,1280,256,0,False
FAR52_0309,52.226-7,226,train,1408,256,0,False
FAR52_0309,52.226-7,226,train,1536,256,0,False
FAR52_0309,52.226-7,226,train,1664,256,0,False
FAR52_0309,52.226-7,226,train,1792,256,0,False
FAR52_0309,52.226-7,226,train,1920,256,0,False
FAR52_0309,52.226-7,226,train,2048,256,0,False
FAR52_0309,52.226-7,226,train,2176,256,0,False
FAR52_0309,52.226-7,226,train,2304,256,0,False
FAR52_0309,52.226-7,226,train,2432,256,0,False
FAR52_0309,52.226-7,226,train,2560,256,0,False
FAR52_0309,52.226-7,226,train,2688,256,0,False
FAR52_0309,52.226-7,226,train,2816,256,0,False
FAR52_0309,52.226-7,226,train,2944,256,0,False
FAR52_0309,52.226-7,226,train,3072,256,0,False
FAR52_0309,52.226-7,226,train,3200,256,0,False
FAR52_0309,52.226-7,226,train,3328,256,0,False
FAR52_0309,52.226-7,226,train,3456,256,0,False
FAR52_0309,52.226-7,226,train,3584,256,0,False
FAR52_0309,52.226-7,226,train,3712,256,0,False
FAR52_0309,52.226-7,226,train,3840,256,0,False
FAR52_0309,52.226-7,226,train,3968,256,0,False
FAR52_0309,52.226-7,226,train,4096,256,0,False
FAR52_0309,52.226-7,226,train,4224,256,0,False
FAR52_0309,52.226-7,226,train,4266,256,0,False
FAR52_0309,52.226-7,226,train,4352,170,86,True
FAR52_0309,52.226-7,226,train,4480,42,214,True
FAR52_0310,52.226-8,226,train,0,256,0,False
FAR52_0310,52.226-8,226,train,128,256,0,False
FAR52_0310,52.226-8,226,train,256,256,0,False
FAR52_0310,52.226-8,226,train,384,256,0,False
FAR52_0310,52.226-8,226,train,512,256,0,False
FAR52_0310,52.226-8,226,train,640,256,0,False
FAR52_0310,52.226-8,226,train,768,256,0,False
FAR52_0310,52.226-8,226,train,896,256,0,False
FAR52_0310,52.226-8,226,train,1024,256,0,False
FAR52_0310,52.226-8,226,train,1152,256,0,False
FAR52_0310,52.226-8,226,train,1280,256,0,False
FAR52_0310,52.226-8,226,train,1408,256,0,False
FAR52_0310,52.226-8,226,train,1536,256,0,False
FAR52_0310,52.226-8,226,train,1664,256,0,False
FAR52_0310,52.226-8,226,train,1792,256,0,False
FAR52_0310,52.226-8,226,train,1920,256,0,False
FAR52_0310,52.226-8,226,train,2048,256,0,False
FAR52_0310,52.226-8,226,train,2098,256,0,False
FAR52_0310,52.226-8,226,train,2176,178,78,True
FAR52_0310,52.226-8,226,train,2304,50,206,True
FAR52_0311,52.227-1,227,train,0,256,0,False
FAR52_0311,52.227-1,227,train,128,256,0,False
FAR52_0311,52.227-1,227,train,256,256,0,False
FAR52_0311,52.227-1,227,train,384,256,0,False
FAR52_0311,52.227-1,227,train,512,256,0,False
FAR52_0311,52.227-1,227,train,640,256,0,False
FAR52_0311,52.227-1,227,train,768,256,0,False
FAR52_0311,52.227-1,227,train,896,256,0,False
FAR52_0311,52.227-1,227,train,1024,256,0,False
FAR52_0311,52.227-1,227,train,1152,256,0,False
FAR52_0311,52.227-1,227,train,1280,256,0,False
FAR52_0311,52.227-1,227,train,1408,256,0,False
FAR52_0311,52.227-1,227,train,1536,256,0,False
FAR52_0311,52.227-1,227,train,1664,256,0,False
FAR52_0311,52.227-1,227,train,1792,256,0,False
FAR52_0311,52.227-1,227,train,1920,256,0,False
FAR52_0311,52.227-1,227,train,2048,256,0,False
FAR52_0311,52.227-1,227,train,2176,256,0,False
FAR52_0311,52.227-1,227,train,2304,256,0,False
FAR52_0311,52.227-1,227,train,2432,256,0,False
FAR52_0311,52.227-1,227,train,2560,256,0,False
FAR52_0311,52.227-1,227,train,2688,256,0,False
FAR52_0311,52.227-1,227,train,2718,256,0,False
FAR52_0311,52.227-1,227,train,2816,158,98,True
FAR52_0311,52.227-1,227,train,2944,30,226,True
FAR52_0312,52.227-2,227,train,0,256,0,False
FAR52_0312,52.227-2,227,train,128,256,0,False
FAR52_0312,52.227-2,227,train,256,256,0,False
FAR52_0312,52.227-2,227,train,384,256,0,False
FAR52_0312,52.227-2,227,train,512,256,0,False
FAR52_0312,52.227-2,227,train,640,256,0,False
FAR52_0312,52.227-2,227,train,768,256,0,False
FAR52_0312,52.227-2,227,train,896,256,0,False
FAR52_0312,52.227-2,227,train,1024,256,0,False
FAR52_0312,52.227-2,227,train,1083,256,0,False
FAR52_0312,52.227-2,227,train,1152,187,69,True
FAR52_0312,52.227-2,227,train,1280,59,197,True
FAR52_0313,52.227-3,227,train,0,256,0,False
FAR52_0313,52.227-3,227,train,128,256,0,False
FAR52_0313,52.227-3,227,train,256,256,0,False
FAR52_0313,52.227-3,227,train,384,256,0,False
FAR52_0313,52.227-3,227,train,512,256,0,False
FAR52_0313,52.227-3,227,train,640,256,0,False
FAR52_0313,52.227-3,227,train,768,256,0,False
FAR52_0313,52.227-3,227,train,896,256,0,False
FAR52_0313,52.227-3,227,train,1024,256,0,False
FAR52_0313,52.227-3,227,train,1152,256,0,False
FAR52_0313,52.227-3,227,train,1280,256,0,False
FAR52_0313,52.227-3,227,train,1408,256,0,False
FAR52_0313,52.227-3,227,train,1536,256,0,False
FAR52_0313,52.227-3,227,train,1664,256,0,False
FAR52_0313,52.227-3,227,train,1792,256,0,False
FAR52_0313,52.227-3,227,train,1920,256,0,False
FAR52_0313,52.227-3,227,train,2048,256,0,False
FAR52_0313,52.227-3,227,train,2176,256,0,False
FAR52_0313,52.227-3,227,train,2304,256,0,False
FAR52_0313,52.227-3,227,train,2432,256,0,False
FAR52_0313,52.227-3,227,train,2560,256,0,False
FAR52_0313,52.227-3,227,train,2688,256,0,False
FAR52_0313,52.227-3,227,train,2811,256,0,False
FAR52_0313,52.227-3,227,train,2816,251,5,True
FAR52_0313,52.227-3,227,train,2944,123,133,True
FAR52_0314,52.227-4,227,train,0,256,0,False
FAR52_0314,52.227-4,227,train,128,256,0,False
FAR52_0314,52.227-4,227,train,256,256,0,False
FAR52_0314,52.227-4,227,train,384,256,0,False
FAR52_0314,52.227-4,227,train,512,256,0,False
FAR52_0314,52.227-4,227,train,640,256,0,False
FAR52_0314,52.227-4,227,train,768,256,0,False
FAR52_0314,52.227-4,227,train,811,256,0,False
FAR52_0314,52.227-4,227,train,896,171,85,True
FAR52_0314,52.227-4,227,train,1024,43,213,True
FAR52_0315,52.227-5,227,test,0,256,0,False
FAR52_0315,52.227-5,227,test,128,256,0,False
FAR52_0315,52.227-5,227,test,256,256,0,False
FAR52_0315,52.227-5,227,test,355,256,0,False
FAR52_0315,52.227-5,227,test,384,227,29,True
FAR52_0315,52.227-5,227,test,512,99,157,True
FAR52_0316,52.227-6,227,train,0,256,0,False
FAR52_0316,52.227-6,227,train,128,256,0,False
FAR52_0316,52.227-6,227,train,256,256,0,False
FAR52_0316,52.227-6,227,train,384,256,0,False
FAR52_0316,52.227-6,227,train,512,256,0,False
FAR52_0316,52.227-6,227,train,640,256,0,False
FAR52_0316,52.227-6,227,train,768,256,0,False
FAR52_0316,52.227-6,227,train,896,256,0,False
FAR52_0316,52.227-6,227,train,1024,256,0,False
FAR52_0316,52.227-6,227,train,1152,256,0,False
FAR52_0316,52.227-6,227,train,1280,256,0,False
FAR52_0316,52.227-6,227,train,1288,256,0,False
FAR52_0316,52.227-6,227,train,1408,136,120,True
FAR52_0316,52.227-6,227,train,1536,8,248,True
FAR52_0317,52.227-7,227,validation,0,256,0,False
FAR52_0317,52.227-7,227,validation,128,256,0,False
FAR52_0317,52.227-7,227,validation,256,256,0,False
FAR52_0317,52.227-7,227,validation,384,256,0,False
FAR52_0317,52.227-7,227,validation,460,256,0,False
FAR52_0317,52.227-7,227,validation,512,204,52,True
FAR52_0317,52.227-7,227,validation,640,76,180,True
FAR52_0318,52.227-9,227,validation,0,256,0,False
FAR52_0318,52.227-9,227,validation,128,256,0,False
FAR52_0318,52.227-9,227,validation,256,256,0,False
FAR52_0318,52.227-9,227,validation,384,256,0,False
FAR52_0318,52.227-9,227,validation,512,256,0,False
FAR52_0318,52.227-9,227,validation,640,256,0,False
FAR52_0318,52.227-9,227,validation,768,256,0,False
FAR52_0318,52.227-9,227,validation,896,256,0,False
FAR52_0318,52.227-9,227,validation,1024,256,0,False
FAR52_0318,52.227-9,227,validation,1152,256,0,False
FAR52_0318,52.227-9,227,validation,1280,256,0,False
FAR52_0318,52.227-9,227,validation,1408,256,0,False
FAR52_0318,52.227-9,227,validation,1536,256,0,False
FAR52_0318,52.227-9,227,validation,1664,256,0,False
FAR52_0318,52.227-9,227,validation,1792,256,0,False
FAR52_0318,52.227-9,227,validation,1870,256,0,False
FAR52_0318,52.227-9,227,validation,1920,206,50,True
FAR52_0318,52.227-9,227,validation,2048,78,178,True
FAR52_0319,52.227-10,227,test,0,256,0,False
FAR52_0319,52.227-10,227,test,128,256,0,False
FAR52_0319,52.227-10,227,test,256,256,0,False
FAR52_0319,52.227-10,227,test,384,256,0,False
FAR52_0319,52.227-10,227,test,512,256,0,False
FAR52_0319,52.227-10,227,test,640,256,0,False
FAR52_0319,52.227-10,227,test,768,256,0,False
FAR52_0319,52.227-10,227,test,896,256,0,False
FAR52_0319,52.227-10,227,test,1024,256,0,False
FAR52_0319,52.227-10,227,test,1152,256,0,False
FAR52_0319,52.227-10,227,test,1280,256,0,False
FAR52_0319,52.227-10,227,test,1408,256,0,False
FAR52_0319,52.227-10,227,test,1536,256,0,False
FAR52_0319,52.227-10,227,test,1664,256,0,False
FAR52_0319,52.227-10,227,test,1792,256,0,False
FAR52_0319,52.227-10,227,test,1920,256,0,False
FAR52_0319,52.227-10,227,test,2048,256,0,False
FAR52_0319,52.227-10,227,test,2176,256,0,False
FAR52_0319,52.227-10,227,test,2304,256,0,False
FAR52_0319,52.227-10,227,test,2432,256,0,False
FAR52_0319,52.227-10,227,test,2560,256,0,False
FAR52_0319,52.227-10,227,test,2589,256,0,False
FAR52_0319,52.227-10,227,test,2688,157,99,True
FAR52_0319,52.227-10,227,test,2816,29,227,True
FAR52_0320,52.227-11,227,train,0,256,0,False
FAR52_0320,52.227-11,227,train,256,256,0,False
FAR52_0320,52.227-11,227,train,512,256,0,False
FAR52_0320,52.227-11,227,train,896,256,0,False
FAR52_0320,52.227-11,227,train,1152,256,0,False
FAR52_0320,52.227-11,227,train,1408,256,0,False
FAR52_0320,52.227-11,227,train,1792,256,0,False
FAR52_0320,52.227-11,227,train,2048,256,0,False
FAR52_0320,52.227-11,227,train,2304,256,0,False
FAR52_0320,52.227-11,227,train,2688,256,0,False
FAR52_0320,52.227-11,227,train,2944,256,0,False
FAR52_0320,52.227-11,227,train,3328,256,0,False
FAR52_0320,52.227-11,227,train,3584,256,0,False
FAR52_0320,52.227-11,227,train,3840,256,0,False
FAR52_0320,52.227-11,227,train,4224,256,0,False
FAR52_0320,52.227-11,227,train,4480,256,0,False
FAR52_0320,52.227-11,227,train,4736,256,0,False
FAR52_0320,52.227-11,227,train,5120,256,0,False
FAR52_0320,52.227-11,227,train,5376,256,0,False
FAR52_0320,52.227-11,227,train,5632,256,0,False
FAR52_0320,52.227-11,227,train,6016,256,0,False
FAR52_0320,52.227-11,227,train,6272,256,0,False
FAR52_0320,52.227-11,227,train,6656,256,0,False
FAR52_0320,52.227-11,227,train,6912,256,0,False
FAR52_0320,52.227-11,227,train,7168,256,0,False
FAR52_0320,52.227-11,227,train,7552,256,0,False
FAR52_0320,52.227-11,227,train,7808,256,0,False
FAR52_0320,52.227-11,227,train,8064,256,0,False
FAR52_0320,52.227-11,227,train,8448,256,0,False
FAR52_0320,52.227-11,227,train,8704,256,0,False
FAR52_0320,52.227-11,227,train,8960,256,0,False
FAR52_0320,52.227-11,227,train,9344,256,0,False
FAR52_0320,52.227-11,227,train,9600,256,0,False
FAR52_0320,52.227-11,227,train,9984,256,0,False
FAR52_0320,52.227-11,227,train,10240,256,0,False
FAR52_0320,52.227-11,227,train,10496,256,0,False
FAR52_0320,52.227-11,227,train,10880,256,0,False
FAR52_0320,52.227-11,227,train,11136,256,0,False
FAR52_0320,52.227-11,227,train,11392,256,0,False
FAR52_0320,52.227-11,227,train,11776,256,0,False
FAR52_0320,52.227-11,227,train,12032,256,0,False
FAR52_0320,52.227-11,227,train,12288,256,0,False
FAR52_0320,52.227-11,227,train,12672,256,0,False
FAR52_0320,52.227-11,227,train,12928,256,0,False
FAR52_0320,52.227-11,227,train,13312,256,0,False
FAR52_0320,52.227-11,227,train,13568,256,0,False
FAR52_0320,52.227-11,227,train,13824,256,0,False
FAR52_0320,52.227-11,227,train,14208,256,0,False
FAR52_0320,52.227-11,227,train,14464,256,0,False
FAR52_0320,52.227-11,227,train,14720,256,0,False
FAR52_0320,52.227-11,227,train,15104,256,0,False
FAR52_0320,52.227-11,227,train,15360,256,0,False
FAR52_0320,52.227-11,227,train,15616,256,0,False
FAR52_0320,52.227-11,227,train,16000,256,0,False
FAR52_0320,52.227-11,227,train,16256,256,0,False
FAR52_0320,52.227-11,227,train,16640,256,0,False
FAR52_0320,52.227-11,227,train,16896,256,0,False
FAR52_0320,52.227-11,227,train,17152,256,0,False
FAR52_0320,52.227-11,227,train,17536,256,0,False
FAR52_0320,52.227-11,227,train,17792,256,0,False
FAR52_0320,52.227-11,227,train,18048,256,0,False
FAR52_0320,52.227-11,227,train,18432,256,0,False
FAR52_0320,52.227-11,227,train,18688,256,0,False
FAR52_0320,52.227-11,227,train,18944,13,243,True
FAR52_0321,52.227-13,227,train,0,256,0,False
FAR52_0321,52.227-13,227,train,256,256,0,False
FAR52_0321,52.227-13,227,train,512,256,0,False
FAR52_0321,52.227-13,227,train,768,256,0,False
FAR52_0321,52.227-13,227,train,1024,256,0,False
FAR52_0321,52.227-13,227,train,1280,256,0,False
FAR52_0321,52.227-13,227,train,1536,256,0,False
FAR52_0321,52.227-13,227,train,1792,256,0,False
FAR52_0321,52.227-13,227,train,2048,256,0,False
FAR52_0321,52.227-13,227,train,2432,256,0,False
FAR52_0321,52.227-13,227,train,2688,256,0,False
FAR52_0321,52.227-13,227,train,2944,256,0,False
FAR52_0321,52.227-13,227,train,3200,256,0,False
FAR52_0321,52.227-13,227,train,3456,256,0,False
FAR52_0321,52.227-13,227,train,3712,256,0,False
FAR52_0321,52.227-13,227,train,3968,256,0,False
FAR52_0321,52.227-13,227,train,4224,256,0,False
FAR52_0321,52.227-13,227,train,4480,256,0,False
FAR52_0321,52.227-13,227,train,4864,256,0,False
FAR52_0321,52.227-13,227,train,5120,256,0,False
FAR52_0321,52.227-13,227,train,5376,256,0,False
FAR52_0321,52.227-13,227,train,5632,256,0,False
FAR52_0321,52.227-13,227,train,5888,256,0,False
FAR52_0321,52.227-13,227,train,6144,256,0,False
FAR52_0321,52.227-13,227,train,6400,256,0,False
FAR52_0321,52.227-13,227,train,6656,256,0,False
FAR52_0321,52.227-13,227,train,6912,256,0,False
FAR52_0321,52.227-13,227,train,7296,256,0,False
FAR52_0321,52.227-13,227,train,7552,256,0,False
FAR52_0321,52.227-13,227,train,7808,256,0,False
FAR52_0321,52.227-13,227,train,8064,256,0,False
FAR52_0321,52.227-13,227,train,8320,256,0,False
FAR52_0321,52.227-13,227,train,8576,256,0,False
FAR52_0321,52.227-13,227,train,8832,256,0,False
FAR52_0321,52.227-13,227,train,9088,256,0,False
FAR52_0321,52.227-13,227,train,9344,256,0,False
FAR52_0321,52.227-13,227,train,9728,256,0,False
FAR52_0321,52.227-13,227,train,9984,256,0,False
FAR52_0321,52.227-13,227,train,10240,256,0,False
FAR52_0321,52.227-13,227,train,10496,256,0,False
FAR52_0321,52.227-13,227,train,10752,256,0,False
FAR52_0321,52.227-13,227,train,11008,256,0,False
FAR52_0321,52.227-13,227,train,11264,256,0,False
FAR52_0321,52.227-13,227,train,11520,256,0,False
FAR52_0321,52.227-13,227,train,11776,256,0,False
FAR52_0321,52.227-13,227,train,12160,256,0,False
FAR52_0321,52.227-13,227,train,12416,256,0,False
FAR52_0321,52.227-13,227,train,12672,256,0,False
FAR52_0321,52.227-13,227,train,12928,256,0,False
FAR52_0321,52.227-13,227,train,13184,256,0,False
FAR52_0321,52.227-13,227,train,13440,256,0,False
FAR52_0321,52.227-13,227,train,13696,256,0,False
FAR52_0321,52.227-13,227,train,13952,256,0,False
FAR52_0321,52.227-13,227,train,14208,256,0,False
FAR52_0321,52.227-13,227,train,14592,256,0,False
FAR52_0321,52.227-13,227,train,14848,256,0,False
FAR52_0321,52.227-13,227,train,15104,256,0,False
FAR52_0321,52.227-13,227,train,15360,256,0,False
FAR52_0321,52.227-13,227,train,15616,256,0,False
FAR52_0321,52.227-13,227,train,15872,256,0,False
FAR52_0321,52.227-13,227,train,16128,256,0,False
FAR52_0321,52.227-13,227,train,16384,256,0,False
FAR52_0321,52.227-13,227,train,16640,256,0,False
FAR52_0321,52.227-13,227,train,16896,21,235,True
FAR52_0322,52.227-14,227,train,0,256,0,False
FAR52_0322,52.227-14,227,train,256,256,0,False
FAR52_0322,52.227-14,227,train,640,256,0,False
FAR52_0322,52.227-14,227,train,1024,256,0,False
FAR52_0322,52.227-14,227,train,1280,256,0,False
FAR52_0322,52.227-14,227,train,1664,256,0,False
FAR52_0322,52.227-14,227,train,2048,256,0,False
FAR52_0322,52.227-14,227,train,2304,256,0,False
FAR52_0322,52.227-14,227,train,2688,256,0,False
FAR52_0322,52.227-14,227,train,3072,256,0,False
FAR52_0322,52.227-14,227,train,3328,256,0,False
FAR52_0322,52.227-14,227,train,3712,256,0,False
FAR52_0322,52.227-14,227,train,4096,256,0,False
FAR52_0322,52.227-14,227,train,4480,256,0,False
FAR52_0322,52.227-14,227,train,4736,256,0,False
FAR52_0322,52.227-14,227,train,5120,256,0,False
FAR52_0322,52.227-14,227,train,5504,256,0,False
FAR52_0322,52.227-14,227,train,5760,256,0,False
FAR52_0322,52.227-14,227,train,6144,256,0,False
FAR52_0322,52.227-14,227,train,6528,256,0,False
FAR52_0322,52.227-14,227,train,6784,256,0,False
FAR52_0322,52.227-14,227,train,7168,256,0,False
FAR52_0322,52.227-14,227,train,7552,256,0,False
FAR52_0322,52.227-14,227,train,7936,256,0,False
FAR52_0322,52.227-14,227,train,8192,256,0,False
FAR52_0322,52.227-14,227,train,8576,256,0,False
FAR52_0322,52.227-14,227,train,8960,256,0,False
FAR52_0322,52.227-14,227,train,9216,256,0,False
FAR52_0322,52.227-14,227,train,9600,256,0,False
FAR52_0322,52.227-14,227,train,9984,256,0,False
FAR52_0322,52.227-14,227,train,10240,256,0,False
FAR52_0322,52.227-14,227,train,10624,256,0,False
FAR52_0322,52.227-14,227,train,11008,256,0,False
FAR52_0322,52.227-14,227,train,11392,256,0,False
FAR52_0322,52.227-14,227,train,11648,256,0,False
FAR52_0322,52.227-14,227,train,12032,256,0,False
FAR52_0322,52.227-14,227,train,12416,256,0,False
FAR52_0322,52.227-14,227,train,12672,256,0,False
FAR52_0322,52.227-14,227,train,13056,256,0,False
FAR52_0322,52.227-14,227,train,13440,256,0,False
FAR52_0322,52.227-14,227,train,13696,256,0,False
FAR52_0322,52.227-14,227,train,14080,256,0,False
FAR52_0322,52.227-14,227,train,14464,256,0,False
FAR52_0322,52.227-14,227,train,14848,256,0,False
FAR52_0322,52.227-14,227,train,15104,256,0,False
FAR52_0322,52.227-14,227,train,15488,256,0,False
FAR52_0322,52.227-14,227,train,15872,256,0,False
FAR52_0322,52.227-14,227,train,16128,256,0,False
FAR52_0322,52.227-14,227,train,16512,256,0,False
FAR52_0322,52.227-14,227,train,16896,256,0,False
FAR52_0322,52.227-14,227,train,17152,256,0,False
FAR52_0322,52.227-14,227,train,17536,256,0,False
FAR52_0322,52.227-14,227,train,17920,256,0,False
FAR52_0322,52.227-14,227,train,18304,256,0,False
FAR52_0322,52.227-14,227,train,18560,256,0,False
FAR52_0322,52.227-14,227,train,18944,256,0,False
FAR52_0322,52.227-14,227,train,19328,256,0,False
FAR52_0322,52.227-14,227,train,19584,256,0,False
FAR52_0322,52.227-14,227,train,19968,256,0,False
FAR52_0322,52.227-14,227,train,20352,256,0,False
FAR52_0322,52.227-14,227,train,20608,256,0,False
FAR52_0322,52.227-14,227,train,20992,256,0,False
FAR52_0322,52.227-14,227,train,21376,256,0,False
FAR52_0322,52.227-14,227,train,21632,55,201,True
FAR52_0323,52.227-15,227,train,0,256,0,False
FAR52_0323,52.227-15,227,train,128,256,0,False
FAR52_0323,52.227-15,227,train,256,256,0,False
FAR52_0323,52.227-15,227,train,384,256,0,False
FAR52_0323,52.227-15,227,train,512,256,0,False
FAR52_0323,52.227-15,227,train,640,256,0,False
FAR52_0323,52.227-15,227,train,768,256,0,False
FAR52_0323,52.227-15,227,train,896,256,0,False
FAR52_0323,52.227-15,227,train,1024,256,0,False
FAR52_0323,52.227-15,227,train,1152,256,0,False
FAR52_0323,52.227-15,227,train,1280,256,0,False
FAR52_0323,52.227-15,227,train,1408,256,0,False
FAR52_0323,52.227-15,227,train,1536,256,0,False
FAR52_0323,52.227-15,227,train,1664,256,0,False
FAR52_0323,52.227-15,227,train,1759,256,0,False
FAR52_0323,52.227-15,227,train,1792,223,33,True
FAR52_0323,52.227-15,227,train,1920,95,161,True
FAR52_0324,52.227-16,227,train,0,256,0,False
FAR52_0324,52.227-16,227,train,128,256,0,False
FAR52_0324,52.227-16,227,train,256,256,0,False
FAR52_0324,52.227-16,227,train,384,256,0,False
FAR52_0324,52.227-16,227,train,512,256,0,False
FAR52_0324,52.227-16,227,train,640,256,0,False
FAR52_0324,52.227-16,227,train,768,256,0,False
FAR52_0324,52.227-16,227,train,896,256,0,False
FAR52_0324,52.227-16,227,train,1024,256,0,False
FAR52_0324,52.227-16,227,train,1152,256,0,False
FAR52_0324,52.227-16,227,train,1189,256,0,False
FAR52_0324,52.227-16,227,train,1280,165,91,True
FAR52_0324,52.227-16,227,train,1408,37,219,True
FAR52_0325,52.227-17,227,train,0,256,0,False
FAR52_0325,52.227-17,227,train,128,256,0,False
FAR52_0325,52.227-17,227,train,256,256,0,False
FAR52_0325,52.227-17,227,train,384,256,0,False
FAR52_0325,52.227-17,227,train,512,256,0,False
FAR52_0325,52.227-17,227,train,640,256,0,False
FAR52_0325,52.227-17,227,train,768,256,0,False
FAR52_0325,52.227-17,227,train,896,256,0,False
FAR52_0325,52.227-17,227,train,1024,256,0,False
FAR52_0325,52.227-17,227,train,1152,256,0,False
FAR52_0325,52.227-17,227,train,1280,256,0,False
FAR52_0325,52.227-17,227,train,1408,256,0,False
FAR52_0325,52.227-17,227,train,1536,256,0,False
FAR52_0325,52.227-17,227,train,1664,256,0,False
FAR52_0325,52.227-17,227,train,1792,256,0,False
FAR52_0325,52.227-17,227,train,1920,256,0,False
FAR52_0325,52.227-17,227,train,2048,256,0,False
FAR52_0325,52.227-17,227,train,2176,256,0,False
FAR52_0325,52.227-17,227,train,2304,256,0,False
FAR52_0325,52.227-17,227,train,2432,256,0,False
FAR52_0325,52.227-17,227,train,2560,256,0,False
FAR52_0325,52.227-17,227,train,2688,256,0,False
FAR52_0325,52.227-17,227,train,2816,256,0,False
FAR52_0325,52.227-17,227,train,2944,256,0,False
FAR52_0325,52.227-17,227,train,3072,256,0,False
FAR52_0325,52.227-17,227,train,3200,256,0,False
FAR52_0325,52.227-17,227,train,3328,256,0,False
FAR52_0325,52.227-17,227,train,3456,256,0,False
FAR52_0325,52.227-17,227,train,3584,256,0,False
FAR52_0325,52.227-17,227,train,3712,256,0,False
FAR52_0325,52.227-17,227,train,3840,256,0,False
FAR52_0325,52.227-17,227,train,3968,256,0,False
FAR52_0325,52.227-17,227,train,4096,256,0,False
FAR52_0325,52.227-17,227,train,4224,256,0,False
FAR52_0325,52.227-17,227,train,4352,256,0,False
FAR52_0325,52.227-17,227,train,4480,256,0,False
FAR52_0325,52.227-17,227,train,4486,256,0,False
FAR52_0325,52.227-17,227,train,4608,134,122,True
FAR52_0325,52.227-17,227,train,4736,6,250,True
FAR52_0326,52.227-18,227,train,0,256,0,False
FAR52_0326,52.227-18,227,train,128,256,0,False
FAR52_0326,52.227-18,227,train,256,256,0,False
FAR52_0326,52.227-18,227,train,384,256,0,False
FAR52_0326,52.227-18,227,train,512,256,0,False
FAR52_0326,52.227-18,227,train,640,256,0,False
FAR52_0326,52.227-18,227,train,768,256,0,False
FAR52_0326,52.227-18,227,train,896,256,0,False
FAR52_0326,52.227-18,227,train,1024,256,0,False
FAR52_0326,52.227-18,227,train,1152,256,0,False
FAR52_0326,52.227-18,227,train,1280,256,0,False
FAR52_0326,52.227-18,227,train,1340,256,0,False
FAR52_0326,52.227-18,227,train,1408,188,68,True
FAR52_0326,52.227-18,227,train,1536,60,196,True
FAR52_0327,52.227-19,227,train,0,256,0,False
FAR52_0327,52.227-19,227,train,128,256,0,False
FAR52_0327,52.227-19,227,train,256,256,0,False
FAR52_0327,52.227-19,227,train,384,256,0,False
FAR52_0327,52.227-19,227,train,512,256,0,False
FAR52_0327,52.227-19,227,train,640,256,0,False
FAR52_0327,52.227-19,227,train,768,256,0,False
FAR52_0327,52.227-19,227,train,896,256,0,False
FAR52_0327,52.227-19,227,train,1024,256,0,False
FAR52_0327,52.227-19,227,train,1152,256,0,False
FAR52_0327,52.227-19,227,train,1280,256,0,False
FAR52_0327,52.227-19,227,train,1408,256,0,False
FAR52_0327,52.227-19,227,train,1536,256,0,False
FAR52_0327,52.227-19,227,train,1664,256,0,False
FAR52_0327,52.227-19,227,train,1792,256,0,False
FAR52_0327,52.227-19,227,train,1920,256,0,False
FAR52_0327,52.227-19,227,train,2048,256,0,False
FAR52_0327,52.227-19,227,train,2065,256,0,False
FAR52_0327,52.227-19,227,train,2176,145,111,True
FAR52_0327,52.227-19,227,train,2304,17,239,True
FAR52_0328,52.227-20,227,train,0,256,0,False
FAR52_0328,52.227-20,227,train,128,256,0,False
FAR52_0328,52.227-20,227,train,256,256,0,False
FAR52_0328,52.227-20,227,train,512,256,0,False
FAR52_0328,52.227-20,227,train,640,256,0,False
FAR52_0328,52.227-20,227,train,768,256,0,False
FAR52_0328,52.227-20,227,train,1024,256,0,False
FAR52_0328,52.227-20,227,train,1152,256,0,False
FAR52_0328,52.227-20,227,train,1280,256,0,False
FAR52_0328,52.227-20,227,train,1536,256,0,False
FAR52_0328,52.227-20,227,train,1664,256,0,False
FAR52_0328,52.227-20,227,train,1920,256,0,False
FAR52_0328,52.227-20,227,train,2048,256,0,False
FAR52_0328,52.227-20,227,train,2176,256,0,False
FAR52_0328,52.227-20,227,train,2432,256,0,False
FAR52_0328,52.227-20,227,train,2560,256,0,False
FAR52_0328,52.227-20,227,train,2688,256,0,False
FAR52_0328,52.227-20,227,train,2944,256,0,False
FAR52_0328,52.227-20,227,train,3072,256,0,False
FAR52_0328,52.227-20,227,train,3200,256,0,False
FAR52_0328,52.227-20,227,train,3456,256,0,False
FAR52_0328,52.227-20,227,train,3584,256,0,False
FAR52_0328,52.227-20,227,train,3840,256,0,False
FAR52_0328,52.227-20,227,train,3968,256,0,False
FAR52_0328,52.227-20,227,train,4096,256,0,False
FAR52_0328,52.227-20,227,train,4352,256,0,False
FAR52_0328,52.227-20,227,train,4480,256,0,False
FAR52_0328,52.227-20,227,train,4608,256,0,False
FAR52_0328,52.227-20,227,train,4864,256,0,False
FAR52_0328,52.227-20,227,train,4992,256,0,False
FAR52_0328,52.227-20,227,train,5120,256,0,False
FAR52_0328,52.227-20,227,train,5376,256,0,False
FAR52_0328,52.227-20,227,train,5504,256,0,False
FAR52_0328,52.227-20,227,train,5760,256,0,False
FAR52_0328,52.227-20,227,train,5888,256,0,False
FAR52_0328,52.227-20,227,train,6016,256,0,False
FAR52_0328,52.227-20,227,train,6272,256,0,False
FAR52_0328,52.227-20,227,train,6400,256,0,False
FAR52_0328,52.227-20,227,train,6528,256,0,False
FAR52_0328,52.227-20,227,train,6784,256,0,False
FAR52_0328,52.227-20,227,train,6912,256,0,False
FAR52_0328,52.227-20,227,train,7040,256,0,False
FAR52_0328,52.227-20,227,train,7296,256,0,False
FAR52_0328,52.227-20,227,train,7424,256,0,False
FAR52_0328,52.227-20,227,train,7680,256,0,False
FAR52_0328,52.227-20,227,train,7808,256,0,False
FAR52_0328,52.227-20,227,train,7936,256,0,False
FAR52_0328,52.227-20,227,train,8192,256,0,False
FAR52_0328,52.227-20,227,train,8320,256,0,False
FAR52_0328,52.227-20,227,train,8448,256,0,False
FAR52_0328,52.227-20,227,train,8704,256,0,False
FAR52_0328,52.227-20,227,train,8832,256,0,False
FAR52_0328,52.227-20,227,train,8960,256,0,False
FAR52_0328,52.227-20,227,train,9216,256,0,False
FAR52_0328,52.227-20,227,train,9344,256,0,False
FAR52_0328,52.227-20,227,train,9600,256,0,False
FAR52_0328,52.227-20,227,train,9728,256,0,False
FAR52_0328,52.227-20,227,train,9856,256,0,False
FAR52_0328,52.227-20,227,train,10112,256,0,False
FAR52_0328,52.227-20,227,train,10240,256,0,False
FAR52_0328,52.227-20,227,train,10368,256,0,False
FAR52_0328,52.227-20,227,train,10624,256,0,False
FAR52_0328,52.227-20,227,train,10680,256,0,False
FAR52_0328,52.227-20,227,train,10880,56,200,True
FAR52_0329,52.227-21,227,train,0,256,0,False
FAR52_0329,52.227-21,227,train,128,256,0,False
FAR52_0329,52.227-21,227,train,256,256,0,False
FAR52_0329,52.227-21,227,train,384,256,0,False
FAR52_0329,52.227-21,227,train,512,256,0,False
FAR52_0329,52.227-21,227,train,640,256,0,False
FAR52_0329,52.227-21,227,train,768,256,0,False
FAR52_0329,52.227-21,227,train,896,256,0,False
FAR52_0329,52.227-21,227,train,1024,256,0,False
FAR52_0329,52.227-21,227,train,1152,256,0,False
FAR52_0329,52.227-21,227,train,1280,256,0,False
FAR52_0329,52.227-21,227,train,1408,256,0,False
FAR52_0329,52.227-21,227,train,1536,256,0,False
FAR52_0329,52.227-21,227,train,1664,256,0,False
FAR52_0329,52.227-21,227,train,1792,256,0,False
FAR52_0329,52.227-21,227,train,1920,256,0,False
FAR52_0329,52.227-21,227,train,2048,256,0,False
FAR52_0329,52.227-21,227,train,2176,256,0,False
FAR52_0329,52.227-21,227,train,2304,256,0,False
FAR52_0329,52.227-21,227,train,2432,256,0,False
FAR52_0329,52.227-21,227,train,2560,256,0,False
FAR52_0329,52.227-21,227,train,2688,256,0,False
FAR52_0329,52.227-21,227,train,2816,256,0,False
FAR52_0329,52.227-21,227,train,2944,256,0,False
FAR52_0329,52.227-21,227,train,3072,256,0,False
FAR52_0329,52.227-21,227,train,3183,256,0,False
FAR52_0329,52.227-21,227,train,3200,239,17,True
FAR52_0329,52.227-21,227,train,3328,111,145,True
FAR52_0330,52.227-22,227,train,0,256,0,False
FAR52_0330,52.227-22,227,train,128,256,0,False
FAR52_0330,52.227-22,227,train,256,256,0,False
FAR52_0330,52.227-22,227,train,384,256,0,False
FAR52_0330,52.227-22,227,train,455,256,0,False
FAR52_0330,52.227-22,227,train,512,199,57,True
FAR52_0330,52.227-22,227,train,640,71,185,True
FAR52_0331,52.227-23,227,train,0,256,0,False
FAR52_0331,52.227-23,227,train,128,256,0,False
FAR52_0331,52.227-23,227,train,256,256,0,False
FAR52_0331,52.227-23,227,train,316,256,0,False
FAR52_0331,52.227-23,227,train,384,188,68,True
FAR52_0331,52.227-23,227,train,512,60,196,True
FAR52_0332,52.228-1,228,train,0,256,0,False
FAR52_0332,52.228-1,228,train,128,256,0,False
FAR52_0332,52.228-1,228,train,256,256,0,False
FAR52_0332,52.228-1,228,train,384,256,0,False
FAR52_0332,52.228-1,228,train,512,256,0,False
FAR52_0332,52.228-1,228,train,640,256,0,False
FAR52_0332,52.228-1,228,train,768,256,0,False
FAR52_0332,52.228-1,228,train,896,256,0,False
FAR52_0332,52.228-1,228,train,1024,256,0,False
FAR52_0332,52.228-1,228,train,1152,256,0,False
FAR52_0332,52.228-1,228,train,1280,256,0,False
FAR52_0332,52.228-1,228,train,1355,256,0,False
FAR52_0332,52.228-1,228,train,1408,203,53,True
FAR52_0332,52.228-1,228,train,1536,75,181,True
FAR52_0333,52.228-2,228,train,0,256,0,False
FAR52_0333,52.228-2,228,train,128,256,0,False
FAR52_0333,52.228-2,228,train,256,256,0,False
FAR52_0333,52.228-2,228,train,384,256,0,False
FAR52_0333,52.228-2,228,train,512,256,0,False
FAR52_0333,52.228-2,228,train,640,256,0,False
FAR52_0333,52.228-2,228,train,768,256,0,False
FAR52_0333,52.228-2,228,train,792,256,0,False
FAR52_0333,52.228-2,228,train,896,152,104,True
FAR52_0333,52.228-2,228,train,1024,24,232,True
FAR52_0334,52.228-3,228,train,0,256,0,False
FAR52_0334,52.228-3,228,train,128,256,0,False
FAR52_0334,52.228-3,228,train,256,256,0,False
FAR52_0334,52.228-3,228,train,384,256,0,False
FAR52_0334,52.228-3,228,train,512,256,0,False
FAR52_0334,52.228-3,228,train,640,256,0,False
FAR52_0334,52.228-3,228,train,768,256,0,False
FAR52_0334,52.228-3,228,train,896,256,0,False
FAR52_0334,52.228-3,228,train,1024,256,0,False
FAR52_0334,52.228-3,228,train,1152,256,0,False
FAR52_0334,52.228-3,228,train,1280,256,0,False
FAR52_0334,52.228-3,228,train,1408,256,0,False
FAR52_0334,52.228-3,228,train,1536,256,0,False
FAR52_0334,52.228-3,228,train,1664,256,0,False
FAR52_0334,52.228-3,228,train,1792,256,0,False
FAR52_0334,52.228-3,228,train,1920,256,0,False
FAR52_0334,52.228-3,228,train,2048,256,0,False
FAR52_0334,52.228-3,228,train,2176,256,0,False
FAR52_0334,52.228-3,228,train,2304,256,0,False
FAR52_0334,52.228-3,228,train,2432,256,0,False
FAR52_0334,52.228-3,228,train,2498,256,0,False
FAR52_0334,52.228-3,228,train,2560,194,62,True
FAR52_0334,52.228-3,228,train,2688,66,190,True
FAR52_0335,52.228-4,228,test,0,256,0,False
FAR52_0335,52.228-4,228,test,128,256,0,False
FAR52_0335,52.228-4,228,test,256,256,0,False
FAR52_0335,52.228-4,228,test,384,256,0,False
FAR52_0335,52.228-4,228,test,512,256,0,False
FAR52_0335,52.228-4,228,test,640,256,0,False
FAR52_0335,52.228-4,228,test,768,256,0,False
FAR52_0335,52.228-4,228,test,896,256,0,False
FAR52_0335,52.228-4,228,test,1024,256,0,False
FAR52_0335,52.228-4,228,test,1152,256,0,False
FAR52_0335,52.228-4,228,test,1280,256,0,False
FAR52_0335,52.228-4,228,test,1408,256,0,False
FAR52_0335,52.228-4,228,test,1536,256,0,False
FAR52_0335,52.228-4,228,test,1664,256,0,False
FAR52_0335,52.228-4,228,test,1792,256,0,False
FAR52_0335,52.228-4,228,test,1920,256,0,False
FAR52_0335,52.228-4,228,test,2048,256,0,False
FAR52_0335,52.228-4,228,test,2176,256,0,False
FAR52_0335,52.228-4,228,test,2304,256,0,False
FAR52_0335,52.228-4,228,test,2306,256,0,False
FAR52_0335,52.228-4,228,test,2432,130,126,True
FAR52_0335,52.228-4,228,test,2560,2,254,True
FAR52_0336,52.228-5,228,train,0,256,0,False
FAR52_0336,52.228-5,228,train,128,256,0,False
FAR52_0336,52.228-5,228,train,256,256,0,False
FAR52_0336,52.228-5,228,train,384,256,0,False
FAR52_0336,52.228-5,228,train,512,256,0,False
FAR52_0336,52.228-5,228,train,640,256,0,False
FAR52_0336,52.228-5,228,train,768,256,0,False
FAR52_0336,52.228-5,228,train,896,256,0,False
FAR52_0336,52.228-5,228,train,1024,256,0,False
FAR52_0336,52.228-5,228,train,1152,256,0,False
FAR52_0336,52.228-5,228,train,1202,256,0,False
FAR52_0336,52.228-5,228,train,1280,178,78,True
FAR52_0336,52.228-5,228,train,1408,50,206,True
FAR52_0337,52.228-7,228,train,0,256,0,False
FAR52_0337,52.228-7,228,train,128,256,0,False
FAR52_0337,52.228-7,228,train,256,256,0,False
FAR52_0337,52.228-7,228,train,384,256,0,False
FAR52_0337,52.228-7,228,train,512,256,0,False
FAR52_0337,52.228-7,228,train,640,256,0,False
FAR52_0337,52.228-7,228,train,768,256,0,False
FAR52_0337,52.228-7,228,train,896,256,0,False
FAR52_0337,52.228-7,228,train,1024,256,0,False
FAR52_0337,52.228-7,228,train,1152,256,0,False
FAR52_0337,52.228-7,228,train,1280,256,0,False
FAR52_0337,52.228-7,228,train,1408,256,0,False
FAR52_0337,52.228-7,228,train,1536,256,0,False
FAR52_0337,52.228-7,228,train,1664,256,0,False
FAR52_0337,52.228-7,228,train,1792,256,0,False
FAR52_0337,52.228-7,228,train,1920,256,0,False
FAR52_0337,52.228-7,228,train,2048,256,0,False
FAR52_0337,52.228-7,228,train,2176,256,0,False
FAR52_0337,52.228-7,228,train,2304,256,0,False
FAR52_0337,52.228-7,228,train,2432,256,0,False
FAR52_0337,52.228-7,228,train,2560,256,0,False
FAR52_0337,52.228-7,228,train,2688,256,0,False
FAR52_0337,52.228-7,228,train,2816,256,0,False
FAR52_0337,52.228-7,228,train,2944,256,0,False
FAR52_0337,52.228-7,228,train,3072,256,0,False
FAR52_0337,52.228-7,228,train,3200,256,0,False
FAR52_0337,52.228-7,228,train,3328,256,0,False
FAR52_0337,52.228-7,228,train,3456,256,0,False
FAR52_0337,52.228-7,228,train,3584,256,0,False
FAR52_0337,52.228-7,228,train,3712,256,0,False
FAR52_0337,52.228-7,228,train,3840,256,0,False
FAR52_0337,52.228-7,228,train,3968,256,0,False
FAR52_0337,52.228-7,228,train,4096,256,0,False
FAR52_0337,52.228-7,228,train,4224,256,0,False
FAR52_0337,52.228-7,228,train,4352,256,0,False
FAR52_0337,52.228-7,228,train,4480,256,0,False
FAR52_0337,52.228-7,228,train,4488,256,0,False
FAR52_0337,52.228-7,228,train,4608,136,120,True
FAR52_0337,52.228-7,228,train,4736,8,248,True
FAR52_0338,52.228-8,228,train,0,256,0,False
FAR52_0338,52.228-8,228,train,128,256,0,False
FAR52_0338,52.228-8,228,train,256,256,0,False
FAR52_0338,52.228-8,228,train,384,256,0,False
FAR52_0338,52.228-8,228,train,512,256,0,False
FAR52_0338,52.228-8,228,train,640,256,0,False
FAR52_0338,52.228-8,228,train,768,256,0,False
FAR52_0338,52.228-8,228,train,896,256,0,False
FAR52_0338,52.228-8,228,train,1024,256,0,False
FAR52_0338,52.228-8,228,train,1152,256,0,False
FAR52_0338,52.228-8,228,train,1280,256,0,False
FAR52_0338,52.228-8,228,train,1408,256,0,False
FAR52_0338,52.228-8,228,train,1536,256,0,False
FAR52_0338,52.228-8,228,train,1664,256,0,False
FAR52_0338,52.228-8,228,train,1792,256,0,False
FAR52_0338,52.228-8,228,train,1818,256,0,False
FAR52_0338,52.228-8,228,train,1920,154,102,True
FAR52_0338,52.228-8,228,train,2048,26,230,True
FAR52_0339,52.228-9,228,train,0,256,0,False
FAR52_0339,52.228-9,228,train,128,256,0,False
FAR52_0339,52.228-9,228,train,256,256,0,False
FAR52_0339,52.228-9,228,train,384,256,0,False
FAR52_0339,52.228-9,228,train,512,256,0,False
FAR52_0339,52.228-9,228,train,640,256,0,False
FAR52_0339,52.228-9,228,train,768,256,0,False
FAR52_0339,52.228-9,228,train,896,256,0,False
FAR52_0339,52.228-9,228,train,1024,256,0,False
FAR52_0339,52.228-9,228,train,1093,256,0,False
FAR52_0339,52.228-9,228,train,1152,197,59,True
FAR52_0339,52.228-9,228,train,1280,69,187,True
FAR52_0340,52.228-10,228,test,0,256,0,False
FAR52_0340,52.228-10,228,test,128,256,0,False
FAR52_0340,52.228-10,228,test,256,256,0,False
FAR52_0340,52.228-10,228,test,384,256,0,False
FAR52_0340,52.228-10,228,test,512,256,0,False
FAR52_0340,52.228-10,228,test,640,256,0,False
FAR52_0340,52.228-10,228,test,741,256,0,False
FAR52_0340,52.228-10,228,test,768,229,27,True
FAR52_0340,52.228-10,228,test,896,101,155,True
FAR52_0341,52.228-11,228,validation,0,256,0,False
FAR52_0341,52.228-11,228,validation,128,256,0,False
FAR52_0341,52.228-11,228,validation,256,256,0,False
FAR52_0341,52.228-11,228,validation,384,256,0,False
FAR52_0341,52.228-11,228,validation,512,256,0,False
FAR52_0341,52.228-11,228,validation,640,256,0,False
FAR52_0341,52.228-11,228,validation,768,256,0,False
FAR52_0341,52.228-11,228,validation,896,256,0,False
FAR52_0341,52.228-11,228,validation,1024,256,0,False
FAR52_0341,52.228-11,228,validation,1152,256,0,False
FAR52_0341,52.228-11,228,validation,1280,256,0,False
FAR52_0341,52.228-11,228,validation,1408,256,0,False
FAR52_0341,52.228-11,228,validation,1536,256,0,False
FAR52_0341,52.228-11,228,validation,1664,256,0,False
FAR52_0341,52.228-11,228,validation,1792,256,0,False
FAR52_0341,52.228-11,228,validation,1920,256,0,False
FAR52_0341,52.228-11,228,validation,2048,256,0,False
FAR52_0341,52.228-11,228,validation,2176,256,0,False
FAR52_0341,52.228-11,228,validation,2304,256,0,False
FAR52_0341,52.228-11,228,validation,2432,256,0,False
FAR52_0341,52.228-11,228,validation,2504,256,0,False
FAR52_0341,52.228-11,228,validation,2560,200,56,True
FAR52_0341,52.228-11,228,validation,2688,72,184,True
FAR52_0342,52.228-12,228,validation,0,256,0,False
FAR52_0342,52.228-12,228,validation,128,256,0,False
FAR52_0342,52.228-12,228,validation,256,256,0,False
FAR52_0342,52.228-12,228,validation,384,256,0,False
FAR52_0342,52.228-12,228,validation,409,256,0,False
FAR52_0342,52.228-12,228,validation,512,153,103,True
FAR52_0342,52.228-12,228,validation,640,25,231,True
FAR52_0343,52.228-13,228,train,0,256,0,False
FAR52_0343,52.228-13,228,train,128,256,0,False
FAR52_0343,52.228-13,228,train,256,256,0,False
FAR52_0343,52.228-13,228,train,384,256,0,False
FAR52_0343,52.228-13,228,train,512,256,0,False
FAR52_0343,52.228-13,228,train,640,256,0,False
FAR52_0343,52.228-13,228,train,768,256,0,False
FAR52_0343,52.228-13,228,train,896,256,0,False
FAR52_0343,52.228-13,228,train,920,256,0,False
FAR52_0343,52.228-13,228,train,1024,152,104,True
FAR52_0343,52.228-13,228,train,1152,24,232,True
FAR52_0344,52.228-14,228,train,0,256,0,False
FAR52_0344,52.228-14,228,train,128,256,0,False
FAR52_0344,52.228-14,228,train,256,256,0,False
FAR52_0344,52.228-14,228,train,384,256,0,False
FAR52_0344,52.228-14,228,train,640,256,0,False
FAR52_0344,52.228-14,228,train,768,256,0,False
FAR52_0344,52.228-14,228,train,896,256,0,False
FAR52_0344,52.228-14,228,train,1024,256,0,False
FAR52_0344,52.228-14,228,train,1280,256,0,False
FAR52_0344,52.228-14,228,train,1408,256,0,False
FAR52_0344,52.228-14,228,train,1536,256,0,False
FAR52_0344,52.228-14,228,train,1664,256,0,False
FAR52_0344,52.228-14,228,train,1920,256,0,False
FAR52_0344,52.228-14,228,train,2048,256,0,False
FAR52_0344,52.228-14,228,train,2176,256,0,False
FAR52_0344,52.228-14,228,train,2304,256,0,False
FAR52_0344,52.228-14,228,train,2560,256,0,False
FAR52_0344,52.228-14,228,train,2688,256,0,False
FAR52_0344,52.228-14,228,train,2816,256,0,False
FAR52_0344,52.228-14,228,train,2944,256,0,False
FAR52_0344,52.228-14,228,train,3200,256,0,False
FAR52_0344,52.228-14,228,train,3328,256,0,False
FAR52_0344,52.228-14,228,train,3456,256,0,False
FAR52_0344,52.228-14,228,train,3584,256,0,False
FAR52_0344,52.228-14,228,train,3840,256,0,False
FAR52_0344,52.228-14,228,train,3968,256,0,False
FAR52_0344,52.228-14,228,train,4096,256,0,False
FAR52_0344,52.228-14,228,train,4224,256,0,False
FAR52_0344,52.228-14,228,train,4480,256,0,False
FAR52_0344,52.228-14,228,train,4608,256,0,False
FAR52_0344,52.228-14,228,train,4736,256,0,False
FAR52_0344,52.228-14,228,train,4864,256,0,False
FAR52_0344,52.228-14,228,train,5120,256,0,False
FAR52_0344,52.228-14,228,train,5248,256,0,False
FAR52_0344,52.228-14,228,train,5376,256,0,False
FAR52_0344,52.228-14,228,train,5504,256,0,False
FAR52_0344,52.228-14,228,train,5760,256,0,False
FAR52_0344,52.228-14,228,train,5888,256,0,False
FAR52_0344,52.228-14,228,train,6016,256,0,False
FAR52_0344,52.228-14,228,train,6144,256,0,False
FAR52_0344,52.228-14,228,train,6400,256,0,False
FAR52_0344,52.228-14,228,train,6528,256,0,False
FAR52_0344,52.228-14,228,train,6656,256,0,False
FAR52_0344,52.228-14,228,train,6784,256,0,False
FAR52_0344,52.228-14,228,train,7040,256,0,False
FAR52_0344,52.228-14,228,train,7168,256,0,False
FAR52_0344,52.228-14,228,train,7296,256,0,False
FAR52_0344,52.228-14,228,train,7424,256,0,False
FAR52_0344,52.228-14,228,train,7680,256,0,False
FAR52_0344,52.228-14,228,train,7808,256,0,False
FAR52_0344,52.228-14,228,train,7936,256,0,False
FAR52_0344,52.228-14,228,train,8064,256,0,False
FAR52_0344,52.228-14,228,train,8320,256,0,False
FAR52_0344,52.228-14,228,train,8448,256,0,False
FAR52_0344,52.228-14,228,train,8576,256,0,False
FAR52_0344,52.228-14,228,train,8704,256,0,False
FAR52_0344,52.228-14,228,train,8960,256,0,False
FAR52_0344,52.228-14,228,train,9088,256,0,False
FAR52_0344,52.228-14,228,train,9216,256,0,False
FAR52_0344,52.228-14,228,train,9344,256,0,False
FAR52_0344,52.228-14,228,train,9600,256,0,False
FAR52_0344,52.228-14,228,train,9728,256,0,False
FAR52_0344,52.228-14,228,train,9838,256,0,False
FAR52_0344,52.228-14,228,train,9984,110,146,True
FAR52_0345,52.228-15,228,train,0,256,0,False
FAR52_0345,52.228-15,228,train,128,256,0,False
FAR52_0345,52.228-15,228,train,256,256,0,False
FAR52_0345,52.228-15,228,train,384,256,0,False
FAR52_0345,52.228-15,228,train,512,256,0,False
FAR52_0345,52.228-15,228,train,640,256,0,False
FAR52_0345,52.228-15,228,train,768,256,0,False
FAR52_0345,52.228-15,228,train,896,256,0,False
FAR52_0345,52.228-15,228,train,1024,256,0,False
FAR52_0345,52.228-15,228,train,1152,256,0,False
FAR52_0345,52.228-15,228,train,1280,256,0,False
FAR52_0345,52.228-15,228,train,1408,256,0,False
FAR52_0345,52.228-15,228,train,1536,256,0,False
FAR52_0345,52.228-15,228,train,1664,256,0,False
FAR52_0345,52.228-15,228,train,1792,256,0,False
FAR52_0345,52.228-15,228,train,1920,256,0,False
FAR52_0345,52.228-15,228,train,2048,256,0,False
FAR52_0345,52.228-15,228,train,2176,256,0,False
FAR52_0345,52.228-15,228,train,2304,256,0,False
FAR52_0345,52.228-15,228,train,2432,256,0,False
FAR52_0345,52.228-15,228,train,2560,256,0,False
FAR52_0345,52.228-15,228,train,2688,256,0,False
FAR52_0345,52.228-15,228,train,2762,256,0,False
FAR52_0345,52.228-15,228,train,2816,202,54,True
FAR52_0345,52.228-15,228,train,2944,74,182,True
FAR52_0346,52.228-16,228,train,0,256,0,False
FAR52_0346,52.228-16,228,train,128,256,0,False
FAR52_0346,52.228-16,228,train,256,256,0,False
FAR52_0346,52.228-16,228,train,384,256,0,False
FAR52_0346,52.228-16,228,train,512,256,0,False
FAR52_0346,52.228-16,228,train,640,256,0,False
FAR52_0346,52.228-16,228,train,768,256,0,False
FAR52_0346,52.228-16,228,train,896,256,0,False
FAR52_0346,52.228-16,228,train,1024,256,0,False
FAR52_0346,52.228-16,228,train,1152,256,0,False
FAR52_0346,52.228-16,228,train,1280,256,0,False
FAR52_0346,52.228-16,228,train,1408,256,0,False
FAR52_0346,52.228-16,228,train,1536,256,0,False
FAR52_0346,52.228-16,228,train,1664,256,0,False
FAR52_0346,52.228-16,228,train,1792,256,0,False
FAR52_0346,52.228-16,228,train,1920,256,0,False
FAR52_0346,52.228-16,228,train,2048,256,0,False
FAR52_0346,52.228-16,228,train,2176,256,0,False
FAR52_0346,52.228-16,228,train,2304,256,0,False
FAR52_0346,52.228-16,228,train,2418,256,0,False
FAR52_0346,52.228-16,228,train,2432,242,14,True
FAR52_0346,52.228-16,228,train,2560,114,142,True
FAR52_0347,52.228-17,228,train,0,256,0,False
FAR52_0347,52.228-17,228,train,128,256,0,False
FAR52_0347,52.228-17,228,train,256,256,0,False
FAR52_0347,52.228-17,228,train,384,256,0,False
FAR52_0347,52.228-17,228,train,512,256,0,False
FAR52_0347,52.228-17,228,train,640,256,0,False
FAR52_0347,52.228-17,228,train,711,256,0,False
FAR52_0347,52.228-17,228,train,768,199,57,True
FAR52_0347,52.228-17,228,train,896,71,185,True
FAR52_0348,52.229-1,229,train,0,256,0,False
FAR52_0348,52.229-1,229,train,128,256,0,False
FAR52_0348,52.229-1,229,train,256,256,0,False
FAR52_0348,52.229-1,229,train,363,256,0,False
FAR52_0348,52.229-1,229,train,384,235,21,True
FAR52_0348,52.229-1,229,train,512,107,149,True
FAR52_0349,52.229-2,229,train,0,256,0,False
FAR52_0349,52.229-2,229,train,128,256,0,False
FAR52_0349,52.229-2,229,train,256,256,0,False
FAR52_0349,52.229-2,229,train,384,256,0,False
FAR52_0349,52.229-2,229,train,512,256,0,False
FAR52_0349,52.229-2,229,train,640,256,0,False
FAR52_0349,52.229-2,229,train,768,256,0,False
FAR52_0349,52.229-2,229,train,896,256,0,False
FAR52_0349,52.229-2,229,train,1024,256,0,False
FAR52_0349,52.229-2,229,train,1152,256,0,False
FAR52_0349,52.229-2,229,train,1280,256,0,False
FAR52_0349,52.229-2,229,train,1408,256,0,False
FAR52_0349,52.229-2,229,train,1536,256,0,False
FAR52_0349,52.229-2,229,train,1664,256,0,False
FAR52_0349,52.229-2,229,train,1792,256,0,False
FAR52_0349,52.229-2,229,train,1920,256,0,False
FAR52_0349,52.229-2,229,train,2048,256,0,False
FAR52_0349,52.229-2,229,train,2176,256,0,False
FAR52_0349,52.229-2,229,train,2304,256,0,False
FAR52_0349,52.229-2,229,train,2432,256,0,False
FAR52_0349,52.229-2,229,train,2560,256,0,False
FAR52_0349,52.229-2,229,train,2688,256,0,False
FAR52_0349,52.229-2,229,train,2816,256,0,False
FAR52_0349,52.229-2,229,train,2944,256,0,False
FAR52_0349,52.229-2,229,train,3072,256,0,False
FAR52_0349,52.229-2,229,train,3200,256,0,False
FAR52_0349,52.229-2,229,train,3328,256,0,False
FAR52_0349,52.229-2,229,train,3456,256,0,False
FAR52_0349,52.229-2,229,train,3584,256,0,False
FAR52_0349,52.229-2,229,train,3665,256,0,False
FAR52_0349,52.229-2,229,train,3712,209,47,True
FAR52_0349,52.229-2,229,train,3840,81,175,True
FAR52_0350,52.229-3,229,train,0,256,0,False
FAR52_0350,52.229-3,229,train,128,256,0,False
FAR52_0350,52.229-3,229,train,256,256,0,False
FAR52_0350,52.229-3,229,train,384,256,0,False
FAR52_0350,52.229-3,229,train,512,256,0,False
FAR52_0350,52.229-3,229,train,640,256,0,False
FAR52_0350,52.229-3,229,train,768,256,0,False
FAR52_0350,52.229-3,229,train,896,256,0,False
FAR52_0350,52.229-3,229,train,1024,256,0,False
FAR52_0350,52.229-3,229,train,1152,256,0,False
FAR52_0350,52.229-3,229,train,1280,256,0,False
FAR52_0350,52.229-3,229,train,1408,256,0,False
FAR52_0350,52.229-3,229,train,1536,256,0,False
FAR52_0350,52.229-3,229,train,1664,256,0,False
FAR52_0350,52.229-3,229,train,1792,256,0,False
FAR52_0350,52.229-3,229,train,1920,256,0,False
FAR52_0350,52.229-3,229,train,2048,256,0,False
FAR52_0350,52.229-3,229,train,2176,256,0,False
FAR52_0350,52.229-3,229,train,2304,256,0,False
FAR52_0350,52.229-3,229,train,2432,256,0,False
FAR52_0350,52.229-3,229,train,2560,256,0,False
FAR52_0350,52.229-3,229,train,2688,256,0,False
FAR52_0350,52.229-3,229,train,2816,256,0,False
FAR52_0350,52.229-3,229,train,2944,256,0,False
FAR52_0350,52.229-3,229,train,3072,256,0,False
FAR52_0350,52.229-3,229,train,3073,256,0,False
FAR52_0350,52.229-3,229,train,3200,129,127,True
FAR52_0350,52.229-3,229,train,3328,1,255,True
FAR52_0351,52.229-4,229,train,0,256,0,False
FAR52_0351,52.229-4,229,train,128,256,0,False
FAR52_0351,52.229-4,229,train,256,256,0,False
FAR52_0351,52.229-4,229,train,384,256,0,False
FAR52_0351,52.229-4,229,train,512,256,0,False
FAR52_0351,52.229-4,229,train,640,256,0,False
FAR52_0351,52.229-4,229,train,768,256,0,False
FAR52_0351,52.229-4,229,train,896,256,0,False
FAR52_0351,52.229-4,229,train,1024,256,0,False
FAR52_0351,52.229-4,229,train,1152,256,0,False
FAR52_0351,52.229-4,229,train,1280,256,0,False
FAR52_0351,52.229-4,229,train,1408,256,0,False
FAR52_0351,52.229-4,229,train,1536,256,0,False
FAR52_0351,52.229-4,229,train,1664,256,0,False
FAR52_0351,52.229-4,229,train,1792,256,0,False
FAR52_0351,52.229-4,229,train,1920,256,0,False
FAR52_0351,52.229-4,229,train,2048,256,0,False
FAR52_0351,52.229-4,229,train,2176,256,0,False
FAR52_0351,52.229-4,229,train,2304,256,0,False
FAR52_0351,52.229-4,229,train,2432,256,0,False
FAR52_0351,52.229-4,229,train,2560,256,0,False
FAR52_0351,52.229-4,229,train,2688,256,0,False
FAR52_0351,52.229-4,229,train,2816,256,0,False
FAR52_0351,52.229-4,229,train,2944,256,0,False
FAR52_0351,52.229-4,229,train,3072,256,0,False
FAR52_0351,52.229-4,229,train,3200,256,0,False
FAR52_0351,52.229-4,229,train,3328,256,0,False
FAR52_0351,52.229-4,229,train,3456,256,0,False
FAR52_0351,52.229-4,229,train,3584,256,0,False
FAR52_0351,52.229-4,229,train,3712,256,0,False
FAR52_0351,52.229-4,229,train,3840,256,0,False
FAR52_0351,52.229-4,229,train,3968,256,0,False
FAR52_0351,52.229-4,229,train,4096,256,0,False
FAR52_0351,52.229-4,229,train,4224,256,0,False
FAR52_0351,52.229-4,229,train,4352,256,0,False
FAR52_0351,52.229-4,229,train,4480,256,0,False
FAR52_0351,52.229-4,229,train,4554,256,0,False
FAR52_0351,52.229-4,229,train,4608,202,54,True
FAR52_0351,52.229-4,229,train,4736,74,182,True
FAR52_0352,52.229-6,229,train,0,256,0,False
FAR52_0352,52.229-6,229,train,128,256,0,False
FAR52_0352,52.229-6,229,train,256,256,0,False
FAR52_0352,52.229-6,229,train,384,256,0,False
FAR52_0352,52.229-6,229,train,512,256,0,False
FAR52_0352,52.229-6,229,train,640,256,0,False
FAR52_0352,52.229-6,229,train,768,256,0,False
FAR52_0352,52.229-6,229,train,896,256,0,False
FAR52_0352,52.229-6,229,train,1024,256,0,False
FAR52_0352,52.229-6,229,train,1152,256,0,False
FAR52_0352,52.229-6,229,train,1280,256,0,False
FAR52_0352,52.229-6,229,train,1408,256,0,False
FAR52_0352,52.229-6,229,train,1536,256,0,False
FAR52_0352,52.229-6,229,train,1664,256,0,False
FAR52_0352,52.229-6,229,train,1792,256,0,False
FAR52_0352,52.229-6,229,train,1920,256,0,False
FAR52_0352,52.229-6,229,train,2048,256,0,False
FAR52_0352,52.229-6,229,train,2176,256,0,False
FAR52_0352,52.229-6,229,train,2304,256,0,False
FAR52_0352,52.229-6,229,train,2432,256,0,False
FAR52_0352,52.229-6,229,train,2560,256,0,False
FAR52_0352,52.229-6,229,train,2688,256,0,False
FAR52_0352,52.229-6,229,train,2816,256,0,False
FAR52_0352,52.229-6,229,train,2944,256,0,False
FAR52_0352,52.229-6,229,train,3072,256,0,False
FAR52_0352,52.229-6,229,train,3200,256,0,False
FAR52_0352,52.229-6,229,train,3328,256,0,False
FAR52_0352,52.229-6,229,train,3456,256,0,False
FAR52_0352,52.229-6,229,train,3584,256,0,False
FAR52_0352,52.229-6,229,train,3712,256,0,False
FAR52_0352,52.229-6,229,train,3840,256,0,False
FAR52_0352,52.229-6,229,train,3968,256,0,False
FAR52_0352,52.229-6,229,train,4096,256,0,False
FAR52_0352,52.229-6,229,train,4224,256,0,False
FAR52_0352,52.229-6,229,train,4352,256,0,False
FAR52_0352,52.229-6,229,train,4480,256,0,False
FAR52_0352,52.229-6,229,train,4608,256,0,False
FAR52_0352,52.229-6,229,train,4736,256,0,False
FAR52_0352,52.229-6,229,train,4864,256,0,False
FAR52_0352,52.229-6,229,train,4992,256,0,False
FAR52_0352,52.229-6,229,train,5120,256,0,False
FAR52_0352,52.229-6,229,train,5248,256,0,False
FAR52_0352,52.229-6,229,train,5376,256,0,False
FAR52_0352,52.229-6,229,train,5504,256,0,False
FAR52_0352,52.229-6,229,train,5632,256,0,False
FAR52_0352,52.229-6,229,train,5760,256,0,False
FAR52_0352,52.229-6,229,train,5888,256,0,False
FAR52_0352,52.229-6,229,train,5983,256,0,False
FAR52_0352,52.229-6,229,train,6016,223,33,True
FAR52_0352,52.229-6,229,train,6144,95,161,True
FAR52_0353,52.229-7,229,validation,0,256,0,False
FAR52_0353,52.229-7,229,validation,128,256,0,False
FAR52_0353,52.229-7,229,validation,256,256,0,False
FAR52_0353,52.229-7,229,validation,384,256,0,False
FAR52_0353,52.229-7,229,validation,512,256,0,False
FAR52_0353,52.229-7,229,validation,640,256,0,False
FAR52_0353,52.229-7,229,validation,768,256,0,False
FAR52_0353,52.229-7,229,validation,896,256,0,False
FAR52_0353,52.229-7,229,validation,1024,256,0,False
FAR52_0353,52.229-7,229,validation,1152,256,0,False
FAR52_0353,52.229-7,229,validation,1280,256,0,False
FAR52_0353,52.229-7,229,validation,1312,256,0,False
FAR52_0353,52.229-7,229,validation,1408,160,96,True
FAR52_0353,52.229-7,229,validation,1536,32,224,True
FAR52_0354,52.229-8,229,train,0,256,0,False
FAR52_0354,52.229-8,229,train,128,256,0,False
FAR52_0354,52.229-8,229,train,256,256,0,False
FAR52_0354,52.229-8,229,train,384,256,0,False
FAR52_0354,52.229-8,229,train,512,256,0,False
FAR52_0354,52.229-8,229,train,640,256,0,False
FAR52_0354,52.229-8,229,train,712,256,0,False
FAR52_0354,52.229-8,229,train,768,200,56,True
FAR52_0354,52.229-8,229,train,896,72,184,True
FAR52_0355,52.229-9,229,train,0,256,0,False
FAR52_0355,52.229-9,229,train,128,256,0,False
FAR52_0355,52.229-9,229,train,256,256,0,False
FAR52_0355,52.229-9,229,train,384,256,0,False
FAR52_0355,52.229-9,229,train,512,256,0,False
FAR52_0355,52.229-9,229,train,640,256,0,False
FAR52_0355,52.229-9,229,train,701,256,0,False
FAR52_0355,52.229-9,229,train,768,189,67,True
FAR52_0355,52.229-9,229,train,896,61,195,True
FAR52_0356,52.229-10,229,train,0,256,0,False
FAR52_0356,52.229-10,229,train,128,256,0,False
FAR52_0356,52.229-10,229,train,256,256,0,False
FAR52_0356,52.229-10,229,train,384,256,0,False
FAR52_0356,52.229-10,229,train,512,256,0,False
FAR52_0356,52.229-10,229,train,640,256,0,False
FAR52_0356,52.229-10,229,train,768,256,0,False
FAR52_0356,52.229-10,229,train,896,256,0,False
FAR52_0356,52.229-10,229,train,1024,256,0,False
FAR52_0356,52.229-10,229,train,1152,256,0,False
FAR52_0356,52.229-10,229,train,1280,256,0,False
FAR52_0356,52.229-10,229,train,1408,256,0,False
FAR52_0356,52.229-10,229,train,1536,256,0,False
FAR52_0356,52.229-10,229,train,1664,256,0,False
FAR52_0356,52.229-10,229,train,1792,256,0,False
FAR52_0356,52.229-10,229,train,1920,256,0,False
FAR52_0356,52.229-10,229,train,2048,256,0,False
FAR52_0356,52.229-10,229,train,2176,256,0,False
FAR52_0356,52.229-10,229,train,2304,256,0,False
FAR52_0356,52.229-10,229,train,2432,256,0,False
FAR52_0356,52.229-10,229,train,2560,256,0,False
FAR52_0356,52.229-10,229,train,2688,256,0,False
FAR52_0356,52.229-10,229,train,2816,256,0,False
FAR52_0356,52.229-10,229,train,2944,256,0,False
FAR52_0356,52.229-10,229,train,3072,256,0,False
FAR52_0356,52.229-10,229,train,3200,256,0,False
FAR52_0356,52.229-10,229,train,3328,256,0,False
FAR52_0356,52.229-10,229,train,3335,256,0,False
FAR52_0356,52.229-10,229,train,3456,135,121,True
FAR52_0356,52.229-10,229,train,3584,7,249,True
FAR52_0357,52.229-11,229,test,0,256,0,False
FAR52_0357,52.229-11,229,test,128,256,0,False
FAR52_0357,52.229-11,229,test,256,256,0,False
FAR52_0357,52.229-11,229,test,384,256,0,False
FAR52_0357,52.229-11,229,test,512,256,0,False
FAR52_0357,52.229-11,229,test,640,256,0,False
FAR52_0357,52.229-11,229,test,768,256,0,False
FAR52_0357,52.229-11,229,test,896,256,0,False
FAR52_0357,52.229-11,229,test,1024,256,0,False
FAR52_0357,52.229-11,229,test,1152,256,0,False
FAR52_0357,52.229-11,229,test,1280,256,0,False
FAR52_0357,52.229-11,229,test,1408,256,0,False
FAR52_0357,52.229-11,229,test,1536,256,0,False
FAR52_0357,52.229-11,229,test,1664,256,0,False
FAR52_0357,52.229-11,229,test,1792,256,0,False
FAR52_0357,52.229-11,229,test,1920,256,0,False
FAR52_0357,52.229-11,229,test,2048,256,0,False
FAR52_0357,52.229-11,229,test,2176,256,0,False
FAR52_0357,52.229-11,229,test,2304,256,0,False
FAR52_0357,52.229-11,229,test,2432,256,0,False
FAR52_0357,52.229-11,229,test,2560,256,0,False
FAR52_0357,52.229-11,229,test,2688,256,0,False
FAR52_0357,52.229-11,229,test,2816,256,0,False
FAR52_0357,52.229-11,229,test,2944,256,0,False
FAR52_0357,52.229-11,229,test,3072,256,0,False
FAR52_0357,52.229-11,229,test,3200,256,0,False
FAR52_0357,52.229-11,229,test,3328,256,0,False
FAR52_0357,52.229-11,229,test,3456,256,0,False
FAR52_0357,52.229-11,229,test,3580,256,0,False
FAR52_0357,52.229-11,229,test,3584,252,4,True
FAR52_0357,52.229-11,229,test,3712,124,132,True
FAR52_0358,52.229-12,229,train,0,256,0,False
FAR52_0358,52.229-12,229,train,128,256,0,False
FAR52_0358,52.229-12,229,train,256,256,0,False
FAR52_0358,52.229-12,229,train,384,256,0,False
FAR52_0358,52.229-12,229,train,512,256,0,False
FAR52_0358,52.229-12,229,train,640,256,0,False
FAR52_0358,52.229-12,229,train,768,256,0,False
FAR52_0358,52.229-12,229,train,896,256,0,False
FAR52_0358,52.229-12,229,train,1024,256,0,False
FAR52_0358,52.229-12,229,train,1152,256,0,False
FAR52_0358,52.229-12,229,train,1280,256,0,False
FAR52_0358,52.229-12,229,train,1408,256,0,False
FAR52_0358,52.229-12,229,train,1536,256,0,False
FAR52_0358,52.229-12,229,train,1664,256,0,False
FAR52_0358,52.229-12,229,train,1792,256,0,False
FAR52_0358,52.229-12,229,train,1920,256,0,False
FAR52_0358,52.229-12,229,train,2048,256,0,False
FAR52_0358,52.229-12,229,train,2176,256,0,False
FAR52_0358,52.229-12,229,train,2304,256,0,False
FAR52_0358,52.229-12,229,train,2432,256,0,False
FAR52_0358,52.229-12,229,train,2560,256,0,False
FAR52_0358,52.229-12,229,train,2688,256,0,False
FAR52_0358,52.229-12,229,train,2816,256,0,False
FAR52_0358,52.229-12,229,train,2944,256,0,False
FAR52_0358,52.229-12,229,train,3072,256,0,False
FAR52_0358,52.229-12,229,train,3200,256,0,False
FAR52_0358,52.229-12,229,train,3328,256,0,False
FAR52_0358,52.229-12,229,train,3456,256,0,False
FAR52_0358,52.229-12,229,train,3584,256,0,False
FAR52_0358,52.229-12,229,train,3712,256,0,False
FAR52_0358,52.229-12,229,train,3840,256,0,False
FAR52_0358,52.229-12,229,train,3968,256,0,False
FAR52_0358,52.229-12,229,train,4095,256,0,False
FAR52_0358,52.229-12,229,train,4096,255,1,True
FAR52_0358,52.229-12,229,train,4224,127,129,True
FAR52_0359,52.229-13,229,train,0,256,0,False
FAR52_0359,52.229-13,229,train,128,256,0,False
FAR52_0359,52.229-13,229,train,256,256,0,False
FAR52_0359,52.229-13,229,train,384,256,0,False
FAR52_0359,52.229-13,229,train,512,256,0,False
FAR52_0359,52.229-13,229,train,640,256,0,False
FAR52_0359,52.229-13,229,train,768,256,0,False
FAR52_0359,52.229-13,229,train,896,256,0,False
FAR52_0359,52.229-13,229,train,1024,256,0,False
FAR52_0359,52.229-13,229,train,1152,256,0,False
FAR52_0359,52.229-13,229,train,1280,256,0,False
FAR52_0359,52.229-13,229,train,1408,256,0,False
FAR52_0359,52.229-13,229,train,1536,256,0,False
FAR52_0359,52.229-13,229,train,1664,256,0,False
FAR52_0359,52.229-13,229,train,1792,256,0,False
FAR52_0359,52.229-13,229,train,1865,256,0,False
FAR52_0359,52.229-13,229,train,1920,201,55,True
FAR52_0359,52.229-13,229,train,2048,73,183,True
FAR52_0360,52.229-14,229,train,0,256,0,False
FAR52_0360,52.229-14,229,train,128,256,0,False
FAR52_0360,52.229-14,229,train,256,256,0,False
FAR52_0360,52.229-14,229,train,384,256,0,False
FAR52_0360,52.229-14,229,train,512,256,0,False
FAR52_0360,52.229-14,229,train,640,256,0,False
FAR52_0360,52.229-14,229,train,768,256,0,False
FAR52_0360,52.229-14,229,train,896,256,0,False
FAR52_0360,52.229-14,229,train,1024,256,0,False
FAR52_0360,52.229-14,229,train,1152,256,0,False
FAR52_0360,52.229-14,229,train,1280,256,0,False
FAR52_0360,52.229-14,229,train,1408,256,0,False
FAR52_0360,52.229-14,229,train,1536,256,0,False
FAR52_0360,52.229-14,229,train,1664,256,0,False
FAR52_0360,52.229-14,229,train,1792,256,0,False
FAR52_0360,52.229-14,229,train,1888,256,0,False
FAR52_0360,52.229-14,229,train,1920,224,32,True
FAR52_0360,52.229-14,229,train,2048,96,160,True
FAR52_0361,52.230-1,230,test,0,256,0,False
FAR52_0361,52.230-1,230,test,128,256,0,False
FAR52_0361,52.230-1,230,test,256,256,0,False
FAR52_0361,52.230-1,230,test,384,256,0,False
FAR52_0361,52.230-1,230,test,512,256,0,False
FAR52_0361,52.230-1,230,test,640,256,0,False
FAR52_0361,52.230-1,230,test,768,256,0,False
FAR52_0361,52.230-1,230,test,896,256,0,False
FAR52_0361,52.230-1,230,test,1024,256,0,False
FAR52_0361,52.230-1,230,test,1152,256,0,False
FAR52_0361,52.230-1,230,test,1280,256,0,False
FAR52_0361,52.230-1,230,test,1408,256,0,False
FAR52_0361,52.230-1,230,test,1536,256,0,False
FAR52_0361,52.230-1,230,test,1664,256,0,False
FAR52_0361,52.230-1,230,test,1792,256,0,False
FAR52_0361,52.230-1,230,test,1920,256,0,False
FAR52_0361,52.230-1,230,test,2048,256,0,False
FAR52_0361,52.230-1,230,test,2176,256,0,False
FAR52_0361,52.230-1,230,test,2304,256,0,False
FAR52_0361,52.230-1,230,test,2432,256,0,False
FAR52_0361,52.230-1,230,test,2560,256,0,False
FAR52_0361,52.230-1,230,test,2688,256,0,False
FAR52_0361,52.230-1,230,test,2816,256,0,False
FAR52_0361,52.230-1,230,test,2944,256,0,False
FAR52_0361,52.230-1,230,test,3072,256,0,False
FAR52_0361,52.230-1,230,test,3200,256,0,False
FAR52_0361,52.230-1,230,test,3328,256,0,False
FAR52_0361,52.230-1,230,test,3456,256,0,False
FAR52_0361,52.230-1,230,test,3584,256,0,False
FAR52_0361,52.230-1,230,test,3712,256,0,False
FAR52_0361,52.230-1,230,test,3840,256,0,False
FAR52_0361,52.230-1,230,test,3968,256,0,False
FAR52_0361,52.230-1,230,test,4096,256,0,False
FAR52_0361,52.230-1,230,test,4224,256,0,False
FAR52_0361,52.230-1,230,test,4352,256,0,False
FAR52_0361,52.230-1,230,test,4480,256,0,False
FAR52_0361,52.230-1,230,test,4608,256,0,False
FAR52_0361,52.230-1,230,test,4736,256,0,False
FAR52_0361,52.230-1,230,test,4864,256,0,False
FAR52_0361,52.230-1,230,test,4992,256,0,False
FAR52_0361,52.230-1,230,test,5120,256,0,False
FAR52_0361,52.230-1,230,test,5248,256,0,False
FAR52_0361,52.230-1,230,test,5376,256,0,False
FAR52_0361,52.230-1,230,test,5504,256,0,False
FAR52_0361,52.230-1,230,test,5632,256,0,False
FAR52_0361,52.230-1,230,test,5760,256,0,False
FAR52_0361,52.230-1,230,test,5888,256,0,False
FAR52_0361,52.230-1,230,test,6016,256,0,False
FAR52_0361,52.230-1,230,test,6144,256,0,False
FAR52_0361,52.230-1,230,test,6272,256,0,False
FAR52_0361,52.230-1,230,test,6400,256,0,False
FAR52_0361,52.230-1,230,test,6528,256,0,False
FAR52_0361,52.230-1,230,test,6656,256,0,False
FAR52_0361,52.230-1,230,test,6784,256,0,False
FAR52_0361,52.230-1,230,test,6912,256,0,False
FAR52_0361,52.230-1,230,test,7040,256,0,False
FAR52_0361,52.230-1,230,test,7168,256,0,False
FAR52_0361,52.230-1,230,test,7296,256,0,False
FAR52_0361,52.230-1,230,test,7424,256,0,False
FAR52_0361,52.230-1,230,test,7552,256,0,False
FAR52_0361,52.230-1,230,test,7680,256,0,False
FAR52_0361,52.230-1,230,test,7808,256,0,False
FAR52_0361,52.230-1,230,test,7818,256,0,False
FAR52_0361,52.230-1,230,test,8064,10,246,True
FAR52_0362,52.230-2,230,train,0,256,0,False
FAR52_0362,52.230-2,230,train,128,256,0,False
FAR52_0362,52.230-2,230,train,256,256,0,False
FAR52_0362,52.230-2,230,train,384,256,0,False
FAR52_0362,52.230-2,230,train,512,256,0,False
FAR52_0362,52.230-2,230,train,640,256,0,False
FAR52_0362,52.230-2,230,train,768,256,0,False
FAR52_0362,52.230-2,230,train,896,256,0,False
FAR52_0362,52.230-2,230,train,1024,256,0,False
FAR52_0362,52.230-2,230,train,1152,256,0,False
FAR52_0362,52.230-2,230,train,1280,256,0,False
FAR52_0362,52.230-2,230,train,1408,256,0,False
FAR52_0362,52.230-2,230,train,1536,256,0,False
FAR52_0362,52.230-2,230,train,1664,256,0,False
FAR52_0362,52.230-2,230,train,1792,256,0,False
FAR52_0362,52.230-2,230,train,1920,256,0,False
FAR52_0362,52.230-2,230,train,2048,256,0,False
FAR52_0362,52.230-2,230,train,2176,256,0,False
FAR52_0362,52.230-2,230,train,2304,256,0,False
FAR52_0362,52.230-2,230,train,2432,256,0,False
FAR52_0362,52.230-2,230,train,2560,256,0,False
FAR52_0362,52.230-2,230,train,2688,256,0,False
FAR52_0362,52.230-2,230,train,2816,256,0,False
FAR52_0362,52.230-2,230,train,2944,256,0,False
FAR52_0362,52.230-2,230,train,3072,256,0,False
FAR52_0362,52.230-2,230,train,3200,256,0,False
FAR52_0362,52.230-2,230,train,3328,256,0,False
FAR52_0362,52.230-2,230,train,3456,256,0,False
FAR52_0362,52.230-2,230,train,3584,256,0,False
FAR52_0362,52.230-2,230,train,3712,256,0,False
FAR52_0362,52.230-2,230,train,3840,256,0,False
FAR52_0362,52.230-2,230,train,3968,256,0,False
FAR52_0362,52.230-2,230,train,4096,256,0,False
FAR52_0362,52.230-2,230,train,4224,256,0,False
FAR52_0362,52.230-2,230,train,4352,256,0,False
FAR52_0362,52.230-2,230,train,4480,256,0,False
FAR52_0362,52.230-2,230,train,4608,256,0,False
FAR52_0362,52.230-2,230,train,4736,256,0,False
FAR52_0362,52.230-2,230,train,4864,256,0,False
FAR52_0362,52.230-2,230,train,4992,256,0,False
FAR52_0362,52.230-2,230,train,5120,256,0,False
FAR52_0362,52.230-2,230,train,5248,256,0,False
FAR52_0362,52.230-2,230,train,5376,256,0,False
FAR52_0362,52.230-2,230,train,5504,256,0,False
FAR52_0362,52.230-2,230,train,5632,256,0,False
FAR52_0362,52.230-2,230,train,5676,256,0,False
FAR52_0362,52.230-2,230,train,5760,172,84,True
FAR52_0362,52.230-2,230,train,5888,44,212,True
FAR52_0363,52.230-3,230,validation,0,256,0,False
FAR52_0363,52.230-3,230,validation,128,256,0,False
FAR52_0363,52.230-3,230,validation,256,256,0,False
FAR52_0363,52.230-3,230,validation,384,256,0,False
FAR52_0363,52.230-3,230,validation,512,256,0,False
FAR52_0363,52.230-3,230,validation,640,256,0,False
FAR52_0363,52.230-3,230,validation,768,256,0,False
FAR52_0363,52.230-3,230,validation,896,256,0,False
FAR52_0363,52.230-3,230,validation,1024,256,0,False
FAR52_0363,52.230-3,230,validation,1152,256,0,False
FAR52_0363,52.230-3,230,validation,1280,256,0,False
FAR52_0363,52.230-3,230,validation,1408,256,0,False
FAR52_0363,52.230-3,230,validation,1536,256,0,False
FAR52_0363,52.230-3,230,validation,1664,256,0,False
FAR52_0363,52.230-3,230,validation,1792,256,0,False
FAR52_0363,52.230-3,230,validation,1920,256,0,False
FAR52_0363,52.230-3,230,validation,2048,256,0,False
FAR52_0363,52.230-3,230,validation,2176,256,0,False
FAR52_0363,52.230-3,230,validation,2304,256,0,False
FAR52_0363,52.230-3,230,validation,2432,256,0,False
FAR52_0363,52.230-3,230,validation,2560,256,0,False
FAR52_0363,52.230-3,230,validation,2688,256,0,False
FAR52_0363,52.230-3,230,validation,2816,256,0,False
FAR52_0363,52.230-3,230,validation,2944,256,0,False
FAR52_0363,52.230-3,230,validation,3072,256,0,False
FAR52_0363,52.230-3,230,validation,3200,256,0,False
FAR52_0363,52.230-3,230,validation,3328,256,0,False
FAR52_0363,52.230-3,230,validation,3456,256,0,False
FAR52_0363,52.230-3,230,validation,3584,256,0,False
FAR52_0363,52.230-3,230,validation,3712,256,0,False
FAR52_0363,52.230-3,230,validation,3840,256,0,False
FAR52_0363,52.230-3,230,validation,3899,256,0,False
FAR52_0363,52.230-3,230,validation,3968,187,69,True
FAR52_0363,52.230-3,230,validation,4096,59,197,True
FAR52_0364,52.230-4,230,train,0,256,0,False
FAR52_0364,52.230-4,230,train,128,256,0,False
FAR52_0364,52.230-4,230,train,256,256,0,False
FAR52_0364,52.230-4,230,train,384,256,0,False
FAR52_0364,52.230-4,230,train,512,256,0,False
FAR52_0364,52.230-4,230,train,640,256,0,False
FAR52_0364,52.230-4,230,train,768,256,0,False
FAR52_0364,52.230-4,230,train,896,256,0,False
FAR52_0364,52.230-4,230,train,1024,256,0,False
FAR52_0364,52.230-4,230,train,1152,256,0,False
FAR52_0364,52.230-4,230,train,1280,256,0,False
FAR52_0364,52.230-4,230,train,1408,256,0,False
FAR52_0364,52.230-4,230,train,1536,256,0,False
FAR52_0364,52.230-4,230,train,1664,256,0,False
FAR52_0364,52.230-4,230,train,1792,256,0,False
FAR52_0364,52.230-4,230,train,1920,256,0,False
FAR52_0364,52.230-4,230,train,2048,256,0,False
FAR52_0364,52.230-4,230,train,2176,256,0,False
FAR52_0364,52.230-4,230,train,2304,256,0,False
FAR52_0364,52.230-4,230,train,2432,256,0,False
FAR52_0364,52.230-4,230,train,2560,256,0,False
FAR52_0364,52.230-4,230,train,2688,256,0,False
FAR52_0364,52.230-4,230,train,2816,256,0,False
FAR52_0364,52.230-4,230,train,2944,256,0,False
FAR52_0364,52.230-4,230,train,3072,256,0,False
FAR52_0364,52.230-4,230,train,3200,256,0,False
FAR52_0364,52.230-4,230,train,3328,256,0,False
FAR52_0364,52.230-4,230,train,3456,256,0,False
FAR52_0364,52.230-4,230,train,3584,256,0,False
FAR52_0364,52.230-4,230,train,3712,256,0,False
FAR52_0364,52.230-4,230,train,3840,256,0,False
FAR52_0364,52.230-4,230,train,3886,256,0,False
FAR52_0364,52.230-4,230,train,3968,174,82,True
FAR52_0364,52.230-4,230,train,4096,46,210,True
FAR52_0365,52.230-5,230,train,0,256,0,False
FAR52_0365,52.230-5,230,train,128,256,0,False
FAR52_0365,52.230-5,230,train,256,256,0,False
FAR52_0365,52.230-5,230,train,384,256,0,False
FAR52_0365,52.230-5,230,train,512,256,0,False
FAR52_0365,52.230-5,230,train,640,256,0,False
FAR52_0365,52.230-5,230,train,768,256,0,False
FAR52_0365,52.230-5,230,train,896,256,0,False
FAR52_0365,52.230-5,230,train,1024,256,0,False
FAR52_0365,52.230-5,230,train,1152,256,0,False
FAR52_0365,52.230-5,230,train,1280,256,0,False
FAR52_0365,52.230-5,230,train,1408,256,0,False
FAR52_0365,52.230-5,230,train,1536,256,0,False
FAR52_0365,52.230-5,230,train,1664,256,0,False
FAR52_0365,52.230-5,230,train,1792,256,0,False
FAR52_0365,52.230-5,230,train,1920,256,0,False
FAR52_0365,52.230-5,230,train,2048,256,0,False
FAR52_0365,52.230-5,230,train,2176,256,0,False
FAR52_0365,52.230-5,230,train,2304,256,0,False
FAR52_0365,52.230-5,230,train,2432,256,0,False
FAR52_0365,52.230-5,230,train,2560,256,0,False
FAR52_0365,52.230-5,230,train,2688,256,0,False
FAR52_0365,52.230-5,230,train,2816,256,0,False
FAR52_0365,52.230-5,230,train,2944,256,0,False
FAR52_0365,52.230-5,230,train,3072,256,0,False
FAR52_0365,52.230-5,230,train,3200,256,0,False
FAR52_0365,52.230-5,230,train,3328,256,0,False
FAR52_0365,52.230-5,230,train,3456,256,0,False
FAR52_0365,52.230-5,230,train,3584,256,0,False
FAR52_0365,52.230-5,230,train,3712,256,0,False
FAR52_0365,52.230-5,230,train,3840,256,0,False
FAR52_0365,52.230-5,230,train,3968,256,0,False
FAR52_0365,52.230-5,230,train,4096,256,0,False
FAR52_0365,52.230-5,230,train,4224,256,0,False
FAR52_0365,52.230-5,230,train,4352,256,0,False
FAR52_0365,52.230-5,230,train,4480,256,0,False
FAR52_0365,52.230-5,230,train,4608,256,0,False
FAR52_0365,52.230-5,230,train,4736,256,0,False
FAR52_0365,52.230-5,230,train,4864,256,0,False
FAR52_0365,52.230-5,230,train,4992,256,0,False
FAR52_0365,52.230-5,230,train,5120,256,0,False
FAR52_0365,52.230-5,230,train,5248,256,0,False
FAR52_0365,52.230-5,230,train,5376,256,0,False
FAR52_0365,52.230-5,230,train,5504,256,0,False
FAR52_0365,52.230-5,230,train,5632,256,0,False
FAR52_0365,52.230-5,230,train,5760,256,0,False
FAR52_0365,52.230-5,230,train,5888,256,0,False
FAR52_0365,52.230-5,230,train,6016,256,0,False
FAR52_0365,52.230-5,230,train,6144,256,0,False
FAR52_0365,52.230-5,230,train,6272,256,0,False
FAR52_0365,52.230-5,230,train,6400,256,0,False
FAR52_0365,52.230-5,230,train,6528,256,0,False
FAR52_0365,52.230-5,230,train,6656,256,0,False
FAR52_0365,52.230-5,230,train,6744,256,0,False
FAR52_0365,52.230-5,230,train,6784,216,40,True
FAR52_0365,52.230-5,230,train,6912,88,168,True
FAR52_0366,52.230-6,230,train,0,256,0,False
FAR52_0366,52.230-6,230,train,256,256,0,False
FAR52_0366,52.230-6,230,train,512,256,0,False
FAR52_0366,52.230-6,230,train,896,256,0,False
FAR52_0366,52.230-6,230,train,1152,256,0,False
FAR52_0366,52.230-6,230,train,1408,256,0,False
FAR52_0366,52.230-6,230,train,1792,256,0,False
FAR52_0366,52.230-6,230,train,2048,256,0,False
FAR52_0366,52.230-6,230,train,2432,256,0,False
FAR52_0366,52.230-6,230,train,2688,256,0,False
FAR52_0366,52.230-6,230,train,2944,256,0,False
FAR52_0366,52.230-6,230,train,3328,256,0,False
FAR52_0366,52.230-6,230,train,3584,256,0,False
FAR52_0366,52.230-6,230,train,3840,256,0,False
FAR52_0366,52.230-6,230,train,4224,256,0,False
FAR52_0366,52.230-6,230,train,4480,256,0,False
FAR52_0366,52.230-6,230,train,4864,256,0,False
FAR52_0366,52.230-6,230,train,5120,256,0,False
FAR52_0366,52.230-6,230,train,5376,256,0,False
FAR52_0366,52.230-6,230,train,5760,256,0,False
FAR52_0366,52.230-6,230,train,6016,256,0,False
FAR52_0366,52.230-6,230,train,6400,256,0,False
FAR52_0366,52.230-6,230,train,6656,256,0,False
FAR52_0366,52.230-6,230,train,6912,256,0,False
FAR52_0366,52.230-6,230,train,7296,256,0,False
FAR52_0366,52.230-6,230,train,7552,256,0,False
FAR52_0366,52.230-6,230,train,7808,256,0,False
FAR52_0366,52.230-6,230,train,8192,256,0,False
FAR52_0366,52.230-6,230,train,8448,256,0,False
FAR52_0366,52.230-6,230,train,8832,256,0,False
FAR52_0366,52.230-6,230,train,9088,256,0,False
FAR52_0366,52.230-6,230,train,9344,256,0,False
FAR52_0366,52.230-6,230,train,9728,256,0,False
FAR52_0366,52.230-6,230,train,9984,256,0,False
FAR52_0366,52.230-6,230,train,10240,256,0,False
FAR52_0366,52.230-6,230,train,10624,256,0,False
FAR52_0366,52.230-6,230,train,10880,256,0,False
FAR52_0366,52.230-6,230,train,11264,256,0,False
FAR52_0366,52.230-6,230,train,11520,256,0,False
FAR52_0366,52.230-6,230,train,11776,256,0,False
FAR52_0366,52.230-6,230,train,12160,256,0,False
FAR52_0366,52.230-6,230,train,12416,256,0,False
FAR52_0366,52.230-6,230,train,12800,256,0,False
FAR52_0366,52.230-6,230,train,13056,256,0,False
FAR52_0366,52.230-6,230,train,13312,256,0,False
FAR52_0366,52.230-6,230,train,13696,256,0,False
FAR52_0366,52.230-6,230,train,13952,256,0,False
FAR52_0366,52.230-6,230,train,14208,256,0,False
FAR52_0366,52.230-6,230,train,14592,256,0,False
FAR52_0366,52.230-6,230,train,14848,256,0,False
FAR52_0366,52.230-6,230,train,15232,256,0,False
FAR52_0366,52.230-6,230,train,15488,256,0,False
FAR52_0366,52.230-6,230,train,15744,256,0,False
FAR52_0366,52.230-6,230,train,16128,256,0,False
FAR52_0366,52.230-6,230,train,16384,256,0,False
FAR52_0366,52.230-6,230,train,16640,256,0,False
FAR52_0366,52.230-6,230,train,17024,256,0,False
FAR52_0366,52.230-6,230,train,17280,256,0,False
FAR52_0366,52.230-6,230,train,17664,256,0,False
FAR52_0366,52.230-6,230,train,17920,256,0,False
FAR52_0366,52.230-6,230,train,18176,256,0,False
FAR52_0366,52.230-6,230,train,18560,256,0,False
FAR52_0366,52.230-6,230,train,18816,256,0,False
FAR52_0366,52.230-6,230,train,19072,52,204,True
FAR52_0367,52.230-7,230,train,0,256,0,False
FAR52_0367,52.230-7,230,train,128,256,0,False
FAR52_0367,52.230-7,230,train,256,256,0,False
FAR52_0367,52.230-7,230,train,384,256,0,False
FAR52_0367,52.230-7,230,train,512,256,0,False
FAR52_0367,52.230-7,230,train,549,256,0,False
FAR52_0367,52.230-7,230,train,640,165,91,True
FAR52_0367,52.230-7,230,train,768,37,219,True
FAR52_0368,52.232-1,232,train,0,256,0,False
FAR52_0368,52.232-1,232,train,128,256,0,False
FAR52_0368,52.232-1,232,train,256,256,0,False
FAR52_0368,52.232-1,232,train,384,256,0,False
FAR52_0368,52.232-1,232,train,512,256,0,False
FAR52_0368,52.232-1,232,train,640,256,0,False
FAR52_0368,52.232-1,232,train,678,256,0,False
FAR52_0368,52.232-1,232,train,768,166,90,True
FAR52_0368,52.232-1,232,train,896,38,218,True
FAR52_0369,52.232-2,232,test,0,256,0,False
FAR52_0369,52.232-2,232,test,128,256,0,False
FAR52_0369,52.232-2,232,test,256,256,0,False
FAR52_0369,52.232-2,232,test,384,256,0,False
FAR52_0369,52.232-2,232,test,512,256,0,False
FAR52_0369,52.232-2,232,test,557,256,0,False
FAR52_0369,52.232-2,232,test,640,173,83,True
FAR52_0369,52.232-2,232,test,768,45,211,True
FAR52_0370,52.232-3,232,test,0,256,0,False
FAR52_0370,52.232-3,232,test,128,256,0,False
FAR52_0370,52.232-3,232,test,256,256,0,False
FAR52_0370,52.232-3,232,test,384,256,0,False
FAR52_0370,52.232-3,232,test,512,256,0,False
FAR52_0370,52.232-3,232,test,640,256,0,False
FAR52_0370,52.232-3,232,test,760,256,0,False
FAR52_0370,52.232-3,232,test,768,248,8,True
FAR52_0370,52.232-3,232,test,896,120,136,True
FAR52_0371,52.232-4,232,train,0,256,0,False
FAR52_0371,52.232-4,232,train,128,256,0,False
FAR52_0371,52.232-4,232,train,256,256,0,False
FAR52_0371,52.232-4,232,train,384,256,0,False
FAR52_0371,52.232-4,232,train,396,256,0,False
FAR52_0371,52.232-4,232,train,512,140,116,True
FAR52_0371,52.232-4,232,train,640,12,244,True
FAR52_0372,52.232-5,232,train,0,256,0,False
FAR52_0372,52.232-5,232,train,128,256,0,False
FAR52_0372,52.232-5,232,train,256,256,0,False
FAR52_0372,52.232-5,232,train,384,256,0,False
FAR52_0372,52.232-5,232,train,512,256,0,False
FAR52_0372,52.232-5,232,train,640,256,0,False
FAR52_0372,52.232-5,232,train,768,256,0,False
FAR52_0372,52.232-5,232,train,896,256,0,False
FAR52_0372,52.232-5,232,train,1024,256,0,False
FAR52_0372,52.232-5,232,train,1152,256,0,False
FAR52_0372,52.232-5,232,train,1280,256,0,False
FAR52_0372,52.232-5,232,train,1408,256,0,False
FAR52_0372,52.232-5,232,train,1536,256,0,False
FAR52_0372,52.232-5,232,train,1664,256,0,False
FAR52_0372,52.232-5,232,train,1792,256,0,False
FAR52_0372,52.232-5,232,train,1920,256,0,False
FAR52_0372,52.232-5,232,train,2048,256,0,False
FAR52_0372,52.232-5,232,train,2176,256,0,False
FAR52_0372,52.232-5,232,train,2304,256,0,False
FAR52_0372,52.232-5,232,train,2432,256,0,False
FAR52_0372,52.232-5,232,train,2560,256,0,False
FAR52_0372,52.232-5,232,train,2688,256,0,False
FAR52_0372,52.232-5,232,train,2816,256,0,False
FAR52_0372,52.232-5,232,train,2944,256,0,False
FAR52_0372,52.232-5,232,train,3072,256,0,False
FAR52_0372,52.232-5,232,train,3200,256,0,False
FAR52_0372,52.232-5,232,train,3328,256,0,False
FAR52_0372,52.232-5,232,train,3456,256,0,False
FAR52_0372,52.232-5,232,train,3584,256,0,False
FAR52_0372,52.232-5,232,train,3712,256,0,False
FAR52_0372,52.232-5,232,train,3840,256,0,False
FAR52_0372,52.232-5,232,train,3968,256,0,False
FAR52_0372,52.232-5,232,train,4096,256,0,False
FAR52_0372,52.232-5,232,train,4224,256,0,False
FAR52_0372,52.232-5,232,train,4352,256,0,False
FAR52_0372,52.232-5,232,train,4480,256,0,False
FAR52_0372,52.232-5,232,train,4608,256,0,False
FAR52_0372,52.232-5,232,train,4736,256,0,False
FAR52_0372,52.232-5,232,train,4864,256,0,False
FAR52_0372,52.232-5,232,train,4992,256,0,False
FAR52_0372,52.232-5,232,train,5120,256,0,False
FAR52_0372,52.232-5,232,train,5248,256,0,False
FAR52_0372,52.232-5,232,train,5376,256,0,False
FAR52_0372,52.232-5,232,train,5504,256,0,False
FAR52_0372,52.232-5,232,train,5632,256,0,False
FAR52_0372,52.232-5,232,train,5760,256,0,False
FAR52_0372,52.232-5,232,train,5888,256,0,False
FAR52_0372,52.232-5,232,train,6016,256,0,False
FAR52_0372,52.232-5,232,train,6144,256,0,False
FAR52_0372,52.232-5,232,train,6272,256,0,False
FAR52_0372,52.232-5,232,train,6400,256,0,False
FAR52_0372,52.232-5,232,train,6528,256,0,False
FAR52_0372,52.232-5,232,train,6656,256,0,False
FAR52_0372,52.232-5,232,train,6784,256,0,False
FAR52_0372,52.232-5,232,train,6912,256,0,False
FAR52_0372,52.232-5,232,train,7040,256,0,False
FAR52_0372,52.232-5,232,train,7168,256,0,False
FAR52_0372,52.232-5,232,train,7260,256,0,False
FAR52_0372,52.232-5,232,train,7296,220,36,True
FAR52_0372,52.232-5,232,train,7424,92,164,True
FAR52_0373,52.232-6,232,train,0,256,0,False
FAR52_0373,52.232-6,232,train,128,256,0,False
FAR52_0373,52.232-6,232,train,256,256,0,False
FAR52_0373,52.232-6,232,train,384,256,0,False
FAR52_0373,52.232-6,232,train,465,256,0,False
FAR52_0373,52.232-6,232,train,512,209,47,True
FAR52_0373,52.232-6,232,train,640,81,175,True
FAR52_0374,52.232-7,232,train,0,256,0,False
FAR52_0374,52.232-7,232,train,128,256,0,False
FAR52_0374,52.232-7,232,train,384,256,0,False
FAR52_0374,52.232-7,232,train,640,256,0,False
FAR52_0374,52.232-7,232,train,768,256,0,False
FAR52_0374,52.232-7,232,train,1024,256,0,False
FAR52_0374,52.232-7,232,train,1280,256,0,False
FAR52_0374,52.232-7,232,train,1408,256,0,False
FAR52_0374,52.232-7,232,train,1664,256,0,False
FAR52_0374,52.232-7,232,train,1920,256,0,False
FAR52_0374,52.232-7,232,train,2048,256,0,False
FAR52_0374,52.232-7,232,train,2304,256,0,False
FAR52_0374,52.232-7,232,train,2560,256,0,False
FAR52_0374,52.232-7,232,train,2688,256,0,False
FAR52_0374,52.232-7,232,train,2944,256,0,False
FAR52_0374,52.232-7,232,train,3200,256,0,False
FAR52_0374,52.232-7,232,train,3328,256,0,False
FAR52_0374,52.232-7,232,train,3584,256,0,False
FAR52_0374,52.232-7,232,train,3840,256,0,False
FAR52_0374,52.232-7,232,train,3968,256,0,False
FAR52_0374,52.232-7,232,train,4224,256,0,False
FAR52_0374,52.232-7,232,train,4480,256,0,False
FAR52_0374,52.232-7,232,train,4608,256,0,False
FAR52_0374,52.232-7,232,train,4864,256,0,False
FAR52_0374,52.232-7,232,train,5120,256,0,False
FAR52_0374,52.232-7,232,train,5248,256,0,False
FAR52_0374,52.232-7,232,train,5504,256,0,False
FAR52_0374,52.232-7,232,train,5760,256,0,False
FAR52_0374,52.232-7,232,train,5888,256,0,False
FAR52_0374,52.232-7,232,train,6144,256,0,False
FAR52_0374,52.232-7,232,train,6400,256,0,False
FAR52_0374,52.232-7,232,train,6528,256,0,False
FAR52_0374,52.232-7,232,train,6784,256,0,False
FAR52_0374,52.232-7,232,train,7040,256,0,False
FAR52_0374,52.232-7,232,train,7168,256,0,False
FAR52_0374,52.232-7,232,train,7424,256,0,False
FAR52_0374,52.232-7,232,train,7680,256,0,False
FAR52_0374,52.232-7,232,train,7808,256,0,False
FAR52_0374,52.232-7,232,train,8064,256,0,False
FAR52_0374,52.232-7,232,train,8320,256,0,False
FAR52_0374,52.232-7,232,train,8448,256,0,False
FAR52_0374,52.232-7,232,train,8704,256,0,False
FAR52_0374,52.232-7,232,train,8960,256,0,False
FAR52_0374,52.232-7,232,train,9088,256,0,False
FAR52_0374,52.232-7,232,train,9344,256,0,False
FAR52_0374,52.232-7,232,train,9600,256,0,False
FAR52_0374,52.232-7,232,train,9728,256,0,False
FAR52_0374,52.232-7,232,train,9984,256,0,False
FAR52_0374,52.232-7,232,train,10240,256,0,False
FAR52_0374,52.232-7,232,train,10368,256,0,False
FAR52_0374,52.232-7,232,train,10624,256,0,False
FAR52_0374,52.232-7,232,train,10880,256,0,False
FAR52_0374,52.232-7,232,train,11008,256,0,False
FAR52_0374,52.232-7,232,train,11264,256,0,False
FAR52_0374,52.232-7,232,train,11520,256,0,False
FAR52_0374,52.232-7,232,train,11648,256,0,False
FAR52_0374,52.232-7,232,train,11904,256,0,False
FAR52_0374,52.232-7,232,train,12160,256,0,False
FAR52_0374,52.232-7,232,train,12288,256,0,False
FAR52_0374,52.232-7,232,train,12544,256,0,False
FAR52_0374,52.232-7,232,train,12800,256,0,False
FAR52_0374,52.232-7,232,train,12928,256,0,False
FAR52_0374,52.232-7,232,train,13097,256,0,False
FAR52_0374,52.232-7,232,train,13312,41,215,True
FAR52_0375,52.232-8,232,train,0,256,0,False
FAR52_0375,52.232-8,232,train,128,256,0,False
FAR52_0375,52.232-8,232,train,256,256,0,False
FAR52_0375,52.232-8,232,train,384,256,0,False
FAR52_0375,52.232-8,232,train,512,256,0,False
FAR52_0375,52.232-8,232,train,640,256,0,False
FAR52_0375,52.232-8,232,train,768,256,0,False
FAR52_0375,52.232-8,232,train,896,256,0,False
FAR52_0375,52.232-8,232,train,1024,256,0,False
FAR52_0375,52.232-8,232,train,1129,256,0,False
FAR52_0375,52.232-8,232,train,1152,233,23,True
FAR52_0375,52.232-8,232,train,1280,105,151,True
FAR52_0376,52.232-9,232,train,0,256,0,False
FAR52_0376,52.232-9,232,train,128,256,0,False
FAR52_0376,52.232-9,232,train,256,256,0,False
FAR52_0376,52.232-9,232,train,384,256,0,False
FAR52_0376,52.232-9,232,train,512,256,0,False
FAR52_0376,52.232-9,232,train,640,256,0,False
FAR52_0376,52.232-9,232,train,768,256,0,False
FAR52_0376,52.232-9,232,train,896,256,0,False
FAR52_0376,52.232-9,232,train,1024,256,0,False
FAR52_0376,52.232-9,232,train,1060,256,0,False
FAR52_0376,52.232-9,232,train,1152,164,92,True
FAR52_0376,52.232-9,232,train,1280,36,220,True
FAR52_0377,52.232-10,232,train,0,256,0,False
FAR52_0377,52.232-10,232,train,128,256,0,False
FAR52_0377,52.232-10,232,train,256,256,0,False
FAR52_0377,52.232-10,232,train,384,256,0,False
FAR52_0377,52.232-10,232,train,512,256,0,False
FAR52_0377,52.232-10,232,train,640,256,0,False
FAR52_0377,52.232-10,232,train,768,256,0,False
FAR52_0377,52.232-10,232,train,896,256,0,False
FAR52_0377,52.232-10,232,train,1024,256,0,False
FAR52_0377,52.232-10,232,train,1152,256,0,False
FAR52_0377,52.232-10,232,train,1280,256,0,False
FAR52_0377,52.232-10,232,train,1408,256,0,False
FAR52_0377,52.232-10,232,train,1536,256,0,False
FAR52_0377,52.232-10,232,train,1664,256,0,False
FAR52_0377,52.232-10,232,train,1792,256,0,False
FAR52_0377,52.232-10,232,train,1920,256,0,False
FAR52_0377,52.232-10,232,train,2048,256,0,False
FAR52_0377,52.232-10,232,train,2176,256,0,False
FAR52_0377,52.232-10,232,train,2304,256,0,False
FAR52_0377,52.232-10,232,train,2432,256,0,False
FAR52_0377,52.232-10,232,train,2473,256,0,False
FAR52_0377,52.232-10,232,train,2560,169,87,True
FAR52_0377,52.232-10,232,train,2688,41,215,True
FAR52_0378,52.232-11,232,train,0,256,0,False
FAR52_0378,52.232-11,232,train,128,256,0,False
FAR52_0378,52.232-11,232,train,256,256,0,False
FAR52_0378,52.232-11,232,train,279,256,0,False
FAR52_0378,52.232-11,232,train,384,151,105,True
FAR52_0378,52.232-11,232,train,512,23,233,True
FAR52_0379,52.232-12,232,train,0,256,0,False
FAR52_0379,52.232-12,232,train,640,256,0,False
FAR52_0379,52.232-12,232,train,1280,256,0,False
FAR52_0379,52.232-12,232,train,1920,256,0,False
FAR52_0379,52.232-12,232,train,2560,256,0,False
FAR52_0379,52.232-12,232,train,3200,256,0,False
FAR52_0379,52.232-12,232,train,3840,256,0,False
FAR52_0379,52.232-12,232,train,4480,256,0,False
FAR52_0379,52.232-12,232,train,5120,256,0,False
FAR52_0379,52.232-12,232,train,5760,256,0,False
FAR52_0379,52.232-12,232,train,6400,256,0,False
FAR52_0379,52.232-12,232,train,7168,256,0,False
FAR52_0379,52.232-12,232,train,7808,256,0,False
FAR52_0379,52.232-12,232,train,8448,256,0,False
FAR52_0379,52.232-12,232,train,9088,256,0,False
FAR52_0379,52.232-12,232,train,9728,256,0,False
FAR52_0379,52.232-12,232,train,10368,256,0,False
FAR52_0379,52.232-12,232,train,11008,256,0,False
FAR52_0379,52.232-12,232,train,11648,256,0,False
FAR52_0379,52.232-12,232,train,12288,256,0,False
FAR52_0379,52.232-12,232,train,12928,256,0,False
FAR52_0379,52.232-12,232,train,13696,256,0,False
FAR52_0379,52.232-12,232,train,14336,256,0,False
FAR52_0379,52.232-12,232,train,14976,256,0,False
FAR52_0379,52.232-12,232,train,15616,256,0,False
FAR52_0379,52.232-12,232,train,16256,256,0,False
FAR52_0379,52.232-12,232,train,16896,256,0,False
FAR52_0379,52.232-12,232,train,17536,256,0,False
FAR52_0379,52.232-12,232,train,18176,256,0,False
FAR52_0379,52.232-12,232,train,18816,256,0,False
FAR52_0379,52.232-12,232,train,19456,256,0,False
FAR52_0379,52.232-12,232,train,20096,256,0,False
FAR52_0379,52.232-12,232,train,20864,256,0,False
FAR52_0379,52.232-12,232,train,21504,256,0,False
FAR52_0379,52.232-12,232,train,22144,256,0,False
FAR52_0379,52.232-12,232,train,22784,256,0,False
FAR52_0379,52.232-12,232,train,23424,256,0,False
FAR52_0379,52.232-12,232,train,24064,256,0,False
FAR52_0379,52.232-12,232,train,24704,256,0,False
FAR52_0379,52.232-12,232,train,25344,256,0,False
FAR52_0379,52.232-12,232,train,25984,256,0,False
FAR52_0379,52.232-12,232,train,26624,256,0,False
FAR52_0379,52.232-12,232,train,27392,256,0,False
FAR52_0379,52.232-12,232,train,28032,256,0,False
FAR52_0379,52.232-12,232,train,28672,256,0,False
FAR52_0379,52.232-12,232,train,29312,256,0,False
FAR52_0379,52.232-12,232,train,29952,256,0,False
FAR52_0379,52.232-12,232,train,30592,256,0,False
FAR52_0379,52.232-12,232,train,31232,256,0,False
FAR52_0379,52.232-12,232,train,31872,256,0,False
FAR52_0379,52.232-12,232,train,32512,256,0,False
FAR52_0379,52.232-12,232,train,33152,256,0,False
FAR52_0379,52.232-12,232,train,33792,256,0,False
FAR52_0379,52.232-12,232,train,34560,256,0,False
FAR52_0379,52.232-12,232,train,35200,256,0,False
FAR52_0379,52.232-12,232,train,35840,256,0,False
FAR52_0379,52.232-12,232,train,36480,256,0,False
FAR52_0379,52.232-12,232,train,37120,256,0,False
FAR52_0379,52.232-12,232,train,37760,256,0,False
FAR52_0379,52.232-12,232,train,38400,256,0,False
FAR52_0379,52.232-12,232,train,39040,256,0,False
FAR52_0379,52.232-12,232,train,39680,256,0,False
FAR52_0379,52.232-12,232,train,40320,256,0,False
FAR52_0379,52.232-12,232,train,40960,19,237,True
FAR52_0380,52.232-13,232,train,0,256,0,False
FAR52_0380,52.232-13,232,train,128,256,0,False
FAR52_0380,52.232-13,232,train,256,256,0,False
FAR52_0380,52.232-13,232,train,384,256,0,False
FAR52_0380,52.232-13,232,train,512,256,0,False
FAR52_0380,52.232-13,232,train,640,256,0,False
FAR52_0380,52.232-13,232,train,666,256,0,False
FAR52_0380,52.232-13,232,train,768,154,102,True
FAR52_0380,52.232-13,232,train,896,26,230,True
FAR52_0381,52.232-14,232,validation,0,256,0,False
FAR52_0381,52.232-14,232,validation,128,256,0,False
FAR52_0381,52.232-14,232,validation,256,256,0,False
FAR52_0381,52.232-14,232,validation,384,256,0,False
FAR52_0381,52.232-14,232,validation,481,256,0,False
FAR52_0381,52.232-14,232,validation,512,225,31,True
FAR52_0381,52.232-14,232,validation,640,97,159,True
FAR52_0382,52.232-15,232,train,0,256,0,False
FAR52_0382,52.232-15,232,train,128,256,0,False
FAR52_0382,52.232-15,232,train,256,256,0,False
FAR52_0382,52.232-15,232,train,282,256,0,False
FAR52_0382,52.232-15,232,train,384,154,102,True
FAR52_0382,52.232-15,232,train,512,26,230,True
FAR52_0383,52.232-16,232,train,0,256,0,False
FAR52_0383,52.232-16,232,train,256,256,0,False
FAR52_0383,52.232-16,232,train,640,256,0,False
FAR52_0383,52.232-16,232,train,896,256,0,False
FAR52_0383,52.232-16,232,train,1280,256,0,False
FAR52_0383,52.232-16,232,train,1536,256,0,False
FAR52_0383,52.232-16,232,train,1920,256,0,False
FAR52_0383,52.232-16,232,train,2176,256,0,False
FAR52_0383,52.232-16,232,train,2560,256,0,False
FAR52_0383,52.232-16,232,train,2944,256,0,False
FAR52_0383,52.232-16,232,train,3200,256,0,False
FAR52_0383,52.232-16,232,train,3584,256,0,False
FAR52_0383,52.232-16,232,train,3840,256,0,False
FAR52_0383,52.232-16,232,train,4224,256,0,False
FAR52_0383,52.232-16,232,train,4480,256,0,False
FAR52_0383,52.232-16,232,train,4864,256,0,False
FAR52_0383,52.232-16,232,train,5120,256,0,False
FAR52_0383,52.232-16,232,train,5504,256,0,False
FAR52_0383,52.232-16,232,train,5888,256,0,False
FAR52_0383,52.232-16,232,train,6144,256,0,False
FAR52_0383,52.232-16,232,train,6528,256,0,False
FAR52_0383,52.232-16,232,train,6784,256,0,False
FAR52_0383,52.232-16,232,train,7168,256,0,False
FAR52_0383,52.232-16,232,train,7424,256,0,False
FAR52_0383,52.232-16,232,train,7808,256,0,False
FAR52_0383,52.232-16,232,train,8064,256,0,False
FAR52_0383,52.232-16,232,train,8448,256,0,False
FAR52_0383,52.232-16,232,train,8832,256,0,False
FAR52_0383,52.232-16,232,train,9088,256,0,False
FAR52_0383,52.232-16,232,train,9472,256,0,False
FAR52_0383,52.232-16,232,train,9728,256,0,False
FAR52_0383,52.232-16,232,train,10112,256,0,False
FAR52_0383,52.232-16,232,train,10368,256,0,False
FAR52_0383,52.232-16,232,train,10752,256,0,False
FAR52_0383,52.232-16,232,train,11008,256,0,False
FAR52_0383,52.232-16,232,train,11392,256,0,False
FAR52_0383,52.232-16,232,train,11776,256,0,False
FAR52_0383,52.232-16,232,train,12032,256,0,False
FAR52_0383,52.232-16,232,train,12416,256,0,False
FAR52_0383,52.232-16,232,train,12672,256,0,False
FAR52_0383,52.232-16,232,train,13056,256,0,False
FAR52_0383,52.232-16,232,train,13312,256,0,False
FAR52_0383,52.232-16,232,train,13696,256,0,False
FAR52_0383,52.232-16,232,train,13952,256,0,False
FAR52_0383,52.232-16,232,train,14336,256,0,False
FAR52_0383,52.232-16,232,train,14592,256,0,False
FAR52_0383,52.232-16,232,train,14976,256,0,False
FAR52_0383,52.232-16,232,train,15360,256,0,False
FAR52_0383,52.232-16,232,train,15616,256,0,False
FAR52_0383,52.232-16,232,train,16000,256,0,False
FAR52_0383,52.232-16,232,train,16256,256,0,False
FAR52_0383,52.232-16,232,train,16640,256,0,False
FAR52_0383,52.232-16,232,train,16896,256,0,False
FAR52_0383,52.232-16,232,train,17280,256,0,False
FAR52_0383,52.232-16,232,train,17664,256,0,False
FAR52_0383,52.232-16,232,train,17920,256,0,False
FAR52_0383,52.232-16,232,train,18304,256,0,False
FAR52_0383,52.232-16,232,train,18560,256,0,False
FAR52_0383,52.232-16,232,train,18944,256,0,False
FAR52_0383,52.232-16,232,train,19200,256,0,False
FAR52_0383,52.232-16,232,train,19584,256,0,False
FAR52_0383,52.232-16,232,train,19840,256,0,False
FAR52_0383,52.232-16,232,train,20224,256,0,False
FAR52_0383,52.232-16,232,train,20480,21,235,True
FAR52_0384,52.232-17,232,validation,0,256,0,False
FAR52_0384,52.232-17,232,validation,128,256,0,False
FAR52_0384,52.232-17,232,validation,256,256,0,False
FAR52_0384,52.232-17,232,validation,384,256,0,False
FAR52_0384,52.232-17,232,validation,512,256,0,False
FAR52_0384,52.232-17,232,validation,640,256,0,False
FAR52_0384,52.232-17,232,validation,768,256,0,False
FAR52_0384,52.232-17,232,validation,896,256,0,False
FAR52_0384,52.232-17,232,validation,1024,256,0,False
FAR52_0384,52.232-17,232,validation,1152,256,0,False
FAR52_0384,52.232-17,232,validation,1280,256,0,False
FAR52_0384,52.232-17,232,validation,1408,256,0,False
FAR52_0384,52.232-17,232,validation,1536,256,0,False
FAR52_0384,52.232-17,232,validation,1664,256,0,False
FAR52_0384,52.232-17,232,validation,1792,256,0,False
FAR52_0384,52.232-17,232,validation,1920,256,0,False
FAR52_0384,52.232-17,232,validation,2048,256,0,False
FAR52_0384,52.232-17,232,validation,2176,256,0,False
FAR52_0384,52.232-17,232,validation,2304,256,0,False
FAR52_0384,52.232-17,232,validation,2402,256,0,False
FAR52_0384,52.232-17,232,validation,2432,226,30,True
FAR52_0384,52.232-17,232,validation,2560,98,158,True
FAR52_0385,52.232-18,232,train,0,256,0,False
FAR52_0385,52.232-18,232,train,128,256,0,False
FAR52_0385,52.232-18,232,train,256,256,0,False
FAR52_0385,52.232-18,232,train,368,256,0,False
FAR52_0385,52.232-18,232,train,384,240,16,True
FAR52_0385,52.232-18,232,train,512,112,144,True
FAR52_0386,52.232-19,232,train,0,256,0,False
FAR52_0386,52.232-19,232,train,128,256,0,False
FAR52_0386,52.232-19,232,train,256,256,0,False
FAR52_0386,52.232-19,232,train,384,256,0,False
FAR52_0386,52.232-19,232,train,512,256,0,False
FAR52_0386,52.232-19,232,train,525,256,0,False
FAR52_0386,52.232-19,232,train,640,141,115,True
FAR52_0386,52.232-19,232,train,768,13,243,True
FAR52_0387,52.232-20,232,train,0,256,0,False
FAR52_0387,52.232-20,232,train,128,256,0,False
FAR52_0387,52.232-20,232,train,256,256,0,False
FAR52_0387,52.232-20,232,train,384,256,0,False
FAR52_0387,52.232-20,232,train,512,256,0,False
FAR52_0387,52.232-20,232,train,640,256,0,False
FAR52_0387,52.232-20,232,train,768,256,0,False
FAR52_0387,52.232-20,232,train,896,256,0,False
FAR52_0387,52.232-20,232,train,1024,256,0,False
FAR52_0387,52.232-20,232,train,1152,256,0,False
FAR52_0387,52.232-20,232,train,1280,256,0,False
FAR52_0387,52.232-20,232,train,1408,256,0,False
FAR52_0387,52.232-20,232,train,1536,256,0,False
FAR52_0387,52.232-20,232,train,1664,256,0,False
FAR52_0387,52.232-20,232,train,1792,256,0,False
FAR52_0387,52.232-20,232,train,1920,256,0,False
FAR52_0387,52.232-20,232,train,2048,256,0,False
FAR52_0387,52.232-20,232,train,2176,256,0,False
FAR52_0387,52.232-20,232,train,2304,256,0,False
FAR52_0387,52.232-20,232,train,2432,256,0,False
FAR52_0387,52.232-20,232,train,2560,256,0,False
FAR52_0387,52.232-20,232,train,2688,256,0,False
FAR52_0387,52.232-20,232,train,2816,256,0,False
FAR52_0387,52.232-20,232,train,2944,256,0,False
FAR52_0387,52.232-20,232,train,3072,256,0,False
FAR52_0387,52.232-20,232,train,3200,256,0,False
FAR52_0387,52.232-20,232,train,3328,256,0,False
FAR52_0387,52.232-20,232,train,3456,256,0,False
FAR52_0387,52.232-20,232,train,3584,256,0,False
FAR52_0387,52.232-20,232,train,3676,256,0,False
FAR52_0387,52.232-20,232,train,3712,220,36,True
FAR52_0387,52.232-20,232,train,3840,92,164,True
FAR52_0388,52.232-22,232,train,0,256,0,False
FAR52_0388,52.232-22,232,train,128,256,0,False
FAR52_0388,52.232-22,232,train,256,256,0,False
FAR52_0388,52.232-22,232,train,384,256,0,False
FAR52_0388,52.232-22,232,train,512,256,0,False
FAR52_0388,52.232-22,232,train,640,256,0,False
FAR52_0388,52.232-22,232,train,768,256,0,False
FAR52_0388,52.232-22,232,train,896,256,0,False
FAR52_0388,52.232-22,232,train,1024,256,0,False
FAR52_0388,52.232-22,232,train,1152,256,0,False
FAR52_0388,52.232-22,232,train,1280,256,0,False
FAR52_0388,52.232-22,232,train,1408,256,0,False
FAR52_0388,52.232-22,232,train,1536,256,0,False
FAR52_0388,52.232-22,232,train,1664,256,0,False
FAR52_0388,52.232-22,232,train,1792,256,0,False
FAR52_0388,52.232-22,232,train,1920,256,0,False
FAR52_0388,52.232-22,232,train,2048,256,0,False
FAR52_0388,52.232-22,232,train,2176,256,0,False
FAR52_0388,52.232-22,232,train,2304,256,0,False
FAR52_0388,52.232-22,232,train,2432,256,0,False
FAR52_0388,52.232-22,232,train,2560,256,0,False
FAR52_0388,52.232-22,232,train,2688,256,0,False
FAR52_0388,52.232-22,232,train,2816,256,0,False
FAR52_0388,52.232-22,232,train,2944,256,0,False
FAR52_0388,52.232-22,232,train,3072,256,0,False
FAR52_0388,52.232-22,232,train,3200,256,0,False
FAR52_0388,52.232-22,232,train,3328,256,0,False
FAR52_0388,52.232-22,232,train,3456,256,0,False
FAR52_0388,52.232-22,232,train,3584,256,0,False
FAR52_0388,52.232-22,232,train,3712,256,0,False
FAR52_0388,52.232-22,232,train,3840,256,0,False
FAR52_0388,52.232-22,232,train,3968,256,0,False
FAR52_0388,52.232-22,232,train,4096,256,0,False
FAR52_0388,52.232-22,232,train,4224,256,0,False
FAR52_0388,52.232-22,232,train,4352,256,0,False
FAR52_0388,52.232-22,232,train,4480,256,0,False
FAR52_0388,52.232-22,232,train,4608,256,0,False
FAR52_0388,52.232-22,232,train,4736,256,0,False
FAR52_0388,52.232-22,232,train,4864,256,0,False
FAR52_0388,52.232-22,232,train,4992,256,0,False
FAR52_0388,52.232-22,232,train,5120,256,0,False
FAR52_0388,52.232-22,232,train,5248,256,0,False
FAR52_0388,52.232-22,232,train,5376,256,0,False
FAR52_0388,52.232-22,232,train,5504,256,0,False
FAR52_0388,52.232-22,232,train,5632,256,0,False
FAR52_0388,52.232-22,232,train,5760,256,0,False
FAR52_0388,52.232-22,232,train,5888,256,0,False
FAR52_0388,52.232-22,232,train,6016,256,0,False
FAR52_0388,52.232-22,232,train,6144,256,0,False
FAR52_0388,52.232-22,232,train,6166,256,0,False
FAR52_0388,52.232-22,232,train,6272,150,106,True
FAR52_0388,52.232-22,232,train,6400,22,234,True
FAR52_0389,52.232-23,232,train,0,256,0,False
FAR52_0389,52.232-23,232,train,128,256,0,False
FAR52_0389,52.232-23,232,train,256,256,0,False
FAR52_0389,52.232-23,232,train,384,256,0,False
FAR52_0389,52.232-23,232,train,512,256,0,False
FAR52_0389,52.232-23,232,train,640,256,0,False
FAR52_0389,52.232-23,232,train,768,256,0,False
FAR52_0389,52.232-23,232,train,896,256,0,False
FAR52_0389,52.232-23,232,train,1024,256,0,False
FAR52_0389,52.232-23,232,train,1152,256,0,False
FAR52_0389,52.232-23,232,train,1280,256,0,False
FAR52_0389,52.232-23,232,train,1407,256,0,False
FAR52_0389,52.232-23,232,train,1408,255,1,True
FAR52_0389,52.232-23,232,train,1536,127,129,True
FAR52_0390,52.232-24,232,train,0,256,0,False
FAR52_0390,52.232-24,232,train,47,256,0,False
FAR52_0390,52.232-24,232,train,128,175,81,True
FAR52_0390,52.232-24,232,train,256,47,209,True
FAR52_0391,52.232-25,232,train,0,256,0,False
FAR52_0391,52.232-25,232,train,128,256,0,False
FAR52_0391,52.232-25,232,train,384,256,0,False
FAR52_0391,52.232-25,232,train,640,256,0,False
FAR52_0391,52.232-25,232,train,768,256,0,False
FAR52_0391,52.232-25,232,train,1024,256,0,False
FAR52_0391,52.232-25,232,train,1280,256,0,False
FAR52_0391,52.232-25,232,train,1408,256,0,False
FAR52_0391,52.232-25,232,train,1664,256,0,False
FAR52_0391,52.232-25,232,train,1920,256,0,False
FAR52_0391,52.232-25,232,train,2048,256,0,False
FAR52_0391,52.232-25,232,train,2304,256,0,False
FAR52_0391,52.232-25,232,train,2560,256,0,False
FAR52_0391,52.232-25,232,train,2688,256,0,False
FAR52_0391,52.232-25,232,train,2944,256,0,False
FAR52_0391,52.232-25,232,train,3200,256,0,False
FAR52_0391,52.232-25,232,train,3328,256,0,False
FAR52_0391,52.232-25,232,train,3584,256,0,False
FAR52_0391,52.232-25,232,train,3840,256,0,False
FAR52_0391,52.232-25,232,train,3968,256,0,False
FAR52_0391,52.232-25,232,train,4224,256,0,False
FAR52_0391,52.232-25,232,train,4480,256,0,False
FAR52_0391,52.232-25,232,train,4608,256,0,False
FAR52_0391,52.232-25,232,train,4864,256,0,False
FAR52_0391,52.232-25,232,train,5120,256,0,False
FAR52_0391,52.232-25,232,train,5248,256,0,False
FAR52_0391,52.232-25,232,train,5504,256,0,False
FAR52_0391,52.232-25,232,train,5760,256,0,False
FAR52_0391,52.232-25,232,train,5888,256,0,False
FAR52_0391,52.232-25,232,train,6144,256,0,False
FAR52_0391,52.232-25,232,train,6400,256,0,False
FAR52_0391,52.232-25,232,train,6528,256,0,False
FAR52_0391,52.232-25,232,train,6784,256,0,False
FAR52_0391,52.232-25,232,train,7040,256,0,False
FAR52_0391,52.232-25,232,train,7168,256,0,False
FAR52_0391,52.232-25,232,train,7424,256,0,False
FAR52_0391,52.232-25,232,train,7680,256,0,False
FAR52_0391,52.232-25,232,train,7808,256,0,False
FAR52_0391,52.232-25,232,train,8064,256,0,False
FAR52_0391,52.232-25,232,train,8320,256,0,False
FAR52_0391,52.232-25,232,train,8448,256,0,False
FAR52_0391,52.232-25,232,train,8704,256,0,False
FAR52_0391,52.232-25,232,train,8960,256,0,False
FAR52_0391,52.232-25,232,train,9088,256,0,False
FAR52_0391,52.232-25,232,train,9344,256,0,False
FAR52_0391,52.232-25,232,train,9600,256,0,False
FAR52_0391,52.232-25,232,train,9728,256,0,False
FAR52_0391,52.232-25,232,train,9984,256,0,False
FAR52_0391,52.232-25,232,train,10240,256,0,False
FAR52_0391,52.232-25,232,train,10368,256,0,False
FAR52_0391,52.232-25,232,train,10624,256,0,False
FAR52_0391,52.232-25,232,train,10880,256,0,False
FAR52_0391,52.232-25,232,train,11008,256,0,False
FAR52_0391,52.232-25,232,train,11264,256,0,False
FAR52_0391,52.232-25,232,train,11520,256,0,False
FAR52_0391,52.232-25,232,train,11648,256,0,False
FAR52_0391,52.232-25,232,train,11904,256,0,False
FAR52_0391,52.232-25,232,train,12160,256,0,False
FAR52_0391,52.232-25,232,train,12288,256,0,False
FAR52_0391,52.232-25,232,train,12544,256,0,False
FAR52_0391,52.232-25,232,train,12800,256,0,False
FAR52_0391,52.232-25,232,train,12928,256,0,False
FAR52_0391,52.232-25,232,train,13070,256,0,False
FAR52_0391,52.232-25,232,train,13312,14,242,True
FAR52_0392,52.232-26,232,train,0,256,0,False
FAR52_0392,52.232-26,232,train,128,256,0,False
FAR52_0392,52.232-26,232,train,256,256,0,False
FAR52_0392,52.232-26,232,train,384,256,0,False
FAR52_0392,52.232-26,232,train,640,256,0,False
FAR52_0392,52.232-26,232,train,768,256,0,False
FAR52_0392,52.232-26,232,train,896,256,0,False
FAR52_0392,52.232-26,232,train,1152,256,0,False
FAR52_0392,52.232-26,232,train,1280,256,0,False
FAR52_0392,52.232-26,232,train,1408,256,0,False
FAR52_0392,52.232-26,232,train,1664,256,0,False
FAR52_0392,52.232-26,232,train,1792,256,0,False
FAR52_0392,52.232-26,232,train,1920,256,0,False
FAR52_0392,52.232-26,232,train,2048,256,0,False
FAR52_0392,52.232-26,232,train,2304,256,0,False
FAR52_0392,52.232-26,232,train,2432,256,0,False
FAR52_0392,52.232-26,232,train,2560,256,0,False
FAR52_0392,52.232-26,232,train,2816,256,0,False
FAR52_0392,52.232-26,232,train,2944,256,0,False
FAR52_0392,52.232-26,232,train,3072,256,0,False
FAR52_0392,52.232-26,232,train,3328,256,0,False
FAR52_0392,52.232-26,232,train,3456,256,0,False
FAR52_0392,52.232-26,232,train,3584,256,0,False
FAR52_0392,52.232-26,232,train,3712,256,0,False
FAR52_0392,52.232-26,232,train,3968,256,0,False
FAR52_0392,52.232-26,232,train,4096,256,0,False
FAR52_0392,52.232-26,232,train,4224,256,0,False
FAR52_0392,52.232-26,232,train,4480,256,0,False
FAR52_0392,52.232-26,232,train,4608,256,0,False
FAR52_0392,52.232-26,232,train,4736,256,0,False
FAR52_0392,52.232-26,232,train,4992,256,0,False
FAR52_0392,52.232-26,232,train,5120,256,0,False
FAR52_0392,52.232-26,232,train,5248,256,0,False
FAR52_0392,52.232-26,232,train,5376,256,0,False
FAR52_0392,52.232-26,232,train,5632,256,0,False
FAR52_0392,52.232-26,232,train,5760,256,0,False
FAR52_0392,52.232-26,232,train,5888,256,0,False
FAR52_0392,52.232-26,232,train,6144,256,0,False
FAR52_0392,52.232-26,232,train,6272,256,0,False
FAR52_0392,52.232-26,232,train,6400,256,0,False
FAR52_0392,52.232-26,232,train,6656,256,0,False
FAR52_0392,52.232-26,232,train,6784,256,0,False
FAR52_0392,52.232-26,232,train,6912,256,0,False
FAR52_0392,52.232-26,232,train,7040,256,0,False
FAR52_0392,52.232-26,232,train,7296,256,0,False
FAR52_0392,52.232-26,232,train,7424,256,0,False
FAR52_0392,52.232-26,232,train,7552,256,0,False
FAR52_0392,52.232-26,232,train,7808,256,0,False
FAR52_0392,52.232-26,232,train,7936,256,0,False
FAR52_0392,52.232-26,232,train,8064,256,0,False
FAR52_0392,52.232-26,232,train,8320,256,0,False
FAR52_0392,52.232-26,232,train,8448,256,0,False
FAR52_0392,52.232-26,232,train,8576,256,0,False
FAR52_0392,52.232-26,232,train,8704,256,0,False
FAR52_0392,52.232-26,232,train,8960,256,0,False
FAR52_0392,52.232-26,232,train,9088,256,0,False
FAR52_0392,52.232-26,232,train,9216,256,0,False
FAR52_0392,52.232-26,232,train,9472,256,0,False
FAR52_0392,52.232-26,232,train,9600,256,0,False
FAR52_0392,52.232-26,232,train,9728,256,0,False
FAR52_0392,52.232-26,232,train,9984,256,0,False
FAR52_0392,52.232-26,232,train,10112,256,0,False
FAR52_0392,52.232-26,232,train,10205,256,0,False
FAR52_0392,52.232-26,232,train,10368,93,163,True
FAR52_0393,52.232-27,232,train,0,256,0,False
FAR52_0393,52.232-27,232,train,256,256,0,False
FAR52_0393,52.232-27,232,train,640,256,0,False
FAR52_0393,52.232-27,232,train,896,256,0,False
FAR52_0393,52.232-27,232,train,1280,256,0,False
FAR52_0393,52.232-27,232,train,1664,256,0,False
FAR52_0393,52.232-27,232,train,1920,256,0,False
FAR52_0393,52.232-27,232,train,2304,256,0,False
FAR52_0393,52.232-27,232,train,2560,256,0,False
FAR52_0393,52.232-27,232,train,2944,256,0,False
FAR52_0393,52.232-27,232,train,3328,256,0,False
FAR52_0393,52.232-27,232,train,3584,256,0,False
FAR52_0393,52.232-27,232,train,3968,256,0,False
FAR52_0393,52.232-27,232,train,4224,256,0,False
FAR52_0393,52.232-27,232,train,4608,256,0,False
FAR52_0393,52.232-27,232,train,4992,256,0,False
FAR52_0393,52.232-27,232,train,5248,256,0,False
FAR52_0393,52.232-27,232,train,5632,256,0,False
FAR52_0393,52.232-27,232,train,5888,256,0,False
FAR52_0393,52.232-27,232,train,6272,256,0,False
FAR52_0393,52.232-27,232,train,6656,256,0,False
FAR52_0393,52.232-27,232,train,6912,256,0,False
FAR52_0393,52.232-27,232,train,7296,256,0,False
FAR52_0393,52.232-27,232,train,7552,256,0,False
FAR52_0393,52.232-27,232,train,7936,256,0,False
FAR52_0393,52.232-27,232,train,8320,256,0,False
FAR52_0393,52.232-27,232,train,8576,256,0,False
FAR52_0393,52.232-27,232,train,8960,256,0,False
FAR52_0393,52.232-27,232,train,9216,256,0,False
FAR52_0393,52.232-27,232,train,9600,256,0,False
FAR52_0393,52.232-27,232,train,9984,256,0,False
FAR52_0393,52.232-27,232,train,10240,256,0,False
FAR52_0393,52.232-27,232,train,10624,256,0,False
FAR52_0393,52.232-27,232,train,10880,256,0,False
FAR52_0393,52.232-27,232,train,11264,256,0,False
FAR52_0393,52.232-27,232,train,11648,256,0,False
FAR52_0393,52.232-27,232,train,11904,256,0,False
FAR52_0393,52.232-27,232,train,12288,256,0,False
FAR52_0393,52.232-27,232,train,12544,256,0,False
FAR52_0393,52.232-27,232,train,12928,256,0,False
FAR52_0393,52.232-27,232,train,13312,256,0,False
FAR52_0393,52.232-27,232,train,13568,256,0,False
FAR52_0393,52.232-27,232,train,13952,256,0,False
FAR52_0393,52.232-27,232,train,14208,256,0,False
FAR52_0393,52.232-27,232,train,14592,256,0,False
FAR52_0393,52.232-27,232,train,14976,256,0,False
FAR52_0393,52.232-27,232,train,15232,256,0,False
FAR52_0393,52.232-27,232,train,15616,256,0,False
FAR52_0393,52.232-27,232,train,15872,256,0,False
FAR52_0393,52.232-27,232,train,16256,256,0,False
FAR52_0393,52.232-27,232,train,16640,256,0,False
FAR52_0393,52.232-27,232,train,16896,256,0,False
FAR52_0393,52.232-27,232,train,17280,256,0,False
FAR52_0393,52.232-27,232,train,17536,256,0,False
FAR52_0393,52.232-27,232,train,17920,256,0,False
FAR52_0393,52.232-27,232,train,18304,256,0,False
FAR52_0393,52.232-27,232,train,18560,256,0,False
FAR52_0393,52.232-27,232,train,18944,256,0,False
FAR52_0393,52.232-27,232,train,19200,256,0,False
FAR52_0393,52.232-27,232,train,19584,256,0,False
FAR52_0393,52.232-27,232,train,19968,256,0,False
FAR52_0393,52.232-27,232,train,20224,256,0,False
FAR52_0393,52.232-27,232,train,20608,256,0,False
FAR52_0393,52.232-27,232,train,20864,67,189,True
FAR52_0394,52.232-28,232,train,0,256,0,False
FAR52_0394,52.232-28,232,train,128,256,0,False
FAR52_0394,52.232-28,232,train,256,256,0,False
FAR52_0394,52.232-28,232,train,384,256,0,False
FAR52_0394,52.232-28,232,train,512,256,0,False
FAR52_0394,52.232-28,232,train,640,256,0,False
FAR52_0394,52.232-28,232,train,768,256,0,False
FAR52_0394,52.232-28,232,train,896,256,0,False
FAR52_0394,52.232-28,232,train,1024,256,0,False
FAR52_0394,52.232-28,232,train,1152,256,0,False
FAR52_0394,52.232-28,232,train,1280,256,0,False
FAR52_0394,52.232-28,232,train,1408,256,0,False
FAR52_0394,52.232-28,232,train,1536,256,0,False
FAR52_0394,52.232-28,232,train,1664,256,0,False
FAR52_0394,52.232-28,232,train,1792,256,0,False
FAR52_0394,52.232-28,232,train,1920,256,0,False
FAR52_0394,52.232-28,232,train,2048,256,0,False
FAR52_0394,52.232-28,232,train,2176,256,0,False
FAR52_0394,52.232-28,232,train,2304,256,0,False
FAR52_0394,52.232-28,232,train,2432,256,0,False
FAR52_0394,52.232-28,232,train,2560,256,0,False
FAR52_0394,52.232-28,232,train,2688,256,0,False
FAR52_0394,52.232-28,232,train,2737,256,0,False
FAR52_0394,52.232-28,232,train,2816,177,79,True
FAR52_0394,52.232-28,232,train,2944,49,207,True
FAR52_0395,52.232-29,232,test,0,256,0,False
FAR52_0395,52.232-29,232,test,128,256,0,False
FAR52_0395,52.232-29,232,test,256,256,0,False
FAR52_0395,52.232-29,232,test,384,256,0,False
FAR52_0395,52.232-29,232,test,512,256,0,False
FAR52_0395,52.232-29,232,test,640,256,0,False
FAR52_0395,52.232-29,232,test,768,256,0,False
FAR52_0395,52.232-29,232,test,896,256,0,False
FAR52_0395,52.232-29,232,test,1024,256,0,False
FAR52_0395,52.232-29,232,test,1152,256,0,False
FAR52_0395,52.232-29,232,test,1280,256,0,False
FAR52_0395,52.232-29,232,test,1408,256,0,False
FAR52_0395,52.232-29,232,test,1536,256,0,False
FAR52_0395,52.232-29,232,test,1664,256,0,False
FAR52_0395,52.232-29,232,test,1792,256,0,False
FAR52_0395,52.232-29,232,test,1920,256,0,False
FAR52_0395,52.232-29,232,test,2048,256,0,False
FAR52_0395,52.232-29,232,test,2176,256,0,False
FAR52_0395,52.232-29,232,test,2304,256,0,False
FAR52_0395,52.232-29,232,test,2432,256,0,False
FAR52_0395,52.232-29,232,test,2560,256,0,False
FAR52_0395,52.232-29,232,test,2688,256,0,False
FAR52_0395,52.232-29,232,test,2816,256,0,False
FAR52_0395,52.232-29,232,test,2944,256,0,False
FAR52_0395,52.232-29,232,test,3072,256,0,False
FAR52_0395,52.232-29,232,test,3200,256,0,False
FAR52_0395,52.232-29,232,test,3328,256,0,False
FAR52_0395,52.232-29,232,test,3456,256,0,False
FAR52_0395,52.232-29,232,test,3584,256,0,False
FAR52_0395,52.232-29,232,test,3712,256,0,False
FAR52_0395,52.232-29,232,test,3840,256,0,False
FAR52_0395,52.232-29,232,test,3930,256,0,False
FAR52_0395,52.232-29,232,test,3968,218,38,True
FAR52_0395,52.232-29,232,test,4096,90,166,True
FAR52_0396,52.232-30,232,validation,0,256,0,False
FAR52_0396,52.232-30,232,validation,128,256,0,False
FAR52_0396,52.232-30,232,validation,256,256,0,False
FAR52_0396,52.232-30,232,validation,384,256,0,False
FAR52_0396,52.232-30,232,validation,512,256,0,False
FAR52_0396,52.232-30,232,validation,640,256,0,False
FAR52_0396,52.232-30,232,validation,768,256,0,False
FAR52_0396,52.232-30,232,validation,896,256,0,False
FAR52_0396,52.232-30,232,validation,1024,256,0,False
FAR52_0396,52.232-30,232,validation,1152,256,0,False
FAR52_0396,52.232-30,232,validation,1280,256,0,False
FAR52_0396,52.232-30,232,validation,1408,256,0,False
FAR52_0396,52.232-30,232,validation,1536,256,0,False
FAR52_0396,52.232-30,232,validation,1664,256,0,False
FAR52_0396,52.232-30,232,validation,1792,256,0,False
FAR52_0396,52.232-30,232,validation,1920,256,0,False
FAR52_0396,52.232-30,232,validation,2048,256,0,False
FAR52_0396,52.232-30,232,validation,2176,256,0,False
FAR52_0396,52.232-30,232,validation,2304,256,0,False
FAR52_0396,52.232-30,232,validation,2432,256,0,False
FAR52_0396,52.232-30,232,validation,2560,256,0,False
FAR52_0396,52.232-30,232,validation,2688,256,0,False
FAR52_0396,52.232-30,232,validation,2816,256,0,False
FAR52_0396,52.232-30,232,validation,2944,256,0,False
FAR52_0396,52.232-30,232,validation,3072,256,0,False
FAR52_0396,52.232-30,232,validation,3200,256,0,False
FAR52_0396,52.232-30,232,validation,3328,256,0,False
FAR52_0396,52.232-30,232,validation,3456,256,0,False
FAR52_0396,52.232-30,232,validation,3584,256,0,False
FAR52_0396,52.232-30,232,validation,3712,256,0,False
FAR52_0396,52.232-30,232,validation,3840,256,0,False
FAR52_0396,52.232-30,232,validation,3968,256,0,False
FAR52_0396,52.232-30,232,validation,4096,256,0,False
FAR52_0396,52.232-30,232,validation,4224,256,0,False
FAR52_0396,52.232-30,232,validation,4352,256,0,False
FAR52_0396,52.232-30,232,validation,4480,256,0,False
FAR52_0396,52.232-30,232,validation,4608,256,0,False
FAR52_0396,52.232-30,232,validation,4736,256,0,False
FAR52_0396,52.232-30,232,validation,4864,256,0,False
FAR52_0396,52.232-30,232,validation,4992,256,0,False
FAR52_0396,52.232-30,232,validation,5120,256,0,False
FAR52_0396,52.232-30,232,validation,5248,256,0,False
FAR52_0396,52.232-30,232,validation,5376,256,0,False
FAR52_0396,52.232-30,232,validation,5504,256,0,False
FAR52_0396,52.232-30,232,validation,5632,256,0,False
FAR52_0396,52.232-30,232,validation,5760,256,0,False
FAR52_0396,52.232-30,232,validation,5888,256,0,False
FAR52_0396,52.232-30,232,validation,6016,256,0,False
FAR52_0396,52.232-30,232,validation,6144,256,0,False
FAR52_0396,52.232-30,232,validation,6207,256,0,False
FAR52_0396,52.232-30,232,validation,6272,191,65,True
FAR52_0396,52.232-30,232,validation,6400,63,193,True
FAR52_0397,52.232-31,232,train,0,256,0,False
FAR52_0397,52.232-31,232,train,128,256,0,False
FAR52_0397,52.232-31,232,train,256,256,0,False
FAR52_0397,52.232-31,232,train,384,256,0,False
FAR52_0397,52.232-31,232,train,512,256,0,False
FAR52_0397,52.232-31,232,train,640,256,0,False
FAR52_0397,52.232-31,232,train,768,256,0,False
FAR52_0397,52.232-31,232,train,896,256,0,False
FAR52_0397,52.232-31,232,train,1024,256,0,False
FAR52_0397,52.232-31,232,train,1152,256,0,False
FAR52_0397,52.232-31,232,train,1280,256,0,False
FAR52_0397,52.232-31,232,train,1408,256,0,False
FAR52_0397,52.232-31,232,train,1536,256,0,False
FAR52_0397,52.232-31,232,train,1664,256,0,False
FAR52_0397,52.232-31,232,train,1792,256,0,False
FAR52_0397,52.232-31,232,train,1920,256,0,False
FAR52_0397,52.232-31,232,train,2048,256,0,False
FAR52_0397,52.232-31,232,train,2176,256,0,False
FAR52_0397,52.232-31,232,train,2185,256,0,False
FAR52_0397,52.232-31,232,train,2304,137,119,True
FAR52_0397,52.232-31,232,train,2432,9,247,True
FAR52_0398,52.232-32,232,train,0,256,0,False
FAR52_0398,52.232-32,232,train,128,256,0,False
FAR52_0398,52.232-32,232,train,384,256,0,False
FAR52_0398,52.232-32,232,train,512,256,0,False
FAR52_0398,52.232-32,232,train,768,256,0,False
FAR52_0398,52.232-32,232,train,896,256,0,False
FAR52_0398,52.232-32,232,train,1152,256,0,False
FAR52_0398,52.232-32,232,train,1280,256,0,False
FAR52_0398,52.232-32,232,train,1536,256,0,False
FAR52_0398,52.232-32,232,train,1664,256,0,False
FAR52_0398,52.232-32,232,train,1920,256,0,False
FAR52_0398,52.232-32,232,train,2048,256,0,False
FAR52_0398,52.232-32,232,train,2304,256,0,False
FAR52_0398,52.232-32,232,train,2560,256,0,False
FAR52_0398,52.232-32,232,train,2688,256,0,False
FAR52_0398,52.232-32,232,train,2944,256,0,False
FAR52_0398,52.232-32,232,train,3072,256,0,False
FAR52_0398,52.232-32,232,train,3328,256,0,False
FAR52_0398,52.232-32,232,train,3456,256,0,False
FAR52_0398,52.232-32,232,train,3712,256,0,False
FAR52_0398,52.232-32,232,train,3840,256,0,False
FAR52_0398,52.232-32,232,train,4096,256,0,False
FAR52_0398,52.232-32,232,train,4224,256,0,False
FAR52_0398,52.232-32,232,train,4480,256,0,False
FAR52_0398,52.232-32,232,train,4608,256,0,False
FAR52_0398,52.232-32,232,train,4864,256,0,False
FAR52_0398,52.232-32,232,train,5120,256,0,False
FAR52_0398,52.232-32,232,train,5248,256,0,False
FAR52_0398,52.232-32,232,train,5504,256,0,False
FAR52_0398,52.232-32,232,train,5632,256,0,False
FAR52_0398,52.232-32,232,train,5888,256,0,False
FAR52_0398,52.232-32,232,train,6016,256,0,False
FAR52_0398,52.232-32,232,train,6272,256,0,False
FAR52_0398,52.232-32,232,train,6400,256,0,False
FAR52_0398,52.232-32,232,train,6656,256,0,False
FAR52_0398,52.232-32,232,train,6784,256,0,False
FAR52_0398,52.232-32,232,train,7040,256,0,False
FAR52_0398,52.232-32,232,train,7168,256,0,False
FAR52_0398,52.232-32,232,train,7424,256,0,False
FAR52_0398,52.232-32,232,train,7680,256,0,False
FAR52_0398,52.232-32,232,train,7808,256,0,False
FAR52_0398,52.232-32,232,train,8064,256,0,False
FAR52_0398,52.232-32,232,train,8192,256,0,False
FAR52_0398,52.232-32,232,train,8448,256,0,False
FAR52_0398,52.232-32,232,train,8576,256,0,False
FAR52_0398,52.232-32,232,train,8832,256,0,False
FAR52_0398,52.232-32,232,train,8960,256,0,False
FAR52_0398,52.232-32,232,train,9216,256,0,False
FAR52_0398,52.232-32,232,train,9344,256,0,False
FAR52_0398,52.232-32,232,train,9600,256,0,False
FAR52_0398,52.232-32,232,train,9728,256,0,False
FAR52_0398,52.232-32,232,train,9984,256,0,False
FAR52_0398,52.232-32,232,train,10240,256,0,False
FAR52_0398,52.232-32,232,train,10368,256,0,False
FAR52_0398,52.232-32,232,train,10624,256,0,False
FAR52_0398,52.232-32,232,train,10752,256,0,False
FAR52_0398,52.232-32,232,train,11008,256,0,False
FAR52_0398,52.232-32,232,train,11136,256,0,False
FAR52_0398,52.232-32,232,train,11392,256,0,False
FAR52_0398,52.232-32,232,train,11520,256,0,False
FAR52_0398,52.232-32,232,train,11776,256,0,False
FAR52_0398,52.232-32,232,train,11904,256,0,False
FAR52_0398,52.232-32,232,train,12154,256,0,False
FAR52_0398,52.232-32,232,train,12288,122,134,True
FAR52_0399,52.232-33,232,train,0,256,0,False
FAR52_0399,52.232-33,232,train,128,256,0,False
FAR52_0399,52.232-33,232,train,256,256,0,False
FAR52_0399,52.232-33,232,train,384,256,0,False
FAR52_0399,52.232-33,232,train,512,256,0,False
FAR52_0399,52.232-33,232,train,640,256,0,False
FAR52_0399,52.232-33,232,train,768,256,0,False
FAR52_0399,52.232-33,232,train,896,256,0,False
FAR52_0399,52.232-33,232,train,1024,256,0,False
FAR52_0399,52.232-33,232,train,1152,256,0,False
FAR52_0399,52.232-33,232,train,1280,256,0,False
FAR52_0399,52.232-33,232,train,1408,256,0,False
FAR52_0399,52.232-33,232,train,1536,256,0,False
FAR52_0399,52.232-33,232,train,1664,256,0,False
FAR52_0399,52.232-33,232,train,1792,256,0,False
FAR52_0399,52.232-33,232,train,1920,256,0,False
FAR52_0399,52.232-33,232,train,2048,256,0,False
FAR52_0399,52.232-33,232,train,2176,256,0,False
FAR52_0399,52.232-33,232,train,2304,256,0,False
FAR52_0399,52.232-33,232,train,2432,256,0,False
FAR52_0399,52.232-33,232,train,2560,256,0,False
FAR52_0399,52.232-33,232,train,2688,256,0,False
FAR52_0399,52.232-33,232,train,2816,256,0,False
FAR52_0399,52.232-33,232,train,2944,256,0,False
FAR52_0399,52.232-33,232,train,3072,256,0,False
FAR52_0399,52.232-33,232,train,3200,256,0,False
FAR52_0399,52.232-33,232,train,3328,256,0,False
FAR52_0399,52.232-33,232,train,3456,256,0,False
FAR52_0399,52.232-33,232,train,3584,256,0,False
FAR52_0399,52.232-33,232,train,3712,256,0,False
FAR52_0399,52.232-33,232,train,3840,256,0,False
FAR52_0399,52.232-33,232,train,3968,256,0,False
FAR52_0399,52.232-33,232,train,4096,256,0,False
FAR52_0399,52.232-33,232,train,4224,256,0,False
FAR52_0399,52.232-33,232,train,4352,256,0,False
FAR52_0399,52.232-33,232,train,4480,256,0,False
FAR52_0399,52.232-33,232,train,4608,256,0,False
FAR52_0399,52.232-33,232,train,4736,256,0,False
FAR52_0399,52.232-33,232,train,4864,256,0,False
FAR52_0399,52.232-33,232,train,4992,256,0,False
FAR52_0399,52.232-33,232,train,5120,256,0,False
FAR52_0399,52.232-33,232,train,5132,256,0,False
FAR52_0399,52.232-33,232,train,5248,140,116,True
FAR52_0399,52.232-33,232,train,5376,12,244,True
FAR52_0400,52.232-34,232,test,0,256,0,False
FAR52_0400,52.232-34,232,test,128,256,0,False
FAR52_0400,52.232-34,232,test,256,256,0,False
FAR52_0400,52.232-34,232,test,384,256,0,False
FAR52_0400,52.232-34,232,test,512,256,0,False
FAR52_0400,52.232-34,232,test,640,256,0,False
FAR52_0400,52.232-34,232,test,768,256,0,False
FAR52_0400,52.232-34,232,test,896,256,0,False
FAR52_0400,52.232-34,232,test,1024,256,0,False
FAR52_0400,52.232-34,232,test,1152,256,0,False
FAR52_0400,52.232-34,232,test,1280,256,0,False
FAR52_0400,52.232-34,232,test,1408,256,0,False
FAR52_0400,52.232-34,232,test,1536,256,0,False
FAR52_0400,52.232-34,232,test,1664,256,0,False
FAR52_0400,52.232-34,232,test,1792,256,0,False
FAR52_0400,52.232-34,232,test,1920,256,0,False
FAR52_0400,52.232-34,232,test,2176,256,0,False
FAR52_0400,52.232-34,232,test,2304,256,0,False
FAR52_0400,52.232-34,232,test,2432,256,0,False
FAR52_0400,52.232-34,232,test,2560,256,0,False
FAR52_0400,52.232-34,232,test,2688,256,0,False
FAR52_0400,52.232-34,232,test,2816,256,0,False
FAR52_0400,52.232-34,232,test,2944,256,0,False
FAR52_0400,52.232-34,232,test,3072,256,0,False
FAR52_0400,52.232-34,232,test,3200,256,0,False
FAR52_0400,52.232-34,232,test,3328,256,0,False
FAR52_0400,52.232-34,232,test,3456,256,0,False
FAR52_0400,52.232-34,232,test,3584,256,0,False
FAR52_0400,52.232-34,232,test,3712,256,0,False
FAR52_0400,52.232-34,232,test,3840,256,0,False
FAR52_0400,52.232-34,232,test,3968,256,0,False
FAR52_0400,52.232-34,232,test,4096,256,0,False
FAR52_0400,52.232-34,232,test,4352,256,0,False
FAR52_0400,52.232-34,232,test,4480,256,0,False
FAR52_0400,52.232-34,232,test,4608,256,0,False
FAR52_0400,52.232-34,232,test,4736,256,0,False
FAR52_0400,52.232-34,232,test,4864,256,0,False
FAR52_0400,52.232-34,232,test,4992,256,0,False
FAR52_0400,52.232-34,232,test,5120,256,0,False
FAR52_0400,52.232-34,232,test,5248,256,0,False
FAR52_0400,52.232-34,232,test,5376,256,0,False
FAR52_0400,52.232-34,232,test,5504,256,0,False
FAR52_0400,52.232-34,232,test,5632,256,0,False
FAR52_0400,52.232-34,232,test,5760,256,0,False
FAR52_0400,52.232-34,232,test,5888,256,0,False
FAR52_0400,52.232-34,232,test,6016,256,0,False
FAR52_0400,52.232-34,232,test,6144,256,0,False
FAR52_0400,52.232-34,232,test,6272,256,0,False
FAR52_0400,52.232-34,232,test,6528,256,0,False
FAR52_0400,52.232-34,232,test,6656,256,0,False
FAR52_0400,52.232-34,232,test,6784,256,0,False
FAR52_0400,52.232-34,232,test,6912,256,0,False
FAR52_0400,52.232-34,232,test,7040,256,0,False
FAR52_0400,52.232-34,232,test,7168,256,0,False
FAR52_0400,52.232-34,232,test,7296,256,0,False
FAR52_0400,52.232-34,232,test,7424,256,0,False
FAR52_0400,52.232-34,232,test,7552,256,0,False
FAR52_0400,52.232-34,232,test,7680,256,0,False
FAR52_0400,52.232-34,232,test,7808,256,0,False
FAR52_0400,52.232-34,232,test,7936,256,0,False
FAR52_0400,52.232-34,232,test,8064,256,0,False
FAR52_0400,52.232-34,232,test,8192,256,0,False
FAR52_0400,52.232-34,232,test,8213,256,0,False
FAR52_0400,52.232-34,232,test,8448,21,235,True
FAR52_0401,52.232-35,232,train,0,256,0,False
FAR52_0401,52.232-35,232,train,128,256,0,False
FAR52_0401,52.232-35,232,train,256,256,0,False
FAR52_0401,52.232-35,232,train,384,256,0,False
FAR52_0401,52.232-35,232,train,512,256,0,False
FAR52_0401,52.232-35,232,train,640,256,0,False
FAR52_0401,52.232-35,232,train,768,256,0,False
FAR52_0401,52.232-35,232,train,896,256,0,False
FAR52_0401,52.232-35,232,train,1024,256,0,False
FAR52_0401,52.232-35,232,train,1150,256,0,False
FAR52_0401,52.232-35,232,train,1152,254,2,True
FAR52_0401,52.232-35,232,train,1280,126,130,True
FAR52_0402,52.232-36,232,train,0,256,0,False
FAR52_0402,52.232-36,232,train,128,256,0,False
FAR52_0402,52.232-36,232,train,256,256,0,False
FAR52_0402,52.232-36,232,train,384,256,0,False
FAR52_0402,52.232-36,232,train,512,256,0,False
FAR52_0402,52.232-36,232,train,640,256,0,False
FAR52_0402,52.232-36,232,train,768,256,0,False
FAR52_0402,52.232-36,232,train,896,256,0,False
FAR52_0402,52.232-36,232,train,1024,256,0,False
FAR52_0402,52.232-36,232,train,1152,256,0,False
FAR52_0402,52.232-36,232,train,1280,256,0,False
FAR52_0402,52.232-36,232,train,1408,256,0,False
FAR52_0402,52.232-36,232,train,1536,256,0,False
FAR52_0402,52.232-36,232,train,1664,256,0,False
FAR52_0402,52.232-36,232,train,1792,256,0,False
FAR52_0402,52.232-36,232,train,1920,256,0,False
FAR52_0402,52.232-36,232,train,2048,256,0,False
FAR52_0402,52.232-36,232,train,2176,256,0,False
FAR52_0402,52.232-36,232,train,2304,256,0,False
FAR52_0402,52.232-36,232,train,2432,256,0,False
FAR52_0402,52.232-36,232,train,2560,256,0,False
FAR52_0402,52.232-36,232,train,2688,256,0,False
FAR52_0402,52.232-36,232,train,2816,256,0,False
FAR52_0402,52.232-36,232,train,2944,256,0,False
FAR52_0402,52.232-36,232,train,3072,256,0,False
FAR52_0402,52.232-36,232,train,3101,256,0,False
FAR52_0402,52.232-36,232,train,3200,157,99,True
FAR52_0402,52.232-36,232,train,3328,29,227,True
FAR52_0403,52.232-37,232,train,0,256,0,False
FAR52_0403,52.232-37,232,train,128,256,0,False
FAR52_0403,52.232-37,232,train,232,256,0,False
FAR52_0403,52.232-37,232,train,256,232,24,True
FAR52_0403,52.232-37,232,train,384,104,152,True
FAR52_0404,52.232-38,232,train,0,256,0,False
FAR52_0404,52.232-38,232,train,128,256,0,False
FAR52_0404,52.232-38,232,train,256,256,0,False
FAR52_0404,52.232-38,232,train,384,256,0,False
FAR52_0404,52.232-38,232,train,512,256,0,False
FAR52_0404,52.232-38,232,train,640,256,0,False
FAR52_0404,52.232-38,232,train,768,256,0,False
FAR52_0404,52.232-38,232,train,896,256,0,False
FAR52_0404,52.232-38,232,train,1024,256,0,False
FAR52_0404,52.232-38,232,train,1152,256,0,False
FAR52_0404,52.232-38,232,train,1280,256,0,False
FAR52_0404,52.232-38,232,train,1301,256,0,False
FAR52_0404,52.232-38,232,train,1408,149,107,True
FAR52_0404,52.232-38,232,train,1536,21,235,True
FAR52_0405,52.232-39,232,train,0,256,0,False
FAR52_0405,52.232-39,232,train,128,256,0,False
FAR52_0405,52.232-39,232,train,256,256,0,False
FAR52_0405,52.232-39,232,train,384,256,0,False
FAR52_0405,52.232-39,232,train,512,256,0,False
FAR52_0405,52.232-39,232,train,640,256,0,False
FAR52_0405,52.232-39,232,train,768,256,0,False
FAR52_0405,52.232-39,232,train,896,256,0,False
FAR52_0405,52.232-39,232,train,1024,256,0,False
FAR52_0405,52.232-39,232,train,1152,256,0,False
FAR52_0405,52.232-39,232,train,1260,256,0,False
FAR52_0405,52.232-39,232,train,1280,236,20,True
FAR52_0405,52.232-39,232,train,1408,108,148,True
FAR52_0406,52.232-40,232,validation,0,256,0,False
FAR52_0406,52.232-40,232,validation,128,256,0,False
FAR52_0406,52.232-40,232,validation,256,256,0,False
FAR52_0406,52.232-40,232,validation,384,256,0,False
FAR52_0406,52.232-40,232,validation,512,256,0,False
FAR52_0406,52.232-40,232,validation,640,256,0,False
FAR52_0406,52.232-40,232,validation,768,256,0,False
FAR52_0406,52.232-40,232,validation,896,256,0,False
FAR52_0406,52.232-40,232,validation,968,256,0,False
FAR52_0406,52.232-40,232,validation,1024,200,56,True
FAR52_0406,52.232-40,232,validation,1152,72,184,True
FAR52_0407,52.233-1,233,train,0,256,0,False
FAR52_0407,52.233-1,233,train,128,256,0,False
FAR52_0407,52.233-1,233,train,256,256,0,False
FAR52_0407,52.233-1,233,train,384,256,0,False
FAR52_0407,52.233-1,233,train,512,256,0,False
FAR52_0407,52.233-1,233,train,640,256,0,False
FAR52_0407,52.233-1,233,train,768,256,0,False
FAR52_0407,52.233-1,233,train,896,256,0,False
FAR52_0407,52.233-1,233,train,1024,256,0,False
FAR52_0407,52.233-1,233,train,1152,256,0,False
FAR52_0407,52.233-1,233,train,1280,256,0,False
FAR52_0407,52.233-1,233,train,1408,256,0,False
FAR52_0407,52.233-1,233,train,1536,256,0,False
FAR52_0407,52.233-1,233,train,1664,256,0,False
FAR52_0407,52.233-1,233,train,1792,256,0,False
FAR52_0407,52.233-1,233,train,1920,256,0,False
FAR52_0407,52.233-1,233,train,2048,256,0,False
FAR52_0407,52.233-1,233,train,2176,256,0,False
FAR52_0407,52.233-1,233,train,2304,256,0,False
FAR52_0407,52.233-1,233,train,2432,256,0,False
FAR52_0407,52.233-1,233,train,2560,256,0,False
FAR52_0407,52.233-1,233,train,2688,256,0,False
FAR52_0407,52.233-1,233,train,2816,256,0,False
FAR52_0407,52.233-1,233,train,2944,256,0,False
FAR52_0407,52.233-1,233,train,3072,256,0,False
FAR52_0407,52.233-1,233,train,3200,256,0,False
FAR52_0407,52.233-1,233,train,3328,256,0,False
FAR52_0407,52.233-1,233,train,3456,256,0,False
FAR52_0407,52.233-1,233,train,3584,256,0,False
FAR52_0407,52.233-1,233,train,3712,256,0,False
FAR52_0407,52.233-1,233,train,3840,256,0,False
FAR52_0407,52.233-1,233,train,3968,256,0,False
FAR52_0407,52.233-1,233,train,4096,256,0,False
FAR52_0407,52.233-1,233,train,4224,256,0,False
FAR52_0407,52.233-1,233,train,4315,256,0,False
FAR52_0407,52.233-1,233,train,4352,219,37,True
FAR52_0407,52.233-1,233,train,4480,91,165,True
FAR52_0408,52.233-2,233,train,0,256,0,False
FAR52_0408,52.233-2,233,train,128,256,0,False
FAR52_0408,52.233-2,233,train,256,256,0,False
FAR52_0408,52.233-2,233,train,384,256,0,False
FAR52_0408,52.233-2,233,train,487,256,0,False
FAR52_0408,52.233-2,233,train,512,231,25,True
FAR52_0408,52.233-2,233,train,640,103,153,True
FAR52_0409,52.233-3,233,train,0,256,0,False
FAR52_0409,52.233-3,233,train,128,256,0,False
FAR52_0409,52.233-3,233,train,256,256,0,False
FAR52_0409,52.233-3,233,train,384,256,0,False
FAR52_0409,52.233-3,233,train,512,256,0,False
FAR52_0409,52.233-3,233,train,640,256,0,False
FAR52_0409,52.233-3,233,train,768,256,0,False
FAR52_0409,52.233-3,233,train,896,256,0,False
FAR52_0409,52.233-3,233,train,1024,256,0,False
FAR52_0409,52.233-3,233,train,1152,256,0,False
FAR52_0409,52.233-3,233,train,1280,256,0,False
FAR52_0409,52.233-3,233,train,1408,256,0,False
FAR52_0409,52.233-3,233,train,1536,256,0,False
FAR52_0409,52.233-3,233,train,1664,256,0,False
FAR52_0409,52.233-3,233,train,1792,256,0,False
FAR52_0409,52.233-3,233,train,1920,256,0,False
FAR52_0409,52.233-3,233,train,2048,256,0,False
FAR52_0409,52.233-3,233,train,2176,256,0,False
FAR52_0409,52.233-3,233,train,2304,256,0,False
FAR52_0409,52.233-3,233,train,2432,256,0,False
FAR52_0409,52.233-3,233,train,2560,256,0,False
FAR52_0409,52.233-3,233,train,2688,256,0,False
FAR52_0409,52.233-3,233,train,2816,256,0,False
FAR52_0409,52.233-3,233,train,2944,256,0,False
FAR52_0409,52.233-3,233,train,3072,256,0,False
FAR52_0409,52.233-3,233,train,3200,256,0,False
FAR52_0409,52.233-3,233,train,3316,256,0,False
FAR52_0409,52.233-3,233,train,3328,244,12,True
FAR52_0409,52.233-3,233,train,3456,116,140,True
FAR52_0410,52.233-4,233,train,0,256,0,False
FAR52_0410,52.233-4,233,train,5,256,0,False
FAR52_0410,52.233-4,233,train,128,133,123,True
FAR52_0410,52.233-4,233,train,256,5,251,True
FAR52_0411,52.234-1,234,train,0,256,0,False
FAR52_0411,52.234-1,234,train,128,256,0,False
FAR52_0411,52.234-1,234,train,256,256,0,False
FAR52_0411,52.234-1,234,train,384,256,0,False
FAR52_0411,52.234-1,234,train,512,256,0,False
FAR52_0411,52.234-1,234,train,640,256,0,False
FAR52_0411,52.234-1,234,train,768,256,0,False
FAR52_0411,52.234-1,234,train,896,256,0,False
FAR52_0411,52.234-1,234,train,1024,256,0,False
FAR52_0411,52.234-1,234,train,1152,256,0,False
FAR52_0411,52.234-1,234,train,1280,256,0,False
FAR52_0411,52.234-1,234,train,1408,256,0,False
FAR52_0411,52.234-1,234,train,1427,256,0,False
FAR52_0411,52.234-1,234,train,1536,147,109,True
FAR52_0411,52.234-1,234,train,1664,19,237,True
FAR52_0412,52.234-2,234,validation,0,256,0,False
FAR52_0412,52.234-2,234,validation,128,256,0,False
FAR52_0412,52.234-2,234,validation,256,256,0,False
FAR52_0412,52.234-2,234,validation,384,256,0,False
FAR52_0412,52.234-2,234,validation,512,256,0,False
FAR52_0412,52.234-2,234,validation,640,256,0,False
FAR52_0412,52.234-2,234,validation,768,256,0,False
FAR52_0412,52.234-2,234,validation,896,256,0,False
FAR52_0412,52.234-2,234,validation,1024,256,0,False
FAR52_0412,52.234-2,234,validation,1152,256,0,False
FAR52_0412,52.234-2,234,validation,1280,256,0,False
FAR52_0412,52.234-2,234,validation,1408,256,0,False
FAR52_0412,52.234-2,234,validation,1536,256,0,False
FAR52_0412,52.234-2,234,validation,1664,256,0,False
FAR52_0412,52.234-2,234,validation,1792,256,0,False
FAR52_0412,52.234-2,234,validation,1920,256,0,False
FAR52_0412,52.234-2,234,validation,2048,256,0,False
FAR52_0412,52.234-2,234,validation,2176,256,0,False
FAR52_0412,52.234-2,234,validation,2262,256,0,False
FAR52_0412,52.234-2,234,validation,2304,214,42,True
FAR52_0412,52.234-2,234,validation,2432,86,170,True
FAR52_0413,52.234-3,234,train,0,256,0,False
FAR52_0413,52.234-3,234,train,128,256,0,False
FAR52_0413,52.234-3,234,train,256,256,0,False
FAR52_0413,52.234-3,234,train,384,256,0,False
FAR52_0413,52.234-3,234,train,512,256,0,False
FAR52_0413,52.234-3,234,train,640,256,0,False
FAR52_0413,52.234-3,234,train,768,256,0,False
FAR52_0413,52.234-3,234,train,896,256,0,False
FAR52_0413,52.234-3,234,train,1024,256,0,False
FAR52_0413,52.234-3,234,train,1152,256,0,False
FAR52_0413,52.234-3,234,train,1280,256,0,False
FAR52_0413,52.234-3,234,train,1408,256,0,False
FAR52_0413,52.234-3,234,train,1536,256,0,False
FAR52_0413,52.234-3,234,train,1664,256,0,False
FAR52_0413,52.234-3,234,train,1790,256,0,False
FAR52_0413,52.234-3,234,train,1792,254,2,True
FAR52_0413,52.234-3,234,train,1920,126,130,True
FAR52_0414,52.234-4,234,test,0,256,0,False
FAR52_0414,52.234-4,234,test,128,256,0,False
FAR52_0414,52.234-4,234,test,256,256,0,False
FAR52_0414,52.234-4,234,test,384,256,0,False
FAR52_0414,52.234-4,234,test,512,256,0,False
FAR52_0414,52.234-4,234,test,640,256,0,False
FAR52_0414,52.234-4,234,test,768,256,0,False
FAR52_0414,52.234-4,234,test,896,256,0,False
FAR52_0414,52.234-4,234,test,1024,256,0,False
FAR52_0414,52.234-4,234,test,1152,256,0,False
FAR52_0414,52.234-4,234,test,1280,256,0,False
FAR52_0414,52.234-4,234,test,1408,256,0,False
FAR52_0414,52.234-4,234,test,1536,256,0,False
FAR52_0414,52.234-4,234,test,1664,256,0,False
FAR52_0414,52.234-4,234,test,1792,256,0,False
FAR52_0414,52.234-4,234,test,1920,256,0,False
FAR52_0414,52.234-4,234,test,2048,256,0,False
FAR52_0414,52.234-4,234,test,2176,256,0,False
FAR52_0414,52.234-4,234,test,2304,256,0,False
FAR52_0414,52.234-4,234,test,2370,256,0,False
FAR52_0414,52.234-4,234,test,2432,194,62,True
FAR52_0414,52.234-4,234,test,2560,66,190,True
FAR52_0415,52.236-1,236,test,0,256,0,False
FAR52_0415,52.236-1,236,test,128,256,0,False
FAR52_0415,52.236-1,236,test,256,256,0,False
FAR52_0415,52.236-1,236,test,384,256,0,False
FAR52_0415,52.236-1,236,test,512,256,0,False
FAR52_0415,52.236-1,236,test,608,256,0,False
FAR52_0415,52.236-1,236,test,640,224,32,True
FAR52_0415,52.236-1,236,test,768,96,160,True
FAR52_0416,52.236-2,236,train,0,256,0,False
FAR52_0416,52.236-2,236,train,128,256,0,False
FAR52_0416,52.236-2,236,train,256,256,0,False
FAR52_0416,52.236-2,236,train,384,256,0,False
FAR52_0416,52.236-2,236,train,512,256,0,False
FAR52_0416,52.236-2,236,train,640,256,0,False
FAR52_0416,52.236-2,236,train,768,256,0,False
FAR52_0416,52.236-2,236,train,896,256,0,False
FAR52_0416,52.236-2,236,train,1024,256,0,False
FAR52_0416,52.236-2,236,train,1152,256,0,False
FAR52_0416,52.236-2,236,train,1280,256,0,False
FAR52_0416,52.236-2,236,train,1289,256,0,False
FAR52_0416,52.236-2,236,train,1408,137,119,True
FAR52_0416,52.236-2,236,train,1536,9,247,True
FAR52_0417,52.236-3,236,train,0,256,0,False
FAR52_0417,52.236-3,236,train,128,256,0,False
FAR52_0417,52.236-3,236,train,256,256,0,False
FAR52_0417,52.236-3,236,train,384,256,0,False
FAR52_0417,52.236-3,236,train,512,256,0,False
FAR52_0417,52.236-3,236,train,640,256,0,False
FAR52_0417,52.236-3,236,train,768,256,0,False
FAR52_0417,52.236-3,236,train,896,256,0,False
FAR52_0417,52.236-3,236,train,1024,256,0,False
FAR52_0417,52.236-3,236,train,1152,256,0,False
FAR52_0417,52.236-3,236,train,1280,256,0,False
FAR52_0417,52.236-3,236,train,1408,256,0,False
FAR52_0417,52.236-3,236,train,1536,256,0,False
FAR52_0417,52.236-3,236,train,1664,256,0,False
FAR52_0417,52.236-3,236,train,1792,256,0,False
FAR52_0417,52.236-3,236,train,1819,256,0,False
FAR52_0417,52.236-3,236,train,1920,155,101,True
FAR52_0417,52.236-3,236,train,2048,27,229,True
FAR52_0418,52.236-4,236,train,0,256,0,False
FAR52_0418,52.236-4,236,train,128,256,0,False
FAR52_0418,52.236-4,236,train,256,256,0,False
FAR52_0418,52.236-4,236,train,384,256,0,False
FAR52_0418,52.236-4,236,train,512,256,0,False
FAR52_0418,52.236-4,236,train,640,256,0,False
FAR52_0418,52.236-4,236,train,768,256,0,False
FAR52_0418,52.236-4,236,train,896,256,0,False
FAR52_0418,52.236-4,236,train,1024,256,0,False
FAR52_0418,52.236-4,236,train,1112,256,0,False
FAR52_0418,52.236-4,236,train,1152,216,40,True
FAR52_0418,52.236-4,236,train,1280,88,168,True
FAR52_0419,52.236-5,236,train,0,256,0,False
FAR52_0419,52.236-5,236,train,128,256,0,False
FAR52_0419,52.236-5,236,train,256,256,0,False
FAR52_0419,52.236-5,236,train,384,256,0,False
FAR52_0419,52.236-5,236,train,512,256,0,False
FAR52_0419,52.236-5,236,train,640,256,0,False
FAR52_0419,52.236-5,236,train,768,256,0,False
FAR52_0419,52.236-5,236,train,896,256,0,False
FAR52_0419,52.236-5,236,train,1024,256,0,False
FAR52_0419,52.236-5,236,train,1152,256,0,False
FAR52_0419,52.236-5,236,train,1280,256,0,False
FAR52_0419,52.236-5,236,train,1408,256,0,False
FAR52_0419,52.236-5,236,train,1536,256,0,False
FAR52_0419,52.236-5,236,train,1664,256,0,False
FAR52_0419,52.236-5,236,train,1792,256,0,False
FAR52_0419,52.236-5,236,train,1887,256,0,False
FAR52_0419,52.236-5,236,train,1920,223,33,True
FAR52_0419,52.236-5,236,train,2048,95,161,True
FAR52_0420,52.236-6,236,train,0,256,0,False
FAR52_0420,52.236-6,236,train,128,256,0,False
FAR52_0420,52.236-6,236,train,205,256,0,False
FAR52_0420,52.236-6,236,train,256,205,51,True
FAR52_0420,52.236-6,236,train,384,77,179,True
FAR52_0421,52.236-7,236,train,0,256,0,False
FAR52_0421,52.236-7,236,train,128,256,0,False
FAR52_0421,52.236-7,236,train,256,256,0,False
FAR52_0421,52.236-7,236,train,384,256,0,False
FAR52_0421,52.236-7,236,train,512,256,0,False
FAR52_0421,52.236-7,236,train,528,256,0,False
FAR52_0421,52.236-7,236,train,640,144,112,True
FAR52_0421,52.236-7,236,train,768,16,240,True
FAR52_0422,52.236-8,236,validation,0,256,0,False
FAR52_0422,52.236-8,236,validation,128,256,0,False
FAR52_0422,52.236-8,236,validation,256,256,0,False
FAR52_0422,52.236-8,236,validation,384,256,0,False
FAR52_0422,52.236-8,236,validation,429,256,0,False
FAR52_0422,52.236-8,236,validation,512,173,83,True
FAR52_0422,52.236-8,236,validation,640,45,211,True
FAR52_0423,52.236-9,236,validation,0,256,0,False
FAR52_0423,52.236-9,236,validation,128,256,0,False
FAR52_0423,52.236-9,236,validation,256,256,0,False
FAR52_0423,52.236-9,236,validation,384,256,0,False
FAR52_0423,52.236-9,236,validation,512,256,0,False
FAR52_0423,52.236-9,236,validation,640,256,0,False
FAR52_0423,52.236-9,236,validation,768,256,0,False
FAR52_0423,52.236-9,236,validation,896,256,0,False
FAR52_0423,52.236-9,236,validation,1024,256,0,False
FAR52_0423,52.236-9,236,validation,1152,256,0,False
FAR52_0423,52.236-9,236,validation,1280,256,0,False
FAR52_0423,52.236-9,236,validation,1362,256,0,False
FAR52_0423,52.236-9,236,validation,1408,210,46,True
FAR52_0423,52.236-9,236,validation,1536,82,174,True
FAR52_0424,52.236-10,236,train,0,256,0,False
FAR52_0424,52.236-10,236,train,128,256,0,False
FAR52_0424,52.236-10,236,train,256,256,0,False
FAR52_0424,52.236-10,236,train,384,256,0,False
FAR52_0424,52.236-10,236,train,512,256,0,False
FAR52_0424,52.236-10,236,train,640,256,0,False
FAR52_0424,52.236-10,236,train,768,256,0,False
FAR52_0424,52.236-10,236,train,896,256,0,False
FAR52_0424,52.236-10,236,train,1024,256,0,False
FAR52_0424,52.236-10,236,train,1152,256,0,False
FAR52_0424,52.236-10,236,train,1280,256,0,False
FAR52_0424,52.236-10,236,train,1408,256,0,False
FAR52_0424,52.236-10,236,train,1417,256,0,False
FAR52_0424,52.236-10,236,train,1536,137,119,True
FAR52_0424,52.236-10,236,train,1664,9,247,True
FAR52_0425,52.236-11,236,train,0,256,0,False
FAR52_0425,52.236-11,236,train,128,256,0,False
FAR52_0425,52.236-11,236,train,256,256,0,False
FAR52_0425,52.236-11,236,train,384,256,0,False
FAR52_0425,52.236-11,236,train,512,256,0,False
FAR52_0425,52.236-11,236,train,640,256,0,False
FAR52_0425,52.236-11,236,train,768,256,0,False
FAR52_0425,52.236-11,236,train,896,256,0,False
FAR52_0425,52.236-11,236,train,1024,256,0,False
FAR52_0425,52.236-11,236,train,1124,256,0,False
FAR52_0425,52.236-11,236,train,1152,228,28,True
FAR52_0425,52.236-11,236,train,1280,100,156,True
FAR52_0426,52.236-12,236,train,0,256,0,False
FAR52_0426,52.236-12,236,train,128,256,0,False
FAR52_0426,52.236-12,236,train,256,256,0,False
FAR52_0426,52.236-12,236,train,319,256,0,False
FAR52_0426,52.236-12,236,train,384,191,65,True
FAR52_0426,52.236-12,236,train,512,63,193,True
FAR52_0427,52.236-13,236,train,0,256,0,False
FAR52_0427,52.236-13,236,train,128,256,0,False
FAR52_0427,52.236-13,236,train,256,256,0,False
FAR52_0427,52.236-13,236,train,384,256,0,False
FAR52_0427,52.236-13,236,train,512,256,0,False
FAR52_0427,52.236-13,236,train,640,256,0,False
FAR52_0427,52.236-13,236,train,768,256,0,False
FAR52_0427,52.236-13,236,train,896,256,0,False
FAR52_0427,52.236-13,236,train,1024,256,0,False
FAR52_0427,52.236-13,236,train,1152,256,0,False
FAR52_0427,52.236-13,236,train,1280,256,0,False
FAR52_0427,52.236-13,236,train,1408,256,0,False
FAR52_0427,52.236-13,236,train,1536,256,0,False
FAR52_0427,52.236-13,236,train,1664,256,0,False
FAR52_0427,52.236-13,236,train,1792,256,0,False
FAR52_0427,52.236-13,236,train,1920,256,0,False
FAR52_0427,52.236-13,236,train,2048,256,0,False
FAR52_0427,52.236-13,236,train,2176,256,0,False
FAR52_0427,52.236-13,236,train,2304,256,0,False
FAR52_0427,52.236-13,236,train,2432,256,0,False
FAR52_0427,52.236-13,236,train,2560,256,0,False
FAR52_0427,52.236-13,236,train,2688,256,0,False
FAR52_0427,52.236-13,236,train,2816,256,0,False
FAR52_0427,52.236-13,236,train,2944,256,0,False
FAR52_0427,52.236-13,236,train,3055,256,0,False
FAR52_0427,52.236-13,236,train,3072,239,17,True
FAR52_0427,52.236-13,236,train,3200,111,145,True
FAR52_0428,52.236-14,236,train,0,256,0,False
FAR52_0428,52.236-14,236,train,128,256,0,False
FAR52_0428,52.236-14,236,train,256,256,0,False
FAR52_0428,52.236-14,236,train,384,256,0,False
FAR52_0428,52.236-14,236,train,512,256,0,False
FAR52_0428,52.236-14,236,train,640,256,0,False
FAR52_0428,52.236-14,236,train,768,256,0,False
FAR52_0428,52.236-14,236,train,896,256,0,False
FAR52_0428,52.236-14,236,train,1024,256,0,False
FAR52_0428,52.236-14,236,train,1152,256,0,False
FAR52_0428,52.236-14,236,train,1280,256,0,False
FAR52_0428,52.236-14,236,train,1408,256,0,False
FAR52_0428,52.236-14,236,train,1452,256,0,False
FAR52_0428,52.236-14,236,train,1536,172,84,True
FAR52_0428,52.236-14,236,train,1664,44,212,True
FAR52_0429,52.236-15,236,test,0,256,0,False
FAR52_0429,52.236-15,236,test,128,256,0,False
FAR52_0429,52.236-15,236,test,256,256,0,False
FAR52_0429,52.236-15,236,test,384,256,0,False
FAR52_0429,52.236-15,236,test,512,256,0,False
FAR52_0429,52.236-15,236,test,640,256,0,False
FAR52_0429,52.236-15,236,test,768,256,0,False
FAR52_0429,52.236-15,236,test,896,256,0,False
FAR52_0429,52.236-15,236,test,1024,256,0,False
FAR52_0429,52.236-15,236,test,1152,256,0,False
FAR52_0429,52.236-15,236,test,1280,256,0,False
FAR52_0429,52.236-15,236,test,1408,256,0,False
FAR52_0429,52.236-15,236,test,1536,256,0,False
FAR52_0429,52.236-15,236,test,1664,256,0,False
FAR52_0429,52.236-15,236,test,1792,256,0,False
FAR52_0429,52.236-15,236,test,1920,256,0,False
FAR52_0429,52.236-15,236,test,2048,256,0,False
FAR52_0429,52.236-15,236,test,2151,256,0,False
FAR52_0429,52.236-15,236,test,2176,231,25,True
FAR52_0429,52.236-15,236,test,2304,103,153,True
FAR52_0430,52.236-16,236,train,0,256,0,False
FAR52_0430,52.236-16,236,train,128,256,0,False
FAR52_0430,52.236-16,236,train,256,256,0,False
FAR52_0430,52.236-16,236,train,384,256,0,False
FAR52_0430,52.236-16,236,train,512,256,0,False
FAR52_0430,52.236-16,236,train,640,256,0,False
FAR52_0430,52.236-16,236,train,768,256,0,False
FAR52_0430,52.236-16,236,train,896,256,0,False
FAR52_0430,52.236-16,236,train,1024,256,0,False
FAR52_0430,52.236-16,236,train,1152,256,0,False
FAR52_0430,52.236-16,236,train,1280,256,0,False
FAR52_0430,52.236-16,236,train,1408,256,0,False
FAR52_0430,52.236-16,236,train,1536,256,0,False
FAR52_0430,52.236-16,236,train,1664,256,0,False
FAR52_0430,52.236-16,236,train,1792,256,0,False
FAR52_0430,52.236-16,236,train,1920,256,0,False
FAR52_0430,52.236-16,236,train,2002,256,0,False
FAR52_0430,52.236-16,236,train,2048,210,46,True
FAR52_0430,52.236-16,236,train,2176,82,174,True
FAR52_0431,52.236-17,236,train,0,256,0,False
FAR52_0431,52.236-17,236,train,128,256,0,False
FAR52_0431,52.236-17,236,train,256,256,0,False
FAR52_0431,52.236-17,236,train,384,256,0,False
FAR52_0431,52.236-17,236,train,512,256,0,False
FAR52_0431,52.236-17,236,train,640,256,0,False
FAR52_0431,52.236-17,236,train,768,256,0,False
FAR52_0431,52.236-17,236,train,896,256,0,False
FAR52_0431,52.236-17,236,train,1014,256,0,False
FAR52_0431,52.236-17,236,train,1024,246,10,True
FAR52_0431,52.236-17,236,train,1152,118,138,True
FAR52_0432,52.236-18,236,train,0,256,0,False
FAR52_0432,52.236-18,236,train,128,256,0,False
FAR52_0432,52.236-18,236,train,225,256,0,False
FAR52_0432,52.236-18,236,train,256,225,31,True
FAR52_0432,52.236-18,236,train,384,97,159,True
FAR52_0433,52.236-19,236,train,0,256,0,False
FAR52_0433,52.236-19,236,train,128,256,0,False
FAR52_0433,52.236-19,236,train,256,256,0,False
FAR52_0433,52.236-19,236,train,384,256,0,False
FAR52_0433,52.236-19,236,train,512,256,0,False
FAR52_0433,52.236-19,236,train,640,256,0,False
FAR52_0433,52.236-19,236,train,768,256,0,False
FAR52_0433,52.236-19,236,train,896,256,0,False
FAR52_0433,52.236-19,236,train,930,256,0,False
FAR52_0433,52.236-19,236,train,1024,162,94,True
FAR52_0433,52.236-19,236,train,1152,34,222,True
FAR52_0434,52.236-21,236,train,0,256,0,False
FAR52_0434,52.236-21,236,train,128,256,0,False
FAR52_0434,52.236-21,236,train,256,256,0,False
FAR52_0434,52.236-21,236,train,384,256,0,False
FAR52_0434,52.236-21,236,train,512,256,0,False
FAR52_0434,52.236-21,236,train,640,256,0,False
FAR52_0434,52.236-21,236,train,768,256,0,False
FAR52_0434,52.236-21,236,train,896,256,0,False
FAR52_0434,52.236-21,236,train,1024,256,0,False
FAR52_0434,52.236-21,236,train,1152,256,0,False
FAR52_0434,52.236-21,236,train,1280,256,0,False
FAR52_0434,52.236-21,236,train,1408,256,0,False
FAR52_0434,52.236-21,236,train,1536,256,0,False
FAR52_0434,52.236-21,236,train,1664,256,0,False
FAR52_0434,52.236-21,236,train,1792,256,0,False
FAR52_0434,52.236-21,236,train,1920,256,0,False
FAR52_0434,52.236-21,236,train,2048,256,0,False
FAR52_0434,52.236-21,236,train,2176,256,0,False
FAR52_0434,52.236-21,236,train,2304,256,0,False
FAR52_0434,52.236-21,236,train,2432,256,0,False
FAR52_0434,52.236-21,236,train,2560,256,0,False
FAR52_0434,52.236-21,236,train,2688,256,0,False
FAR52_0434,52.236-21,236,train,2816,256,0,False
FAR52_0434,52.236-21,236,train,2944,256,0,False
FAR52_0434,52.236-21,236,train,3072,256,0,False
FAR52_0434,52.236-21,236,train,3200,256,0,False
FAR52_0434,52.236-21,236,train,3328,256,0,False
FAR52_0434,52.236-21,236,train,3456,256,0,False
FAR52_0434,52.236-21,236,train,3584,256,0,False
FAR52_0434,52.236-21,236,train,3712,256,0,False
FAR52_0434,52.236-21,236,train,3840,256,0,False
FAR52_0434,52.236-21,236,train,3968,256,0,False
FAR52_0434,52.236-21,236,train,4096,256,0,False
FAR52_0434,52.236-21,236,train,4224,256,0,False
FAR52_0434,52.236-21,236,train,4352,256,0,False
FAR52_0434,52.236-21,236,train,4480,256,0,False
FAR52_0434,52.236-21,236,train,4608,256,0,False
FAR52_0434,52.236-21,236,train,4736,256,0,False
FAR52_0434,52.236-21,236,train,4864,256,0,False
FAR52_0434,52.236-21,236,train,4992,256,0,False
FAR52_0434,52.236-21,236,train,5071,256,0,False
FAR52_0434,52.236-21,236,train,5120,207,49,True
FAR52_0434,52.236-21,236,train,5248,79,177,True
FAR52_0435,52.236-22,236,train,0,256,0,False
FAR52_0435,52.236-22,236,train,128,256,0,False
FAR52_0435,52.236-22,236,train,256,256,0,False
FAR52_0435,52.236-22,236,train,384,256,0,False
FAR52_0435,52.236-22,236,train,512,256,0,False
FAR52_0435,52.236-22,236,train,640,256,0,False
FAR52_0435,52.236-22,236,train,768,256,0,False
FAR52_0435,52.236-22,236,train,896,256,0,False
FAR52_0435,52.236-22,236,train,1024,256,0,False
FAR52_0435,52.236-22,236,train,1152,256,0,False
FAR52_0435,52.236-22,236,train,1280,256,0,False
FAR52_0435,52.236-22,236,train,1408,256,0,False
FAR52_0435,52.236-22,236,train,1536,256,0,False
FAR52_0435,52.236-22,236,train,1664,256,0,False
FAR52_0435,52.236-22,236,train,1792,256,0,False
FAR52_0435,52.236-22,236,train,1920,256,0,False
FAR52_0435,52.236-22,236,train,2000,256,0,False
FAR52_0435,52.236-22,236,train,2048,208,48,True
FAR52_0435,52.236-22,236,train,2176,80,176,True
FAR52_0436,52.236-23,236,train,0,256,0,False
FAR52_0436,52.236-23,236,train,128,256,0,False
FAR52_0436,52.236-23,236,train,256,256,0,False
FAR52_0436,52.236-23,236,train,384,256,0,False
FAR52_0436,52.236-23,236,train,512,256,0,False
FAR52_0436,52.236-23,236,train,640,256,0,False
FAR52_0436,52.236-23,236,train,768,256,0,False
FAR52_0436,52.236-23,236,train,896,256,0,False
FAR52_0436,52.236-23,236,train,1024,256,0,False
FAR52_0436,52.236-23,236,train,1115,256,0,False
FAR52_0436,52.236-23,236,train,1152,219,37,True
FAR52_0436,52.236-23,236,train,1280,91,165,True
FAR52_0437,52.236-24,236,train,0,256,0,False
FAR52_0437,52.236-24,236,train,117,256,0,False
FAR52_0437,52.236-24,236,train,128,245,11,True
FAR52_0437,52.236-24,236,train,256,117,139,True
FAR52_0438,52.236-25,236,train,0,256,0,False
FAR52_0438,52.236-25,236,train,128,256,0,False
FAR52_0438,52.236-25,236,train,250,256,0,False
FAR52_0438,52.236-25,236,train,256,250,6,True
FAR52_0438,52.236-25,236,train,384,122,134,True
FAR52_0439,52.236-26,236,train,0,256,0,False
FAR52_0439,52.236-26,236,train,128,256,0,False
FAR52_0439,52.236-26,236,train,256,256,0,False
FAR52_0439,52.236-26,236,train,263,256,0,False
FAR52_0439,52.236-26,236,train,384,135,121,True
FAR52_0439,52.236-26,236,train,512,7,249,True
FAR52_0440,52.236-27,236,train,0,256,0,False
FAR52_0440,52.236-27,236,train,128,256,0,False
FAR52_0440,52.236-27,236,train,256,256,0,False
FAR52_0440,52.236-27,236,train,384,256,0,False
FAR52_0440,52.236-27,236,train,512,256,0,False
FAR52_0440,52.236-27,236,train,640,256,0,False
FAR52_0440,52.236-27,236,train,768,256,0,False
FAR52_0440,52.236-27,236,train,896,256,0,False
FAR52_0440,52.236-27,236,train,914,256,0,False
FAR52_0440,52.236-27,236,train,1024,146,110,True
FAR52_0440,52.236-27,236,train,1152,18,238,True
FAR52_0441,52.236-28,236,train,0,256,0,False
FAR52_0441,52.236-28,236,train,128,256,0,False
FAR52_0441,52.236-28,236,train,256,256,0,False
FAR52_0441,52.236-28,236,train,384,256,0,False
FAR52_0441,52.236-28,236,train,512,256,0,False
FAR52_0441,52.236-28,236,train,640,256,0,False
FAR52_0441,52.236-28,236,train,768,256,0,False
FAR52_0441,52.236-28,236,train,837,256,0,False
FAR52_0441,52.236-28,236,train,896,197,59,True
FAR52_0441,52.236-28,236,train,1024,69,187,True
FAR52_0442,52.237-1,237,validation,0,256,0,False
FAR52_0442,52.237-1,237,validation,128,256,0,False
FAR52_0442,52.237-1,237,validation,244,256,0,False
FAR52_0442,52.237-1,237,validation,256,244,12,True
FAR52_0442,52.237-1,237,validation,384,116,140,True
FAR52_0443,52.237-2,237,test,0,256,0,False
FAR52_0443,52.237-2,237,test,128,256,0,False
FAR52_0443,52.237-2,237,test,256,256,0,False
FAR52_0443,52.237-2,237,test,384,256,0,False
FAR52_0443,52.237-2,237,test,512,256,0,False
FAR52_0443,52.237-2,237,test,607,256,0,False
FAR52_0443,52.237-2,237,test,640,223,33,True
FAR52_0443,52.237-2,237,test,768,95,161,True
FAR52_0444,52.237-3,237,train,0,256,0,False
FAR52_0444,52.237-3,237,train,128,256,0,False
FAR52_0444,52.237-3,237,train,256,256,0,False
FAR52_0444,52.237-3,237,train,384,256,0,False
FAR52_0444,52.237-3,237,train,512,256,0,False
FAR52_0444,52.237-3,237,train,640,256,0,False
FAR52_0444,52.237-3,237,train,768,256,0,False
FAR52_0444,52.237-3,237,train,896,256,0,False
FAR52_0444,52.237-3,237,train,1024,256,0,False
FAR52_0444,52.237-3,237,train,1152,256,0,False
FAR52_0444,52.237-3,237,train,1280,256,0,False
FAR52_0444,52.237-3,237,train,1408,256,0,False
FAR52_0444,52.237-3,237,train,1536,256,0,False
FAR52_0444,52.237-3,237,train,1664,256,0,False
FAR52_0444,52.237-3,237,train,1792,256,0,False
FAR52_0444,52.237-3,237,train,1819,256,0,False
FAR52_0444,52.237-3,237,train,1920,155,101,True
FAR52_0444,52.237-3,237,train,2048,27,229,True
FAR52_0445,52.237-4,237,train,0,256,0,False
FAR52_0445,52.237-4,237,train,128,256,0,False
FAR52_0445,52.237-4,237,train,256,256,0,False
FAR52_0445,52.237-4,237,train,384,256,0,False
FAR52_0445,52.237-4,237,train,512,256,0,False
FAR52_0445,52.237-4,237,train,640,256,0,False
FAR52_0445,52.237-4,237,train,768,256,0,False
FAR52_0445,52.237-4,237,train,896,256,0,False
FAR52_0445,52.237-4,237,train,1024,256,0,False
FAR52_0445,52.237-4,237,train,1152,256,0,False
FAR52_0445,52.237-4,237,train,1280,256,0,False
FAR52_0445,52.237-4,237,train,1408,256,0,False
FAR52_0445,52.237-4,237,train,1536,256,0,False
FAR52_0445,52.237-4,237,train,1664,256,0,False
FAR52_0445,52.237-4,237,train,1792,256,0,False
FAR52_0445,52.237-4,237,train,1920,256,0,False
FAR52_0445,52.237-4,237,train,2048,256,0,False
FAR52_0445,52.237-4,237,train,2176,256,0,False
FAR52_0445,52.237-4,237,train,2304,256,0,False
FAR52_0445,52.237-4,237,train,2432,256,0,False
FAR52_0445,52.237-4,237,train,2560,256,0,False
FAR52_0445,52.237-4,237,train,2688,256,0,False
FAR52_0445,52.237-4,237,train,2816,256,0,False
FAR52_0445,52.237-4,237,train,2944,256,0,False
FAR52_0445,52.237-4,237,train,3054,256,0,False
FAR52_0445,52.237-4,237,train,3072,238,18,True
FAR52_0445,52.237-4,237,train,3200,110,146,True
FAR52_0446,52.237-5,237,train,0,256,0,False
FAR52_0446,52.237-5,237,train,128,256,0,False
FAR52_0446,52.237-5,237,train,256,256,0,False
FAR52_0446,52.237-5,237,train,384,256,0,False
FAR52_0446,52.237-5,237,train,512,256,0,False
FAR52_0446,52.237-5,237,train,640,256,0,False
FAR52_0446,52.237-5,237,train,768,256,0,False
FAR52_0446,52.237-5,237,train,896,256,0,False
FAR52_0446,52.237-5,237,train,1024,256,0,False
FAR52_0446,52.237-5,237,train,1152,256,0,False
FAR52_0446,52.237-5,237,train,1280,256,0,False
FAR52_0446,52.237-5,237,train,1408,256,0,False
FAR52_0446,52.237-5,237,train,1536,256,0,False
FAR52_0446,52.237-5,237,train,1664,256,0,False
FAR52_0446,52.237-5,237,train,1792,256,0,False
FAR52_0446,52.237-5,237,train,1810,256,0,False
FAR52_0446,52.237-5,237,train,1920,146,110,True
FAR52_0446,52.237-5,237,train,2048,18,238,True
FAR52_0447,52.237-6,237,train,0,256,0,False
FAR52_0447,52.237-6,237,train,128,256,0,False
FAR52_0447,52.237-6,237,train,256,256,0,False
FAR52_0447,52.237-6,237,train,384,256,0,False
FAR52_0447,52.237-6,237,train,512,256,0,False
FAR52_0447,52.237-6,237,train,640,256,0,False
FAR52_0447,52.237-6,237,train,768,256,0,False
FAR52_0447,52.237-6,237,train,896,256,0,False
FAR52_0447,52.237-6,237,train,1024,256,0,False
FAR52_0447,52.237-6,237,train,1152,256,0,False
FAR52_0447,52.237-6,237,train,1280,256,0,False
FAR52_0447,52.237-6,237,train,1408,256,0,False
FAR52_0447,52.237-6,237,train,1536,256,0,False
FAR52_0447,52.237-6,237,train,1664,256,0,False
FAR52_0447,52.237-6,237,train,1792,256,0,False
FAR52_0447,52.237-6,237,train,1920,256,0,False
FAR52_0447,52.237-6,237,train,1955,256,0,False
FAR52_0447,52.237-6,237,train,2048,163,93,True
FAR52_0447,52.237-6,237,train,2176,35,221,True
FAR52_0448,52.237-7,237,train,0,256,0,False
FAR52_0448,52.237-7,237,train,128,256,0,False
FAR52_0448,52.237-7,237,train,256,256,0,False
FAR52_0448,52.237-7,237,train,384,256,0,False
FAR52_0448,52.237-7,237,train,512,256,0,False
FAR52_0448,52.237-7,237,train,640,256,0,False
FAR52_0448,52.237-7,237,train,768,256,0,False
FAR52_0448,52.237-7,237,train,896,256,0,False
FAR52_0448,52.237-7,237,train,1024,256,0,False
FAR52_0448,52.237-7,237,train,1152,256,0,False
FAR52_0448,52.237-7,237,train,1280,256,0,False
FAR52_0448,52.237-7,237,train,1408,256,0,False
FAR52_0448,52.237-7,237,train,1536,256,0,False
FAR52_0448,52.237-7,237,train,1664,256,0,False
FAR52_0448,52.237-7,237,train,1792,256,0,False
FAR52_0448,52.237-7,237,train,1920,256,0,False
FAR52_0448,52.237-7,237,train,2048,256,0,False
FAR52_0448,52.237-7,237,train,2176,256,0,False
FAR52_0448,52.237-7,237,train,2304,256,0,False
FAR52_0448,52.237-7,237,train,2432,256,0,False
FAR52_0448,52.237-7,237,train,2560,256,0,False
FAR52_0448,52.237-7,237,train,2688,256,0,False
FAR52_0448,52.237-7,237,train,2816,256,0,False
FAR52_0448,52.237-7,237,train,2944,256,0,False
FAR52_0448,52.237-7,237,train,3072,256,0,False
FAR52_0448,52.237-7,237,train,3200,256,0,False
FAR52_0448,52.237-7,237,train,3328,256,0,False
FAR52_0448,52.237-7,237,train,3391,256,0,False
FAR52_0448,52.237-7,237,train,3456,191,65,True
FAR52_0448,52.237-7,237,train,3584,63,193,True
FAR52_0449,52.237-8,237,train,0,256,0,False
FAR52_0449,52.237-8,237,train,128,256,0,False
FAR52_0449,52.237-8,237,train,256,256,0,False
FAR52_0449,52.237-8,237,train,384,256,0,False
FAR52_0449,52.237-8,237,train,512,256,0,False
FAR52_0449,52.237-8,237,train,640,256,0,False
FAR52_0449,52.237-8,237,train,768,256,0,False
FAR52_0449,52.237-8,237,train,896,256,0,False
FAR52_0449,52.237-8,237,train,1024,256,0,False
FAR52_0449,52.237-8,237,train,1152,256,0,False
FAR52_0449,52.237-8,237,train,1252,256,0,False
FAR52_0449,52.237-8,237,train,1280,228,28,True
FAR52_0449,52.237-8,237,train,1408,100,156,True
FAR52_0450,52.237-9,237,train,0,256,0,False
FAR52_0450,52.237-9,237,train,128,256,0,False
FAR52_0450,52.237-9,237,train,231,256,0,False
FAR52_0450,52.237-9,237,train,256,231,25,True
FAR52_0450,52.237-9,237,train,384,103,153,True
FAR52_0451,52.237-10,237,train,0,256,0,False
FAR52_0451,52.237-10,237,train,128,256,0,False
FAR52_0451,52.237-10,237,train,256,256,0,False
FAR52_0451,52.237-10,237,train,384,256,0,False
FAR52_0451,52.237-10,237,train,512,256,0,False
FAR52_0451,52.237-10,237,train,640,256,0,False
FAR52_0451,52.237-10,237,train,768,256,0,False
FAR52_0451,52.237-10,237,train,896,256,0,False
FAR52_0451,52.237-10,237,train,1024,256,0,False
FAR52_0451,52.237-10,237,train,1152,256,0,False
FAR52_0451,52.237-10,237,train,1280,256,0,False
FAR52_0451,52.237-10,237,train,1408,256,0,False
FAR52_0451,52.237-10,237,train,1536,256,0,False
FAR52_0451,52.237-10,237,train,1664,256,0,False
FAR52_0451,52.237-10,237,train,1792,256,0,False
FAR52_0451,52.237-10,237,train,1920,256,0,False
FAR52_0451,52.237-10,237,train,2005,256,0,False
FAR52_0451,52.237-10,237,train,2048,213,43,True
FAR52_0451,52.237-10,237,train,2176,85,171,True
FAR52_0452,52.239-1,239,validation,0,256,0,False
FAR52_0452,52.239-1,239,validation,128,256,0,False
FAR52_0452,52.239-1,239,validation,256,256,0,False
FAR52_0452,52.239-1,239,validation,384,256,0,False
FAR52_0452,52.239-1,239,validation,512,256,0,False
FAR52_0452,52.239-1,239,validation,640,256,0,False
FAR52_0452,52.239-1,239,validation,768,256,0,False
FAR52_0452,52.239-1,239,validation,772,256,0,False
FAR52_0452,52.239-1,239,validation,896,132,124,True
FAR52_0452,52.239-1,239,validation,1024,4,252,True
FAR52_0453,52.240-1,240,train,0,256,0,False
FAR52_0453,52.240-1,240,train,128,256,0,False
FAR52_0453,52.240-1,240,train,256,256,0,False
FAR52_0453,52.240-1,240,train,384,256,0,False
FAR52_0453,52.240-1,240,train,512,256,0,False
FAR52_0453,52.240-1,240,train,640,256,0,False
FAR52_0453,52.240-1,240,train,768,256,0,False
FAR52_0453,52.240-1,240,train,896,256,0,False
FAR52_0453,52.240-1,240,train,1024,256,0,False
FAR52_0453,52.240-1,240,train,1152,256,0,False
FAR52_0453,52.240-1,240,train,1280,256,0,False
FAR52_0453,52.240-1,240,train,1408,256,0,False
FAR52_0453,52.240-1,240,train,1536,256,0,False
FAR52_0453,52.240-1,240,train,1664,256,0,False
FAR52_0453,52.240-1,240,train,1792,256,0,False
FAR52_0453,52.240-1,240,train,1920,256,0,False
FAR52_0453,52.240-1,240,train,2048,256,0,False
FAR52_0453,52.240-1,240,train,2176,256,0,False
FAR52_0453,52.240-1,240,train,2304,256,0,False
FAR52_0453,52.240-1,240,train,2432,256,0,False
FAR52_0453,52.240-1,240,train,2560,256,0,False
FAR52_0453,52.240-1,240,train,2688,256,0,False
FAR52_0453,52.240-1,240,train,2816,256,0,False
FAR52_0453,52.240-1,240,train,2874,256,0,False
FAR52_0453,52.240-1,240,train,2944,186,70,True
FAR52_0453,52.240-1,240,train,3072,58,198,True
FAR52_0454,52.241-1,241,train,0,256,0,False
FAR52_0454,52.241-1,241,train,128,256,0,False
FAR52_0454,52.241-1,241,train,256,256,0,False
FAR52_0454,52.241-1,241,train,384,256,0,False
FAR52_0454,52.241-1,241,train,512,256,0,False
FAR52_0454,52.241-1,241,train,640,256,0,False
FAR52_0454,52.241-1,241,train,681,256,0,False
FAR52_0454,52.241-1,241,train,768,169,87,True
FAR52_0454,52.241-1,241,train,896,41,215,True
FAR52_0455,52.241-2,241,test,0,256,0,False
FAR52_0455,52.241-2,241,test,128,256,0,False
FAR52_0455,52.241-2,241,test,220,256,0,False
FAR52_0455,52.241-2,241,test,256,220,36,True
FAR52_0455,52.241-2,241,test,384,92,164,True
FAR52_0456,52.241-3,241,train,0,256,0,False
FAR52_0456,52.241-3,241,train,128,256,0,False
FAR52_0456,52.241-3,241,train,256,256,0,False
FAR52_0456,52.241-3,241,train,384,256,0,False
FAR52_0456,52.241-3,241,train,512,256,0,False
FAR52_0456,52.241-3,241,train,640,256,0,False
FAR52_0456,52.241-3,241,train,768,256,0,False
FAR52_0456,52.241-3,241,train,896,256,0,False
FAR52_0456,52.241-3,241,train,1024,256,0,False
FAR52_0456,52.241-3,241,train,1152,256,0,False
FAR52_0456,52.241-3,241,train,1161,256,0,False
FAR52_0456,52.241-3,241,train,1280,137,119,True
FAR52_0456,52.241-3,241,train,1408,9,247,True
FAR52_0457,52.241-4,241,train,0,256,0,False
FAR52_0457,52.241-4,241,train,128,256,0,False
FAR52_0457,52.241-4,241,train,256,256,0,False
FAR52_0457,52.241-4,241,train,368,256,0,False
FAR52_0457,52.241-4,241,train,384,240,16,True
FAR52_0457,52.241-4,241,train,512,112,144,True
FAR52_0458,52.241-5,241,train,0,256,0,False
FAR52_0458,52.241-5,241,train,128,256,0,False
FAR52_0458,52.241-5,241,train,256,256,0,False
FAR52_0458,52.241-5,241,train,384,256,0,False
FAR52_0458,52.241-5,241,train,512,256,0,False
FAR52_0458,52.241-5,241,train,640,256,0,False
FAR52_0458,52.241-5,241,train,768,256,0,False
FAR52_0458,52.241-5,241,train,896,256,0,False
FAR52_0458,52.241-5,241,train,1024,256,0,False
FAR52_0458,52.241-5,241,train,1152,256,0,False
FAR52_0458,52.241-5,241,train,1280,256,0,False
FAR52_0458,52.241-5,241,train,1408,256,0,False
FAR52_0458,52.241-5,241,train,1536,256,0,False
FAR52_0458,52.241-5,241,train,1664,256,0,False
FAR52_0458,52.241-5,241,train,1792,256,0,False
FAR52_0458,52.241-5,241,train,1920,256,0,False
FAR52_0458,52.241-5,241,train,2048,256,0,False
FAR52_0458,52.241-5,241,train,2176,256,0,False
FAR52_0458,52.241-5,241,train,2304,256,0,False
FAR52_0458,52.241-5,241,train,2432,128,128,True
FAR52_0459,52.241-6,241,test,0,256,0,False
FAR52_0459,52.241-6,241,test,128,256,0,False
FAR52_0459,52.241-6,241,test,256,256,0,False
FAR52_0459,52.241-6,241,test,384,256,0,False
FAR52_0459,52.241-6,241,test,512,256,0,False
FAR52_0459,52.241-6,241,test,640,256,0,False
FAR52_0459,52.241-6,241,test,768,256,0,False
FAR52_0459,52.241-6,241,test,896,256,0,False
FAR52_0459,52.241-6,241,test,1024,256,0,False
FAR52_0459,52.241-6,241,test,1152,256,0,False
FAR52_0459,52.241-6,241,test,1280,256,0,False
FAR52_0459,52.241-6,241,test,1408,256,0,False
FAR52_0459,52.241-6,241,test,1536,256,0,False
FAR52_0459,52.241-6,241,test,1664,256,0,False
FAR52_0459,52.241-6,241,test,1792,256,0,False
FAR52_0459,52.241-6,241,test,1920,256,0,False
FAR52_0459,52.241-6,241,test,2048,256,0,False
FAR52_0459,52.241-6,241,test,2176,256,0,False
FAR52_0459,52.241-6,241,test,2304,256,0,False
FAR52_0459,52.241-6,241,test,2432,256,0,False
FAR52_0459,52.241-6,241,test,2560,256,0,False
FAR52_0459,52.241-6,241,test,2688,256,0,False
FAR52_0459,52.241-6,241,test,2816,256,0,False
FAR52_0459,52.241-6,241,test,2833,256,0,False
FAR52_0459,52.241-6,241,test,2944,145,111,True
FAR52_0459,52.241-6,241,test,3072,17,239,True
FAR52_0460,52.241-7,241,train,0,256,0,False
FAR52_0460,52.241-7,241,train,128,256,0,False
FAR52_0460,52.241-7,241,train,256,256,0,False
FAR52_0460,52.241-7,241,train,384,256,0,False
FAR52_0460,52.241-7,241,train,512,256,0,False
FAR52_0460,52.241-7,241,train,640,256,0,False
FAR52_0460,52.241-7,241,train,768,256,0,False
FAR52_0460,52.241-7,241,train,896,256,0,False
FAR52_0460,52.241-7,241,train,1024,256,0,False
FAR52_0460,52.241-7,241,train,1152,256,0,False
FAR52_0460,52.241-7,241,train,1280,256,0,False
FAR52_0460,52.241-7,241,train,1408,256,0,False
FAR52_0460,52.241-7,241,train,1536,256,0,False
FAR52_0460,52.241-7,241,train,1664,256,0,False
FAR52_0460,52.241-7,241,train,1792,256,0,False
FAR52_0460,52.241-7,241,train,1920,256,0,False
FAR52_0460,52.241-7,241,train,2010,256,0,False
FAR52_0460,52.241-7,241,train,2048,218,38,True
FAR52_0460,52.241-7,241,train,2176,90,166,True
FAR52_0461,52.241-8,241,train,0,256,0,False
FAR52_0461,52.241-8,241,train,128,256,0,False
FAR52_0461,52.241-8,241,train,256,256,0,False
FAR52_0461,52.241-8,241,train,384,256,0,False
FAR52_0461,52.241-8,241,train,512,256,0,False
FAR52_0461,52.241-8,241,train,640,256,0,False
FAR52_0461,52.241-8,241,train,768,256,0,False
FAR52_0461,52.241-8,241,train,896,256,0,False
FAR52_0461,52.241-8,241,train,1024,256,0,False
FAR52_0461,52.241-8,241,train,1131,256,0,False
FAR52_0461,52.241-8,241,train,1152,235,21,True
FAR52_0461,52.241-8,241,train,1280,107,149,True
FAR52_0462,52.241-9,241,train,0,256,0,False
FAR52_0462,52.241-9,241,train,128,256,0,False
FAR52_0462,52.241-9,241,train,256,256,0,False
FAR52_0462,52.241-9,241,train,384,256,0,False
FAR52_0462,52.241-9,241,train,512,256,0,False
FAR52_0462,52.241-9,241,train,640,256,0,False
FAR52_0462,52.241-9,241,train,768,256,0,False
FAR52_0462,52.241-9,241,train,896,256,0,False
FAR52_0462,52.241-9,241,train,1024,256,0,False
FAR52_0462,52.241-9,241,train,1152,256,0,False
FAR52_0462,52.241-9,241,train,1280,256,0,False
FAR52_0462,52.241-9,241,train,1408,256,0,False
FAR52_0462,52.241-9,241,train,1536,256,0,False
FAR52_0462,52.241-9,241,train,1664,256,0,False
FAR52_0462,52.241-9,241,train,1792,256,0,False
FAR52_0462,52.241-9,241,train,1920,256,0,False
FAR52_0462,52.241-9,241,train,2048,256,0,False
FAR52_0462,52.241-9,241,train,2176,256,0,False
FAR52_0462,52.241-9,241,train,2304,256,0,False
FAR52_0462,52.241-9,241,train,2432,256,0,False
FAR52_0462,52.241-9,241,train,2560,256,0,False
FAR52_0462,52.241-9,241,train,2688,256,0,False
FAR52_0462,52.241-9,241,train,2816,256,0,False
FAR52_0462,52.241-9,241,train,2944,256,0,False
FAR52_0462,52.241-9,241,train,3072,256,0,False
FAR52_0462,52.241-9,241,train,3200,256,0,False
FAR52_0462,52.241-9,241,train,3328,256,0,False
FAR52_0462,52.241-9,241,train,3456,256,0,False
FAR52_0462,52.241-9,241,train,3584,256,0,False
FAR52_0462,52.241-9,241,train,3712,256,0,False
FAR52_0462,52.241-9,241,train,3840,256,0,False
FAR52_0462,52.241-9,241,train,3968,256,0,False
FAR52_0462,52.241-9,241,train,4096,256,0,False
FAR52_0462,52.241-9,241,train,4224,256,0,False
FAR52_0462,52.241-9,241,train,4352,256,0,False
FAR52_0462,52.241-9,241,train,4480,256,0,False
FAR52_0462,52.241-9,241,train,4608,256,0,False
FAR52_0462,52.241-9,241,train,4736,256,0,False
FAR52_0462,52.241-9,241,train,4864,256,0,False
FAR52_0462,52.241-9,241,train,4992,256,0,False
FAR52_0462,52.241-9,241,train,5120,256,0,False
FAR52_0462,52.241-9,241,train,5248,256,0,False
FAR52_0462,52.241-9,241,train,5376,256,0,False
FAR52_0462,52.241-9,241,train,5504,256,0,False
FAR52_0462,52.241-9,241,train,5632,256,0,False
FAR52_0462,52.241-9,241,train,5760,256,0,False
FAR52_0462,52.241-9,241,train,5888,256,0,False
FAR52_0462,52.241-9,241,train,6016,256,0,False
FAR52_0462,52.241-9,241,train,6104,256,0,False
FAR52_0462,52.241-9,241,train,6144,216,40,True
FAR52_0462,52.241-9,241,train,6272,88,168,True
FAR52_0463,52.241-10,241,validation,0,256,0,False
FAR52_0463,52.241-10,241,validation,128,256,0,False
FAR52_0463,52.241-10,241,validation,256,256,0,False
FAR52_0463,52.241-10,241,validation,384,256,0,False
FAR52_0463,52.241-10,241,validation,512,256,0,False
FAR52_0463,52.241-10,241,validation,640,256,0,False
FAR52_0463,52.241-10,241,validation,768,256,0,False
FAR52_0463,52.241-10,241,validation,896,256,0,False
FAR52_0463,52.241-10,241,validation,1024,256,0,False
FAR52_0463,52.241-10,241,validation,1152,256,0,False
FAR52_0463,52.241-10,241,validation,1280,256,0,False
FAR52_0463,52.241-10,241,validation,1406,256,0,False
FAR52_0463,52.241-10,241,validation,1408,254,2,True
FAR52_0463,52.241-10,241,validation,1536,126,130,True
FAR52_0464,52.241-11,241,train,0,256,0,False
FAR52_0464,52.241-11,241,train,128,256,0,False
FAR52_0464,52.241-11,241,train,256,256,0,False
FAR52_0464,52.241-11,241,train,384,256,0,False
FAR52_0464,52.241-11,241,train,512,256,0,False
FAR52_0464,52.241-11,241,train,640,256,0,False
FAR52_0464,52.241-11,241,train,655,256,0,False
FAR52_0464,52.241-11,241,train,768,143,113,True
FAR52_0464,52.241-11,241,train,896,15,241,True
FAR52_0465,52.241-12,241,train,0,256,0,False
FAR52_0465,52.241-12,241,train,128,256,0,False
FAR52_0465,52.241-12,241,train,256,256,0,False
FAR52_0465,52.241-12,241,train,384,256,0,False
FAR52_0465,52.241-12,241,train,493,256,0,False
FAR52_0465,52.241-12,241,train,512,237,19,True
FAR52_0465,52.241-12,241,train,640,109,147,True
FAR52_0466,52.241-13,241,train,0,256,0,False
FAR52_0466,52.241-13,241,train,128,256,0,False
FAR52_0466,52.241-13,241,train,256,256,0,False
FAR52_0466,52.241-13,241,train,384,256,0,False
FAR52_0466,52.241-13,241,train,512,256,0,False
FAR52_0466,52.241-13,241,train,640,256,0,False
FAR52_0466,52.241-13,241,train,768,256,0,False
FAR52_0466,52.241-13,241,train,855,256,0,False
FAR52_0466,52.241-13,241,train,896,215,41,True
FAR52_0466,52.241-13,241,train,1024,87,169,True
FAR52_0467,52.242-1,242,train,0,256,0,False
FAR52_0467,52.242-1,242,train,128,256,0,False
FAR52_0467,52.242-1,242,train,256,256,0,False
FAR52_0467,52.242-1,242,train,384,256,0,False
FAR52_0467,52.242-1,242,train,512,256,0,False
FAR52_0467,52.242-1,242,train,640,256,0,False
FAR52_0467,52.242-1,242,train,768,256,0,False
FAR52_0467,52.242-1,242,train,896,256,0,False
FAR52_0467,52.242-1,242,train,929,256,0,False
FAR52_0467,52.242-1,242,train,1024,161,95,True
FAR52_0467,52.242-1,242,train,1152,33,223,True
FAR52_0468,52.242-2,242,train,0,256,0,False
FAR52_0468,52.242-2,242,train,128,256,0,False
FAR52_0468,52.242-2,242,train,256,256,0,False
FAR52_0468,52.242-2,242,train,275,256,0,False
FAR52_0468,52.242-2,242,train,384,147,109,True
FAR52_0468,52.242-2,242,train,512,19,237,True
FAR52_0469,52.242-3,242,train,0,256,0,False
FAR52_0469,52.242-3,242,train,128,256,0,False
FAR52_0469,52.242-3,242,train,256,256,0,False
FAR52_0469,52.242-3,242,train,384,256,0,False
FAR52_0469,52.242-3,242,train,512,256,0,False
FAR52_0469,52.242-3,242,train,640,256,0,False
FAR52_0469,52.242-3,242,train,768,256,0,False
FAR52_0469,52.242-3,242,train,896,256,0,False
FAR52_0469,52.242-3,242,train,1024,256,0,False
FAR52_0469,52.242-3,242,train,1152,256,0,False
FAR52_0469,52.242-3,242,train,1280,256,0,False
FAR52_0469,52.242-3,242,train,1408,256,0,False
FAR52_0469,52.242-3,242,train,1536,256,0,False
FAR52_0469,52.242-3,242,train,1664,256,0,False
FAR52_0469,52.242-3,242,train,1792,256,0,False
FAR52_0469,52.242-3,242,train,1920,256,0,False
FAR52_0469,52.242-3,242,train,2048,256,0,False
FAR52_0469,52.242-3,242,train,2176,256,0,False
FAR52_0469,52.242-3,242,train,2304,256,0,False
FAR52_0469,52.242-3,242,train,2350,256,0,False
FAR52_0469,52.242-3,242,train,2432,174,82,True
FAR52_0469,52.242-3,242,train,2560,46,210,True
FAR52_0470,52.242-4,242,validation,0,256,0,False
FAR52_0470,52.242-4,242,validation,128,256,0,False
FAR52_0470,52.242-4,242,validation,256,256,0,False
FAR52_0470,52.242-4,242,validation,384,256,0,False
FAR52_0470,52.242-4,242,validation,512,256,0,False
FAR52_0470,52.242-4,242,validation,640,256,0,False
FAR52_0470,52.242-4,242,validation,768,256,0,False
FAR52_0470,52.242-4,242,validation,896,256,0,False
FAR52_0470,52.242-4,242,validation,1024,256,0,False
FAR52_0470,52.242-4,242,validation,1152,256,0,False
FAR52_0470,52.242-4,242,validation,1280,256,0,False
FAR52_0470,52.242-4,242,validation,1408,256,0,False
FAR52_0470,52.242-4,242,validation,1466,256,0,False
FAR52_0470,52.242-4,242,validation,1536,186,70,True
FAR52_0470,52.242-4,242,validation,1664,58,198,True
FAR52_0471,52.242-5,242,train,0,256,0,False
FAR52_0471,52.242-5,242,train,128,256,0,False
FAR52_0471,52.242-5,242,train,256,256,0,False
FAR52_0471,52.242-5,242,train,384,256,0,False
FAR52_0471,52.242-5,242,train,512,256,0,False
FAR52_0471,52.242-5,242,train,640,256,0,False
FAR52_0471,52.242-5,242,train,768,256,0,False
FAR52_0471,52.242-5,242,train,896,256,0,False
FAR52_0471,52.242-5,242,train,926,256,0,False
FAR52_0471,52.242-5,242,train,1024,158,98,True
FAR52_0471,52.242-5,242,train,1152,30,226,True
FAR52_0472,52.242-13,242,train,0,256,0,False
FAR52_0472,52.242-13,242,train,128,256,0,False
FAR52_0472,52.242-13,242,train,256,256,0,False
FAR52_0472,52.242-13,242,train,384,256,0,False
FAR52_0472,52.242-13,242,train,512,256,0,False
FAR52_0472,52.242-13,242,train,640,256,0,False
FAR52_0472,52.242-13,242,train,687,256,0,False
FAR52_0472,52.242-13,242,train,768,175,81,True
FAR52_0472,52.242-13,242,train,896,47,209,True
FAR52_0473,52.242-14,242,train,0,256,0,False
FAR52_0473,52.242-14,242,train,128,256,0,False
FAR52_0473,52.242-14,242,train,256,256,0,False
FAR52_0473,52.242-14,242,train,384,256,0,False
FAR52_0473,52.242-14,242,train,512,256,0,False
FAR52_0473,52.242-14,242,train,640,256,0,False
FAR52_0473,52.242-14,242,train,768,256,0,False
FAR52_0473,52.242-14,242,train,896,256,0,False
FAR52_0473,52.242-14,242,train,1024,256,0,False
FAR52_0473,52.242-14,242,train,1152,256,0,False
FAR52_0473,52.242-14,242,train,1280,256,0,False
FAR52_0473,52.242-14,242,train,1408,256,0,False
FAR52_0473,52.242-14,242,train,1536,256,0,False
FAR52_0473,52.242-14,242,train,1664,256,0,False
FAR52_0473,52.242-14,242,train,1726,256,0,False
FAR52_0473,52.242-14,242,train,1792,190,66,True
FAR52_0473,52.242-14,242,train,1920,62,194,True
FAR52_0474,52.242-15,242,test,0,256,0,False
FAR52_0474,52.242-15,242,test,128,256,0,False
FAR52_0474,52.242-15,242,test,256,256,0,False
FAR52_0474,52.242-15,242,test,384,256,0,False
FAR52_0474,52.242-15,242,test,512,256,0,False
FAR52_0474,52.242-15,242,test,640,256,0,False
FAR52_0474,52.242-15,242,test,768,256,0,False
FAR52_0474,52.242-15,242,test,896,256,0,False
FAR52_0474,52.242-15,242,test,1024,256,0,False
FAR52_0474,52.242-15,242,test,1152,256,0,False
FAR52_0474,52.242-15,242,test,1280,256,0,False
FAR52_0474,52.242-15,242,test,1408,256,0,False
FAR52_0474,52.242-15,242,test,1536,256,0,False
FAR52_0474,52.242-15,242,test,1664,256,0,False
FAR52_0474,52.242-15,242,test,1792,256,0,False
FAR52_0474,52.242-15,242,test,1920,256,0,False
FAR52_0474,52.242-15,242,test,2048,256,0,False
FAR52_0474,52.242-15,242,test,2176,256,0,False
FAR52_0474,52.242-15,242,test,2304,256,0,False
FAR52_0474,52.242-15,242,test,2432,256,0,False
FAR52_0474,52.242-15,242,test,2560,256,0,False
FAR52_0474,52.242-15,242,test,2688,256,0,False
FAR52_0474,52.242-15,242,test,2816,256,0,False
FAR52_0474,52.242-15,242,test,2842,256,0,False
FAR52_0474,52.242-15,242,test,2944,154,102,True
FAR52_0474,52.242-15,242,test,3072,26,230,True
FAR52_0475,52.242-17,242,train,0,256,0,False
FAR52_0475,52.242-17,242,train,128,256,0,False
FAR52_0475,52.242-17,242,train,256,256,0,False
FAR52_0475,52.242-17,242,train,384,256,0,False
FAR52_0475,52.242-17,242,train,512,256,0,False
FAR52_0475,52.242-17,242,train,640,256,0,False
FAR52_0475,52.242-17,242,train,768,256,0,False
FAR52_0475,52.242-17,242,train,896,256,0,False
FAR52_0475,52.242-17,242,train,1024,256,0,False
FAR52_0475,52.242-17,242,train,1152,256,0,False
FAR52_0475,52.242-17,242,train,1280,256,0,False
FAR52_0475,52.242-17,242,train,1380,256,0,False
FAR52_0475,52.242-17,242,train,1408,228,28,True
FAR52_0475,52.242-17,242,train,1536,100,156,True
FAR52_0476,52.243-1,243,train,0,256,0,False
FAR52_0476,52.243-1,243,train,128,256,0,False
FAR52_0476,52.243-1,243,train,256,256,0,False
FAR52_0476,52.243-1,243,train,384,256,0,False
FAR52_0476,52.243-1,243,train,512,256,0,False
FAR52_0476,52.243-1,243,train,640,256,0,False
FAR52_0476,52.243-1,243,train,768,256,0,False
FAR52_0476,52.243-1,243,train,896,256,0,False
FAR52_0476,52.243-1,243,train,1024,256,0,False
FAR52_0476,52.243-1,243,train,1152,256,0,False
FAR52_0476,52.243-1,243,train,1280,256,0,False
FAR52_0476,52.243-1,243,train,1408,256,0,False
FAR52_0476,52.243-1,243,train,1536,256,0,False
FAR52_0476,52.243-1,243,train,1664,256,0,False
FAR52_0476,52.243-1,243,train,1792,256,0,False
FAR52_0476,52.243-1,243,train,1920,256,0,False
FAR52_0476,52.243-1,243,train,2048,256,0,False
FAR52_0476,52.243-1,243,train,2176,256,0,False
FAR52_0476,52.243-1,243,train,2304,256,0,False
FAR52_0476,52.243-1,243,train,2432,256,0,False
FAR52_0476,52.243-1,243,train,2560,256,0,False
FAR52_0476,52.243-1,243,train,2688,256,0,False
FAR52_0476,52.243-1,243,train,2816,256,0,False
FAR52_0476,52.243-1,243,train,2944,256,0,False
FAR52_0476,52.243-1,243,train,3072,256,0,False
FAR52_0476,52.243-1,243,train,3200,256,0,False
FAR52_0476,52.243-1,243,train,3328,256,0,False
FAR52_0476,52.243-1,243,train,3456,256,0,False
FAR52_0476,52.243-1,243,train,3584,256,0,False
FAR52_0476,52.243-1,243,train,3712,256,0,False
FAR52_0476,52.243-1,243,train,3840,256,0,False
FAR52_0476,52.243-1,243,train,3968,256,0,False
FAR52_0476,52.243-1,243,train,4096,256,0,False
FAR52_0476,52.243-1,243,train,4224,256,0,False
FAR52_0476,52.243-1,243,train,4352,256,0,False
FAR52_0476,52.243-1,243,train,4480,256,0,False
FAR52_0476,52.243-1,243,train,4608,256,0,False
FAR52_0476,52.243-1,243,train,4736,256,0,False
FAR52_0476,52.243-1,243,train,4738,256,0,False
FAR52_0476,52.243-1,243,train,4864,130,126,True
FAR52_0476,52.243-1,243,train,4992,2,254,True
FAR52_0477,52.243-2,243,train,0,256,0,False
FAR52_0477,52.243-2,243,train,128,256,0,False
FAR52_0477,52.243-2,243,train,256,256,0,False
FAR52_0477,52.243-2,243,train,384,256,0,False
FAR52_0477,52.243-2,243,train,512,256,0,False
FAR52_0477,52.243-2,243,train,640,256,0,False
FAR52_0477,52.243-2,243,train,768,256,0,False
FAR52_0477,52.243-2,243,train,896,256,0,False
FAR52_0477,52.243-2,243,train,1024,256,0,False
FAR52_0477,52.243-2,243,train,1152,256,0,False
FAR52_0477,52.243-2,243,train,1280,256,0,False
FAR52_0477,52.243-2,243,train,1408,256,0,False
FAR52_0477,52.243-2,243,train,1536,256,0,False
FAR52_0477,52.243-2,243,train,1664,256,0,False
FAR52_0477,52.243-2,243,train,1792,256,0,False
FAR52_0477,52.243-2,243,train,1920,256,0,False
FAR52_0477,52.243-2,243,train,2048,256,0,False
FAR52_0477,52.243-2,243,train,2176,256,0,False
FAR52_0477,52.243-2,243,train,2304,256,0,False
FAR52_0477,52.243-2,243,train,2432,256,0,False
FAR52_0477,52.243-2,243,train,2560,256,0,False
FAR52_0477,52.243-2,243,train,2688,256,0,False
FAR52_0477,52.243-2,243,train,2816,256,0,False
FAR52_0477,52.243-2,243,train,2944,256,0,False
FAR52_0477,52.243-2,243,train,3072,256,0,False
FAR52_0477,52.243-2,243,train,3200,256,0,False
FAR52_0477,52.243-2,243,train,3328,256,0,False
FAR52_0477,52.243-2,243,train,3456,256,0,False
FAR52_0477,52.243-2,243,train,3584,256,0,False
FAR52_0477,52.243-2,243,train,3712,256,0,False
FAR52_0477,52.243-2,243,train,3840,256,0,False
FAR52_0477,52.243-2,243,train,3968,256,0,False
FAR52_0477,52.243-2,243,train,4096,256,0,False
FAR52_0477,52.243-2,243,train,4151,256,0,False
FAR52_0477,52.243-2,243,train,4224,183,73,True
FAR52_0477,52.243-2,243,train,4352,55,201,True
FAR52_0478,52.243-3,243,train,0,256,0,False
FAR52_0478,52.243-3,243,train,128,256,0,False
FAR52_0478,52.243-3,243,train,256,256,0,False
FAR52_0478,52.243-3,243,train,384,256,0,False
FAR52_0478,52.243-3,243,train,512,256,0,False
FAR52_0478,52.243-3,243,train,640,256,0,False
FAR52_0478,52.243-3,243,train,768,256,0,False
FAR52_0478,52.243-3,243,train,896,256,0,False
FAR52_0478,52.243-3,243,train,1024,256,0,False
FAR52_0478,52.243-3,243,train,1152,256,0,False
FAR52_0478,52.243-3,243,train,1280,256,0,False
FAR52_0478,52.243-3,243,train,1408,256,0,False
FAR52_0478,52.243-3,243,train,1536,256,0,False
FAR52_0478,52.243-3,243,train,1590,256,0,False
FAR52_0478,52.243-3,243,train,1664,182,74,True
FAR52_0478,52.243-3,243,train,1792,54,202,True
FAR52_0479,52.243-4,243,train,0,256,0,False
FAR52_0479,52.243-4,243,train,128,256,0,False
FAR52_0479,52.243-4,243,train,256,256,0,False
FAR52_0479,52.243-4,243,train,384,256,0,False
FAR52_0479,52.243-4,243,train,512,256,0,False
FAR52_0479,52.243-4,243,train,640,256,0,False
FAR52_0479,52.243-4,243,train,768,256,0,False
FAR52_0479,52.243-4,243,train,896,256,0,False
FAR52_0479,52.243-4,243,train,1024,256,0,False
FAR52_0479,52.243-4,243,train,1152,256,0,False
FAR52_0479,52.243-4,243,train,1280,256,0,False
FAR52_0479,52.243-4,243,train,1408,256,0,False
FAR52_0479,52.243-4,243,train,1536,256,0,False
FAR52_0479,52.243-4,243,train,1664,256,0,False
FAR52_0479,52.243-4,243,train,1792,256,0,False
FAR52_0479,52.243-4,243,train,1920,256,0,False
FAR52_0479,52.243-4,243,train,2048,256,0,False
FAR52_0479,52.243-4,243,train,2176,256,0,False
FAR52_0479,52.243-4,243,train,2304,256,0,False
FAR52_0479,52.243-4,243,train,2432,256,0,False
FAR52_0479,52.243-4,243,train,2491,256,0,False
FAR52_0479,52.243-4,243,train,2560,187,69,True
FAR52_0479,52.243-4,243,train,2688,59,197,True
FAR52_0480,52.243-5,243,train,0,256,0,False
FAR52_0480,52.243-5,243,train,128,256,0,False
FAR52_0480,52.243-5,243,train,256,256,0,False
FAR52_0480,52.243-5,243,train,384,256,0,False
FAR52_0480,52.243-5,243,train,512,256,0,False
FAR52_0480,52.243-5,243,train,640,256,0,False
FAR52_0480,52.243-5,243,train,768,256,0,False
FAR52_0480,52.243-5,243,train,896,256,0,False
FAR52_0480,52.243-5,243,train,1024,256,0,False
FAR52_0480,52.243-5,243,train,1029,256,0,False
FAR52_0480,52.243-5,243,train,1152,133,123,True
FAR52_0480,52.243-5,243,train,1280,5,251,True
FAR52_0481,52.243-6,243,train,0,256,0,False
FAR52_0481,52.243-6,243,train,128,256,0,False
FAR52_0481,52.243-6,243,train,256,256,0,False
FAR52_0481,52.243-6,243,train,384,256,0,False
FAR52_0481,52.243-6,243,train,512,256,0,False
FAR52_0481,52.243-6,243,train,592,256,0,False
FAR52_0481,52.243-6,243,train,640,208,48,True
FAR52_0481,52.243-6,243,train,768,80,176,True
FAR52_0482,52.243-7,243,validation,0,256,0,False
FAR52_0482,52.243-7,243,validation,128,256,0,False
FAR52_0482,52.243-7,243,validation,256,256,0,False
FAR52_0482,52.243-7,243,validation,384,256,0,False
FAR52_0482,52.243-7,243,validation,512,256,0,False
FAR52_0482,52.243-7,243,validation,640,256,0,False
FAR52_0482,52.243-7,243,validation,768,256,0,False
FAR52_0482,52.243-7,243,validation,896,256,0,False
FAR52_0482,52.243-7,243,validation,1024,256,0,False
FAR52_0482,52.243-7,243,validation,1152,256,0,False
FAR52_0482,52.243-7,243,validation,1280,256,0,False
FAR52_0482,52.243-7,243,validation,1408,256,0,False
FAR52_0482,52.243-7,243,validation,1536,256,0,False
FAR52_0482,52.243-7,243,validation,1664,256,0,False
FAR52_0482,52.243-7,243,validation,1792,256,0,False
FAR52_0482,52.243-7,243,validation,1920,256,0,False
FAR52_0482,52.243-7,243,validation,2048,256,0,False
FAR52_0482,52.243-7,243,validation,2176,256,0,False
FAR52_0482,52.243-7,243,validation,2304,256,0,False
FAR52_0482,52.243-7,243,validation,2432,256,0,False
FAR52_0482,52.243-7,243,validation,2560,256,0,False
FAR52_0482,52.243-7,243,validation,2688,256,0,False
FAR52_0482,52.243-7,243,validation,2816,256,0,False
FAR52_0482,52.243-7,243,validation,2944,256,0,False
FAR52_0482,52.243-7,243,validation,3072,256,0,False
FAR52_0482,52.243-7,243,validation,3200,256,0,False
FAR52_0482,52.243-7,243,validation,3328,256,0,False
FAR52_0482,52.243-7,243,validation,3456,256,0,False
FAR52_0482,52.243-7,243,validation,3584,256,0,False
FAR52_0482,52.243-7,243,validation,3712,256,0,False
FAR52_0482,52.243-7,243,validation,3840,256,0,False
FAR52_0482,52.243-7,243,validation,3968,256,0,False
FAR52_0482,52.243-7,243,validation,4096,256,0,False
FAR52_0482,52.243-7,243,validation,4224,256,0,False
FAR52_0482,52.243-7,243,validation,4352,256,0,False
FAR52_0482,52.243-7,243,validation,4480,256,0,False
FAR52_0482,52.243-7,243,validation,4608,256,0,False
FAR52_0482,52.243-7,243,validation,4736,256,0,False
FAR52_0482,52.243-7,243,validation,4864,256,0,False
FAR52_0482,52.243-7,243,validation,4992,256,0,False
FAR52_0482,52.243-7,243,validation,5120,256,0,False
FAR52_0482,52.243-7,243,validation,5248,256,0,False
FAR52_0482,52.243-7,243,validation,5376,256,0,False
FAR52_0482,52.243-7,243,validation,5504,256,0,False
FAR52_0482,52.243-7,243,validation,5632,256,0,False
FAR52_0482,52.243-7,243,validation,5760,256,0,False
FAR52_0482,52.243-7,243,validation,5816,256,0,False
FAR52_0482,52.243-7,243,validation,5888,184,72,True
FAR52_0482,52.243-7,243,validation,6016,56,200,True
FAR52_0483,52.244-2,244,train,0,256,0,False
FAR52_0483,52.244-2,244,train,128,256,0,False
FAR52_0483,52.244-2,244,train,256,256,0,False
FAR52_0483,52.244-2,244,train,384,256,0,False
FAR52_0483,52.244-2,244,train,512,256,0,False
FAR52_0483,52.244-2,244,train,640,256,0,False
FAR52_0483,52.244-2,244,train,768,256,0,False
FAR52_0483,52.244-2,244,train,896,256,0,False
FAR52_0483,52.244-2,244,train,1024,256,0,False
FAR52_0483,52.244-2,244,train,1152,256,0,False
FAR52_0483,52.244-2,244,train,1280,256,0,False
FAR52_0483,52.244-2,244,train,1408,256,0,False
FAR52_0483,52.244-2,244,train,1536,256,0,False
FAR52_0483,52.244-2,244,train,1664,256,0,False
FAR52_0483,52.244-2,244,train,1792,256,0,False
FAR52_0483,52.244-2,244,train,1920,256,0,False
FAR52_0483,52.244-2,244,train,2048,256,0,False
FAR52_0483,52.244-2,244,train,2176,256,0,False
FAR52_0483,52.244-2,244,train,2304,256,0,False
FAR52_0483,52.244-2,244,train,2432,256,0,False
FAR52_0483,52.244-2,244,train,2560,256,0,False
FAR52_0483,52.244-2,244,train,2688,256,0,False
FAR52_0483,52.244-2,244,train,2816,256,0,False
FAR52_0483,52.244-2,244,train,2944,256,0,False
FAR52_0483,52.244-2,244,train,3072,256,0,False
FAR52_0483,52.244-2,244,train,3200,256,0,False
FAR52_0483,52.244-2,244,train,3328,256,0,False
FAR52_0483,52.244-2,244,train,3456,256,0,False
FAR52_0483,52.244-2,244,train,3584,256,0,False
FAR52_0483,52.244-2,244,train,3712,256,0,False
FAR52_0483,52.244-2,244,train,3840,256,0,False
FAR52_0483,52.244-2,244,train,3968,256,0,False
FAR52_0483,52.244-2,244,train,4096,256,0,False
FAR52_0483,52.244-2,244,train,4224,256,0,False
FAR52_0483,52.244-2,244,train,4352,256,0,False
FAR52_0483,52.244-2,244,train,4480,256,0,False
FAR52_0483,52.244-2,244,train,4608,256,0,False
FAR52_0483,52.244-2,244,train,4736,256,0,False
FAR52_0483,52.244-2,244,train,4864,256,0,False
FAR52_0483,52.244-2,244,train,4992,256,0,False
FAR52_0483,52.244-2,244,train,5120,256,0,False
FAR52_0483,52.244-2,244,train,5248,256,0,False
FAR52_0483,52.244-2,244,train,5376,256,0,False
FAR52_0483,52.244-2,244,train,5504,256,0,False
FAR52_0483,52.244-2,244,train,5632,256,0,False
FAR52_0483,52.244-2,244,train,5760,256,0,False
FAR52_0483,52.244-2,244,train,5888,256,0,False
FAR52_0483,52.244-2,244,train,6016,256,0,False
FAR52_0483,52.244-2,244,train,6144,256,0,False
FAR52_0483,52.244-2,244,train,6186,256,0,False
FAR52_0483,52.244-2,244,train,6272,170,86,True
FAR52_0483,52.244-2,244,train,6400,42,214,True
FAR52_0484,52.244-4,244,train,0,256,0,False
FAR52_0484,52.244-4,244,train,128,256,0,False
FAR52_0484,52.244-4,244,train,256,256,0,False
FAR52_0484,52.244-4,244,train,384,256,0,False
FAR52_0484,52.244-4,244,train,411,256,0,False
FAR52_0484,52.244-4,244,train,512,155,101,True
FAR52_0484,52.244-4,244,train,640,27,229,True
FAR52_0485,52.244-5,244,test,0,256,0,False
FAR52_0485,52.244-5,244,test,128,256,0,False
FAR52_0485,52.244-5,244,test,256,256,0,False
FAR52_0485,52.244-5,244,test,288,256,0,False
FAR52_0485,52.244-5,244,test,384,160,96,True
FAR52_0485,52.244-5,244,test,512,32,224,True
FAR52_0486,52.244-6,244,train,0,256,0,False
FAR52_0486,52.244-6,244,train,128,256,0,False
FAR52_0486,52.244-6,244,train,256,256,0,False
FAR52_0486,52.244-6,244,train,384,256,0,False
FAR52_0486,52.244-6,244,train,512,256,0,False
FAR52_0486,52.244-6,244,train,640,256,0,False
FAR52_0486,52.244-6,244,train,768,256,0,False
FAR52_0486,52.244-6,244,train,896,256,0,False
FAR52_0486,52.244-6,244,train,1024,256,0,False
FAR52_0486,52.244-6,244,train,1152,256,0,False
FAR52_0486,52.244-6,244,train,1280,256,0,False
FAR52_0486,52.244-6,244,train,1408,256,0,False
FAR52_0486,52.244-6,244,train,1536,256,0,False
FAR52_0486,52.244-6,244,train,1664,256,0,False
FAR52_0486,52.244-6,244,train,1792,256,0,False
FAR52_0486,52.244-6,244,train,1920,256,0,False
FAR52_0486,52.244-6,244,train,2048,256,0,False
FAR52_0486,52.244-6,244,train,2176,256,0,False
FAR52_0486,52.244-6,244,train,2304,256,0,False
FAR52_0486,52.244-6,244,train,2432,256,0,False
FAR52_0486,52.244-6,244,train,2560,256,0,False
FAR52_0486,52.244-6,244,train,2688,256,0,False
FAR52_0486,52.244-6,244,train,2816,256,0,False
FAR52_0486,52.244-6,244,train,2944,256,0,False
FAR52_0486,52.244-6,244,train,3072,256,0,False
FAR52_0486,52.244-6,244,train,3200,256,0,False
FAR52_0486,52.244-6,244,train,3328,256,0,False
FAR52_0486,52.244-6,244,train,3456,256,0,False
FAR52_0486,52.244-6,244,train,3584,256,0,False
FAR52_0486,52.244-6,244,train,3712,256,0,False
FAR52_0486,52.244-6,244,train,3840,256,0,False
FAR52_0486,52.244-6,244,train,3968,256,0,False
FAR52_0486,52.244-6,244,train,4096,256,0,False
FAR52_0486,52.244-6,244,train,4224,256,0,False
FAR52_0486,52.244-6,244,train,4352,256,0,False
FAR52_0486,52.244-6,244,train,4480,256,0,False
FAR52_0486,52.244-6,244,train,4608,256,0,False
FAR52_0486,52.244-6,244,train,4736,256,0,False
FAR52_0486,52.244-6,244,train,4864,256,0,False
FAR52_0486,52.244-6,244,train,4992,256,0,False
FAR52_0486,52.244-6,244,train,5120,256,0,False
FAR52_0486,52.244-6,244,train,5248,256,0,False
FAR52_0486,52.244-6,244,train,5376,256,0,False
FAR52_0486,52.244-6,244,train,5504,256,0,False
FAR52_0486,52.244-6,244,train,5632,256,0,False
FAR52_0486,52.244-6,244,train,5649,256,0,False
FAR52_0486,52.244-6,244,train,5760,145,111,True
FAR52_0486,52.244-6,244,train,5888,17,239,True
FAR52_0487,52.245-1,245,train,0,256,0,False
FAR52_0487,52.245-1,245,train,512,256,0,False
FAR52_0487,52.245-1,245,train,1024,256,0,False
FAR52_0487,52.245-1,245,train,1664,256,0,False
FAR52_0487,52.245-1,245,train,2176,256,0,False
FAR52_0487,52.245-1,245,train,2816,256,0,False
FAR52_0487,52.245-1,245,train,3328,256,0,False
FAR52_0487,52.245-1,245,train,3968,256,0,False
FAR52_0487,52.245-1,245,train,4480,256,0,False
FAR52_0487,52.245-1,245,train,4992,256,0,False
FAR52_0487,52.245-1,245,train,5632,256,0,False
FAR52_0487,52.245-1,245,train,6144,256,0,False
FAR52_0487,52.245-1,245,train,6784,256,0,False
FAR52_0487,52.245-1,245,train,7296,256,0,False
FAR52_0487,52.245-1,245,train,7936,256,0,False
FAR52_0487,52.245-1,245,train,8448,256,0,False
FAR52_0487,52.245-1,245,train,8960,256,0,False
FAR52_0487,52.245-1,245,train,9600,256,0,False
FAR52_0487,52.245-1,245,train,10112,256,0,False
FAR52_0487,52.245-1,245,train,10752,256,0,False
FAR52_0487,52.245-1,245,train,11264,256,0,False
FAR52_0487,52.245-1,245,train,11904,256,0,False
FAR52_0487,52.245-1,245,train,12416,256,0,False
FAR52_0487,52.245-1,245,train,12928,256,0,False
FAR52_0487,52.245-1,245,train,13568,256,0,False
FAR52_0487,52.245-1,245,train,14080,256,0,False
FAR52_0487,52.245-1,245,train,14720,256,0,False
FAR52_0487,52.245-1,245,train,15232,256,0,False
FAR52_0487,52.245-1,245,train,15872,256,0,False
FAR52_0487,52.245-1,245,train,16384,256,0,False
FAR52_0487,52.245-1,245,train,16896,256,0,False
FAR52_0487,52.245-1,245,train,17536,256,0,False
FAR52_0487,52.245-1,245,train,18048,256,0,False
FAR52_0487,52.245-1,245,train,18688,256,0,False
FAR52_0487,52.245-1,245,train,19200,256,0,False
FAR52_0487,52.245-1,245,train,19840,256,0,False
FAR52_0487,52.245-1,245,train,20352,256,0,False
FAR52_0487,52.245-1,245,train,20864,256,0,False
FAR52_0487,52.245-1,245,train,21504,256,0,False
FAR52_0487,52.245-1,245,train,22016,256,0,False
FAR52_0487,52.245-1,245,train,22656,256,0,False
FAR52_0487,52.245-1,245,train,23168,256,0,False
FAR52_0487,52.245-1,245,train,23808,256,0,False
FAR52_0487,52.245-1,245,train,24320,256,0,False
FAR52_0487,52.245-1,245,train,24832,256,0,False
FAR52_0487,52.245-1,245,train,25472,256,0,False
FAR52_0487,52.245-1,245,train,25984,256,0,False
FAR52_0487,52.245-1,245,train,26624,256,0,False
FAR52_0487,52.245-1,245,train,27136,256,0,False
FAR52_0487,52.245-1,245,train,27776,256,0,False
FAR52_0487,52.245-1,245,train,28288,256,0,False
FAR52_0487,52.245-1,245,train,28800,256,0,False
FAR52_0487,52.245-1,245,train,29440,256,0,False
FAR52_0487,52.245-1,245,train,29952,256,0,False
FAR52_0487,52.245-1,245,train,30592,256,0,False
FAR52_0487,52.245-1,245,train,31104,256,0,False
FAR52_0487,52.245-1,245,train,31744,256,0,False
FAR52_0487,52.245-1,245,train,32256,256,0,False
FAR52_0487,52.245-1,245,train,32768,256,0,False
FAR52_0487,52.245-1,245,train,33408,256,0,False
FAR52_0487,52.245-1,245,train,33920,256,0,False
FAR52_0487,52.245-1,245,train,34560,256,0,False
FAR52_0487,52.245-1,245,train,35072,256,0,False
FAR52_0487,52.245-1,245,train,35584,24,232,True
FAR52_0488,52.245-2,245,train,0,256,0,False
FAR52_0488,52.245-2,245,train,128,256,0,False
FAR52_0488,52.245-2,245,train,256,256,0,False
FAR52_0488,52.245-2,245,train,384,256,0,False
FAR52_0488,52.245-2,245,train,512,256,0,False
FAR52_0488,52.245-2,245,train,640,256,0,False
FAR52_0488,52.245-2,245,train,768,256,0,False
FAR52_0488,52.245-2,245,train,896,256,0,False
FAR52_0488,52.245-2,245,train,1024,256,0,False
FAR52_0488,52.245-2,245,train,1152,256,0,False
FAR52_0488,52.245-2,245,train,1280,256,0,False
FAR52_0488,52.245-2,245,train,1337,256,0,False
FAR52_0488,52.245-2,245,train,1408,185,71,True
FAR52_0488,52.245-2,245,train,1536,57,199,True
FAR52_0489,52.245-9,245,train,0,256,0,False
FAR52_0489,52.245-9,245,train,128,256,0,False
FAR52_0489,52.245-9,245,train,256,256,0,False
FAR52_0489,52.245-9,245,train,384,256,0,False
FAR52_0489,52.245-9,245,train,512,256,0,False
FAR52_0489,52.245-9,245,train,640,256,0,False
FAR52_0489,52.245-9,245,train,768,256,0,False
FAR52_0489,52.245-9,245,train,896,256,0,False
FAR52_0489,52.245-9,245,train,1024,256,0,False
FAR52_0489,52.245-9,245,train,1152,256,0,False
FAR52_0489,52.245-9,245,train,1280,256,0,False
FAR52_0489,52.245-9,245,train,1408,256,0,False
FAR52_0489,52.245-9,245,train,1536,256,0,False
FAR52_0489,52.245-9,245,train,1664,256,0,False
FAR52_0489,52.245-9,245,train,1792,256,0,False
FAR52_0489,52.245-9,245,train,1920,256,0,False
FAR52_0489,52.245-9,245,train,2048,256,0,False
FAR52_0489,52.245-9,245,train,2176,256,0,False
FAR52_0489,52.245-9,245,train,2304,256,0,False
FAR52_0489,52.245-9,245,train,2432,256,0,False
FAR52_0489,52.245-9,245,train,2560,256,0,False
FAR52_0489,52.245-9,245,train,2688,256,0,False
FAR52_0489,52.245-9,245,train,2816,256,0,False
FAR52_0489,52.245-9,245,train,2944,256,0,False
FAR52_0489,52.245-9,245,train,3072,256,0,False
FAR52_0489,52.245-9,245,train,3200,256,0,False
FAR52_0489,52.245-9,245,train,3328,256,0,False
FAR52_0489,52.245-9,245,train,3456,256,0,False
FAR52_0489,52.245-9,245,train,3584,256,0,False
FAR52_0489,52.245-9,245,train,3712,256,0,False
FAR52_0489,52.245-9,245,train,3840,256,0,False
FAR52_0489,52.245-9,245,train,3968,256,0,False
FAR52_0489,52.245-9,245,train,4096,256,0,False
FAR52_0489,52.245-9,245,train,4224,256,0,False
FAR52_0489,52.245-9,245,train,4352,256,0,False
FAR52_0489,52.245-9,245,train,4480,256,0,False
FAR52_0489,52.245-9,245,train,4608,256,0,False
FAR52_0489,52.245-9,245,train,4736,256,0,False
FAR52_0489,52.245-9,245,train,4864,256,0,False
FAR52_0489,52.245-9,245,train,4992,256,0,False
FAR52_0489,52.245-9,245,train,5120,256,0,False
FAR52_0489,52.245-9,245,train,5248,256,0,False
FAR52_0489,52.245-9,245,train,5376,256,0,False
FAR52_0489,52.245-9,245,train,5504,256,0,False
FAR52_0489,52.245-9,245,train,5632,256,0,False
FAR52_0489,52.245-9,245,train,5760,256,0,False
FAR52_0489,52.245-9,245,train,5888,256,0,False
FAR52_0489,52.245-9,245,train,6016,256,0,False
FAR52_0489,52.245-9,245,train,6119,256,0,False
FAR52_0489,52.245-9,245,train,6144,231,25,True
FAR52_0489,52.245-9,245,train,6272,103,153,True
FAR52_0490,52.246-1,246,train,0,256,0,False
FAR52_0490,52.246-1,246,train,128,256,0,False
FAR52_0490,52.246-1,246,train,256,256,0,False
FAR52_0490,52.246-1,246,train,384,256,0,False
FAR52_0490,52.246-1,246,train,413,256,0,False
FAR52_0490,52.246-1,246,train,512,157,99,True
FAR52_0490,52.246-1,246,train,640,29,227,True
FAR52_0491,52.246-2,246,validation,0,256,0,False
FAR52_0491,52.246-2,246,validation,128,256,0,False
FAR52_0491,52.246-2,246,validation,384,256,0,False
FAR52_0491,52.246-2,246,validation,640,256,0,False
FAR52_0491,52.246-2,246,validation,896,256,0,False
FAR52_0491,52.246-2,246,validation,1024,256,0,False
FAR52_0491,52.246-2,246,validation,1280,256,0,False
FAR52_0491,52.246-2,246,validation,1536,256,0,False
FAR52_0491,52.246-2,246,validation,1792,256,0,False
FAR52_0491,52.246-2,246,validation,2048,256,0,False
FAR52_0491,52.246-2,246,validation,2176,256,0,False
FAR52_0491,52.246-2,246,validation,2432,256,0,False
FAR52_0491,52.246-2,246,validation,2688,256,0,False
FAR52_0491,52.246-2,246,validation,2944,256,0,False
FAR52_0491,52.246-2,246,validation,3072,256,0,False
FAR52_0491,52.246-2,246,validation,3328,256,0,False
FAR52_0491,52.246-2,246,validation,3584,256,0,False
FAR52_0491,52.246-2,246,validation,3840,256,0,False
FAR52_0491,52.246-2,246,validation,4096,256,0,False
FAR52_0491,52.246-2,246,validation,4224,256,0,False
FAR52_0491,52.246-2,246,validation,4480,256,0,False
FAR52_0491,52.246-2,246,validation,4736,256,0,False
FAR52_0491,52.246-2,246,validation,4992,256,0,False
FAR52_0491,52.246-2,246,validation,5120,256,0,False
FAR52_0491,52.246-2,246,validation,5376,256,0,False
FAR52_0491,52.246-2,246,validation,5632,256,0,False
FAR52_0491,52.246-2,246,validation,5888,256,0,False
FAR52_0491,52.246-2,246,validation,6144,256,0,False
FAR52_0491,52.246-2,246,validation,6272,256,0,False
FAR52_0491,52.246-2,246,validation,6528,256,0,False
FAR52_0491,52.246-2,246,validation,6784,256,0,False
FAR52_0491,52.246-2,246,validation,7040,256,0,False
FAR52_0491,52.246-2,246,validation,7168,256,0,False
FAR52_0491,52.246-2,246,validation,7424,256,0,False
FAR52_0491,52.246-2,246,validation,7680,256,0,False
FAR52_0491,52.246-2,246,validation,7936,256,0,False
FAR52_0491,52.246-2,246,validation,8192,256,0,False
FAR52_0491,52.246-2,246,validation,8320,256,0,False
FAR52_0491,52.246-2,246,validation,8576,256,0,False
FAR52_0491,52.246-2,246,validation,8832,256,0,False
FAR52_0491,52.246-2,246,validation,9088,256,0,False
FAR52_0491,52.246-2,246,validation,9216,256,0,False
FAR52_0491,52.246-2,246,validation,9472,256,0,False
FAR52_0491,52.246-2,246,validation,9728,256,0,False
FAR52_0491,52.246-2,246,validation,9984,256,0,False
FAR52_0491,52.246-2,246,validation,10240,256,0,False
FAR52_0491,52.246-2,246,validation,10368,256,0,False
FAR52_0491,52.246-2,246,validation,10624,256,0,False
FAR52_0491,52.246-2,246,validation,10880,256,0,False
FAR52_0491,52.246-2,246,validation,11136,256,0,False
FAR52_0491,52.246-2,246,validation,11264,256,0,False
FAR52_0491,52.246-2,246,validation,11520,256,0,False
FAR52_0491,52.246-2,246,validation,11776,256,0,False
FAR52_0491,52.246-2,246,validation,12032,256,0,False
FAR52_0491,52.246-2,246,validation,12288,256,0,False
FAR52_0491,52.246-2,246,validation,12416,256,0,False
FAR52_0491,52.246-2,246,validation,12672,256,0,False
FAR52_0491,52.246-2,246,validation,12928,256,0,False
FAR52_0491,52.246-2,246,validation,13184,256,0,False
FAR52_0491,52.246-2,246,validation,13312,256,0,False
FAR52_0491,52.246-2,246,validation,13568,256,0,False
FAR52_0491,52.246-2,246,validation,13824,256,0,False
FAR52_0491,52.246-2,246,validation,14058,256,0,False
FAR52_0491,52.246-2,246,validation,14208,106,150,True
FAR52_0492,52.246-3,246,train,0,256,0,False
FAR52_0492,52.246-3,246,train,128,256,0,False
FAR52_0492,52.246-3,246,train,256,256,0,False
FAR52_0492,52.246-3,246,train,384,256,0,False
FAR52_0492,52.246-3,246,train,512,256,0,False
FAR52_0492,52.246-3,246,train,640,256,0,False
FAR52_0492,52.246-3,246,train,768,256,0,False
FAR52_0492,52.246-3,246,train,896,256,0,False
FAR52_0492,52.246-3,246,train,1024,256,0,False
FAR52_0492,52.246-3,246,train,1152,256,0,False
FAR52_0492,52.246-3,246,train,1280,256,0,False
FAR52_0492,52.246-3,246,train,1408,256,0,False
FAR52_0492,52.246-3,246,train,1536,256,0,False
FAR52_0492,52.246-3,246,train,1664,256,0,False
FAR52_0492,52.246-3,246,train,1792,256,0,False
FAR52_0492,52.246-3,246,train,1920,256,0,False
FAR52_0492,52.246-3,246,train,2048,256,0,False
FAR52_0492,52.246-3,246,train,2176,256,0,False
FAR52_0492,52.246-3,246,train,2304,256,0,False
FAR52_0492,52.246-3,246,train,2432,256,0,False
FAR52_0492,52.246-3,246,train,2560,256,0,False
FAR52_0492,52.246-3,246,train,2688,256,0,False
FAR52_0492,52.246-3,246,train,2816,256,0,False
FAR52_0492,52.246-3,246,train,2944,256,0,False
FAR52_0492,52.246-3,246,train,3072,256,0,False
FAR52_0492,52.246-3,246,train,3200,256,0,False
FAR52_0492,52.246-3,246,train,3328,256,0,False
FAR52_0492,52.246-3,246,train,3456,256,0,False
FAR52_0492,52.246-3,246,train,3584,256,0,False
FAR52_0492,52.246-3,246,train,3712,256,0,False
FAR52_0492,52.246-3,246,train,3840,256,0,False
FAR52_0492,52.246-3,246,train,3968,256,0,False
FAR52_0492,52.246-3,246,train,4096,256,0,False
FAR52_0492,52.246-3,246,train,4224,256,0,False
FAR52_0492,52.246-3,246,train,4352,256,0,False
FAR52_0492,52.246-3,246,train,4480,256,0,False
FAR52_0492,52.246-3,246,train,4608,256,0,False
FAR52_0492,52.246-3,246,train,4736,256,0,False
FAR52_0492,52.246-3,246,train,4785,256,0,False
FAR52_0492,52.246-3,246,train,4864,177,79,True
FAR52_0492,52.246-3,246,train,4992,49,207,True
FAR52_0493,52.246-4,246,train,0,256,0,False
FAR52_0493,52.246-4,246,train,128,256,0,False
FAR52_0493,52.246-4,246,train,256,256,0,False
FAR52_0493,52.246-4,246,train,384,256,0,False
FAR52_0493,52.246-4,246,train,512,256,0,False
FAR52_0493,52.246-4,246,train,640,256,0,False
FAR52_0493,52.246-4,246,train,768,256,0,False
FAR52_0493,52.246-4,246,train,896,256,0,False
FAR52_0493,52.246-4,246,train,1024,256,0,False
FAR52_0493,52.246-4,246,train,1152,256,0,False
FAR52_0493,52.246-4,246,train,1280,256,0,False
FAR52_0493,52.246-4,246,train,1408,256,0,False
FAR52_0493,52.246-4,246,train,1536,256,0,False
FAR52_0493,52.246-4,246,train,1664,256,0,False
FAR52_0493,52.246-4,246,train,1792,256,0,False
FAR52_0493,52.246-4,246,train,1920,256,0,False
FAR52_0493,52.246-4,246,train,1930,256,0,False
FAR52_0493,52.246-4,246,train,2048,138,118,True
FAR52_0493,52.246-4,246,train,2176,10,246,True
FAR52_0494,52.246-5,246,train,0,256,0,False
FAR52_0494,52.246-5,246,train,128,256,0,False
FAR52_0494,52.246-5,246,train,256,256,0,False
FAR52_0494,52.246-5,246,train,384,256,0,False
FAR52_0494,52.246-5,246,train,512,256,0,False
FAR52_0494,52.246-5,246,train,640,256,0,False
FAR52_0494,52.246-5,246,train,768,256,0,False
FAR52_0494,52.246-5,246,train,896,256,0,False
FAR52_0494,52.246-5,246,train,1024,256,0,False
FAR52_0494,52.246-5,246,train,1152,256,0,False
FAR52_0494,52.246-5,246,train,1280,256,0,False
FAR52_0494,52.246-5,246,train,1408,256,0,False
FAR52_0494,52.246-5,246,train,1536,256,0,False
FAR52_0494,52.246-5,246,train,1664,256,0,False
FAR52_0494,52.246-5,246,train,1735,256,0,False
FAR52_0494,52.246-5,246,train,1792,199,57,True
FAR52_0494,52.246-5,246,train,1920,71,185,True
FAR52_0495,52.246-6,246,train,0,256,0,False
FAR52_0495,52.246-6,246,train,128,256,0,False
FAR52_0495,52.246-6,246,train,256,256,0,False
FAR52_0495,52.246-6,246,train,384,256,0,False
FAR52_0495,52.246-6,246,train,512,256,0,False
FAR52_0495,52.246-6,246,train,640,256,0,False
FAR52_0495,52.246-6,246,train,768,256,0,False
FAR52_0495,52.246-6,246,train,896,256,0,False
FAR52_0495,52.246-6,246,train,1024,256,0,False
FAR52_0495,52.246-6,246,train,1152,256,0,False
FAR52_0495,52.246-6,246,train,1280,256,0,False
FAR52_0495,52.246-6,246,train,1408,256,0,False
FAR52_0495,52.246-6,246,train,1536,256,0,False
FAR52_0495,52.246-6,246,train,1664,256,0,False
FAR52_0495,52.246-6,246,train,1792,256,0,False
FAR52_0495,52.246-6,246,train,1920,256,0,False
FAR52_0495,52.246-6,246,train,2048,256,0,False
FAR52_0495,52.246-6,246,train,2176,256,0,False
FAR52_0495,52.246-6,246,train,2304,256,0,False
FAR52_0495,52.246-6,246,train,2432,256,0,False
FAR52_0495,52.246-6,246,train,2560,256,0,False
FAR52_0495,52.246-6,246,train,2688,256,0,False
FAR52_0495,52.246-6,246,train,2816,256,0,False
FAR52_0495,52.246-6,246,train,2944,256,0,False
FAR52_0495,52.246-6,246,train,3072,256,0,False
FAR52_0495,52.246-6,246,train,3200,256,0,False
FAR52_0495,52.246-6,246,train,3328,256,0,False
FAR52_0495,52.246-6,246,train,3456,256,0,False
FAR52_0495,52.246-6,246,train,3584,256,0,False
FAR52_0495,52.246-6,246,train,3712,256,0,False
FAR52_0495,52.246-6,246,train,3840,256,0,False
FAR52_0495,52.246-6,246,train,3968,256,0,False
FAR52_0495,52.246-6,246,train,4096,256,0,False
FAR52_0495,52.246-6,246,train,4224,256,0,False
FAR52_0495,52.246-6,246,train,4352,256,0,False
FAR52_0495,52.246-6,246,train,4480,256,0,False
FAR52_0495,52.246-6,246,train,4608,256,0,False
FAR52_0495,52.246-6,246,train,4736,256,0,False
FAR52_0495,52.246-6,246,train,4864,256,0,False
FAR52_0495,52.246-6,246,train,4992,256,0,False
FAR52_0495,52.246-6,246,train,5120,256,0,False
FAR52_0495,52.246-6,246,train,5248,256,0,False
FAR52_0495,52.246-6,246,train,5376,256,0,False
FAR52_0495,52.246-6,246,train,5504,256,0,False
FAR52_0495,52.246-6,246,train,5631,256,0,False
FAR52_0495,52.246-6,246,train,5632,255,1,True
FAR52_0495,52.246-6,246,train,5760,127,129,True
FAR52_0496,52.246-7,246,train,0,256,0,False
FAR52_0496,52.246-7,246,train,128,256,0,False
FAR52_0496,52.246-7,246,train,256,256,0,False
FAR52_0496,52.246-7,246,train,384,256,0,False
FAR52_0496,52.246-7,246,train,512,256,0,False
FAR52_0496,52.246-7,246,train,640,256,0,False
FAR52_0496,52.246-7,246,train,768,256,0,False
FAR52_0496,52.246-7,246,train,896,256,0,False
FAR52_0496,52.246-7,246,train,1024,256,0,False
FAR52_0496,52.246-7,246,train,1152,256,0,False
FAR52_0496,52.246-7,246,train,1280,256,0,False
FAR52_0496,52.246-7,246,train,1408,256,0,False
FAR52_0496,52.246-7,246,train,1536,256,0,False
FAR52_0496,52.246-7,246,train,1664,256,0,False
FAR52_0496,52.246-7,246,train,1792,256,0,False
FAR52_0496,52.246-7,246,train,1920,256,0,False
FAR52_0496,52.246-7,246,train,2048,256,0,False
FAR52_0496,52.246-7,246,train,2176,256,0,False
FAR52_0496,52.246-7,246,train,2304,256,0,False
FAR52_0496,52.246-7,246,train,2432,256,0,False
FAR52_0496,52.246-7,246,train,2560,256,0,False
FAR52_0496,52.246-7,246,train,2688,256,0,False
FAR52_0496,52.246-7,246,train,2816,256,0,False
FAR52_0496,52.246-7,246,train,2944,256,0,False
FAR52_0496,52.246-7,246,train,3072,256,0,False
FAR52_0496,52.246-7,246,train,3200,256,0,False
FAR52_0496,52.246-7,246,train,3328,256,0,False
FAR52_0496,52.246-7,246,train,3456,256,0,False
FAR52_0496,52.246-7,246,train,3584,256,0,False
FAR52_0496,52.246-7,246,train,3597,256,0,False
FAR52_0496,52.246-7,246,train,3712,141,115,True
FAR52_0496,52.246-7,246,train,3840,13,243,True
FAR52_0497,52.246-8,246,train,0,256,0,False
FAR52_0497,52.246-8,246,train,128,256,0,False
FAR52_0497,52.246-8,246,train,256,256,0,False
FAR52_0497,52.246-8,246,train,384,256,0,False
FAR52_0497,52.246-8,246,train,512,256,0,False
FAR52_0497,52.246-8,246,train,640,256,0,False
FAR52_0497,52.246-8,246,train,768,256,0,False
FAR52_0497,52.246-8,246,train,896,256,0,False
FAR52_0497,52.246-8,246,train,1024,256,0,False
FAR52_0497,52.246-8,246,train,1152,256,0,False
FAR52_0497,52.246-8,246,train,1280,256,0,False
FAR52_0497,52.246-8,246,train,1408,256,0,False
FAR52_0497,52.246-8,246,train,1536,256,0,False
FAR52_0497,52.246-8,246,train,1664,256,0,False
FAR52_0497,52.246-8,246,train,1792,256,0,False
FAR52_0497,52.246-8,246,train,1920,256,0,False
FAR52_0497,52.246-8,246,train,2048,256,0,False
FAR52_0497,52.246-8,246,train,2176,256,0,False
FAR52_0497,52.246-8,246,train,2304,256,0,False
FAR52_0497,52.246-8,246,train,2432,256,0,False
FAR52_0497,52.246-8,246,train,2560,256,0,False
FAR52_0497,52.246-8,246,train,2688,256,0,False
FAR52_0497,52.246-8,246,train,2816,256,0,False
FAR52_0497,52.246-8,246,train,2944,256,0,False
FAR52_0497,52.246-8,246,train,3072,256,0,False
FAR52_0497,52.246-8,246,train,3200,256,0,False
FAR52_0497,52.246-8,246,train,3328,256,0,False
FAR52_0497,52.246-8,246,train,3456,256,0,False
FAR52_0497,52.246-8,246,train,3584,256,0,False
FAR52_0497,52.246-8,246,train,3712,256,0,False
FAR52_0497,52.246-8,246,train,3840,256,0,False
FAR52_0497,52.246-8,246,train,3968,256,0,False
FAR52_0497,52.246-8,246,train,4096,256,0,False
FAR52_0497,52.246-8,246,train,4224,256,0,False
FAR52_0497,52.246-8,246,train,4352,256,0,False
FAR52_0497,52.246-8,246,train,4480,256,0,False
FAR52_0497,52.246-8,246,train,4608,256,0,False
FAR52_0497,52.246-8,246,train,4736,256,0,False
FAR52_0497,52.246-8,246,train,4864,256,0,False
FAR52_0497,52.246-8,246,train,4992,256,0,False
FAR52_0497,52.246-8,246,train,5120,256,0,False
FAR52_0497,52.246-8,246,train,5248,256,0,False
FAR52_0497,52.246-8,246,train,5376,256,0,False
FAR52_0497,52.246-8,246,train,5504,256,0,False
FAR52_0497,52.246-8,246,train,5632,256,0,False
FAR52_0497,52.246-8,246,train,5760,256,0,False
FAR52_0497,52.246-8,246,train,5888,256,0,False
FAR52_0497,52.246-8,246,train,6016,256,0,False
FAR52_0497,52.246-8,246,train,6144,256,0,False
FAR52_0497,52.246-8,246,train,6272,256,0,False
FAR52_0497,52.246-8,246,train,6400,256,0,False
FAR52_0497,52.246-8,246,train,6434,256,0,False
FAR52_0497,52.246-8,246,train,6528,162,94,True
FAR52_0497,52.246-8,246,train,6656,34,222,True
FAR52_0498,52.246-9,246,train,0,256,0,False
FAR52_0498,52.246-9,246,train,128,256,0,False
FAR52_0498,52.246-9,246,train,256,256,0,False
FAR52_0498,52.246-9,246,train,384,256,0,False
FAR52_0498,52.246-9,246,train,457,256,0,False
FAR52_0498,52.246-9,246,train,512,201,55,True
FAR52_0498,52.246-9,246,train,640,73,183,True
FAR52_0499,52.246-11,246,validation,0,256,0,False
FAR52_0499,52.246-11,246,validation,128,256,0,False
FAR52_0499,52.246-11,246,validation,256,256,0,False
FAR52_0499,52.246-11,246,validation,384,256,0,False
FAR52_0499,52.246-11,246,validation,512,256,0,False
FAR52_0499,52.246-11,246,validation,640,256,0,False
FAR52_0499,52.246-11,246,validation,768,256,0,False
FAR52_0499,52.246-11,246,validation,790,256,0,False
FAR52_0499,52.246-11,246,validation,896,150,106,True
FAR52_0499,52.246-11,246,validation,1024,22,234,True
FAR52_0500,52.246-12,246,test,0,256,0,False
FAR52_0500,52.246-12,246,test,128,256,0,False
FAR52_0500,52.246-12,246,test,256,256,0,False
FAR52_0500,52.246-12,246,test,384,256,0,False
FAR52_0500,52.246-12,246,test,512,256,0,False
FAR52_0500,52.246-12,246,test,640,256,0,False
FAR52_0500,52.246-12,246,test,768,256,0,False
FAR52_0500,52.246-12,246,test,896,256,0,False
FAR52_0500,52.246-12,246,test,1024,256,0,False
FAR52_0500,52.246-12,246,test,1152,256,0,False
FAR52_0500,52.246-12,246,test,1280,256,0,False
FAR52_0500,52.246-12,246,test,1408,256,0,False
FAR52_0500,52.246-12,246,test,1536,256,0,False
FAR52_0500,52.246-12,246,test,1664,256,0,False
FAR52_0500,52.246-12,246,test,1792,256,0,False
FAR52_0500,52.246-12,246,test,1920,256,0,False
FAR52_0500,52.246-12,246,test,2048,256,0,False
FAR52_0500,52.246-12,246,test,2176,256,0,False
FAR52_0500,52.246-12,246,test,2304,256,0,False
FAR52_0500,52.246-12,246,test,2432,256,0,False
FAR52_0500,52.246-12,246,test,2560,256,0,False
FAR52_0500,52.246-12,246,test,2688,256,0,False
FAR52_0500,52.246-12,246,test,2816,256,0,False
FAR52_0500,52.246-12,246,test,2944,256,0,False
FAR52_0500,52.246-12,246,test,3072,256,0,False
FAR52_0500,52.246-12,246,test,3200,256,0,False
FAR52_0500,52.246-12,246,test,3328,256,0,False
FAR52_0500,52.246-12,246,test,3456,256,0,False
FAR52_0500,52.246-12,246,test,3584,256,0,False
FAR52_0500,52.246-12,246,test,3712,256,0,False
FAR52_0500,52.246-12,246,test,3722,256,0,False
FAR52_0500,52.246-12,246,test,3840,138,118,True
FAR52_0500,52.246-12,246,test,3968,10,246,True
FAR52_0501,52.246-13,246,train,0,256,0,False
FAR52_0501,52.246-13,246,train,128,256,0,False
FAR52_0501,52.246-13,246,train,256,256,0,False
FAR52_0501,52.246-13,246,train,384,256,0,False
FAR52_0501,52.246-13,246,train,512,256,0,False
FAR52_0501,52.246-13,246,train,640,256,0,False
FAR52_0501,52.246-13,246,train,768,256,0,False
FAR52_0501,52.246-13,246,train,896,256,0,False
FAR52_0501,52.246-13,246,train,1024,256,0,False
FAR52_0501,52.246-13,246,train,1152,256,0,False
FAR52_0501,52.246-13,246,train,1280,256,0,False
FAR52_0501,52.246-13,246,train,1354,256,0,False
FAR52_0501,52.246-13,246,train,1408,202,54,True
FAR52_0501,52.246-13,246,train,1536,74,182,True
FAR52_0502,52.246-14,246,test,0,256,0,False
FAR52_0502,52.246-14,246,test,128,256,0,False
FAR52_0502,52.246-14,246,test,256,256,0,False
FAR52_0502,52.246-14,246,test,384,256,0,False
FAR52_0502,52.246-14,246,test,512,256,0,False
FAR52_0502,52.246-14,246,test,640,256,0,False
FAR52_0502,52.246-14,246,test,756,256,0,False
FAR52_0502,52.246-14,246,test,768,244,12,True
FAR52_0502,52.246-14,246,test,896,116,140,True
FAR52_0503,52.246-15,246,train,0,256,0,False
FAR52_0503,52.246-15,246,train,128,256,0,False
FAR52_0503,52.246-15,246,train,256,256,0,False
FAR52_0503,52.246-15,246,train,384,256,0,False
FAR52_0503,52.246-15,246,train,512,256,0,False
FAR52_0503,52.246-15,246,train,640,256,0,False
FAR52_0503,52.246-15,246,train,768,256,0,False
FAR52_0503,52.246-15,246,train,896,256,0,False
FAR52_0503,52.246-15,246,train,1024,256,0,False
FAR52_0503,52.246-15,246,train,1152,256,0,False
FAR52_0503,52.246-15,246,train,1280,256,0,False
FAR52_0503,52.246-15,246,train,1408,256,0,False
FAR52_0503,52.246-15,246,train,1536,256,0,False
FAR52_0503,52.246-15,246,train,1664,256,0,False
FAR52_0503,52.246-15,246,train,1792,256,0,False
FAR52_0503,52.246-15,246,train,1920,256,0,False
FAR52_0503,52.246-15,246,train,2048,256,0,False
FAR52_0503,52.246-15,246,train,2115,256,0,False
FAR52_0503,52.246-15,246,train,2176,195,61,True
FAR52_0503,52.246-15,246,train,2304,67,189,True
FAR52_0504,52.246-16,246,train,0,256,0,False
FAR52_0504,52.246-16,246,train,128,256,0,False
FAR52_0504,52.246-16,246,train,256,256,0,False
FAR52_0504,52.246-16,246,train,384,256,0,False
FAR52_0504,52.246-16,246,train,512,256,0,False
FAR52_0504,52.246-16,246,train,640,256,0,False
FAR52_0504,52.246-16,246,train,768,256,0,False
FAR52_0504,52.246-16,246,train,896,256,0,False
FAR52_0504,52.246-16,246,train,1024,256,0,False
FAR52_0504,52.246-16,246,train,1139,256,0,False
FAR52_0504,52.246-16,246,train,1152,243,13,True
FAR52_0504,52.246-16,246,train,1280,115,141,True
FAR52_0505,52.246-17,246,train,0,256,0,False
FAR52_0505,52.246-17,246,train,128,256,0,False
FAR52_0505,52.246-17,246,train,256,256,0,False
FAR52_0505,52.246-17,246,train,384,256,0,False
FAR52_0505,52.246-17,246,train,512,256,0,False
FAR52_0505,52.246-17,246,train,640,256,0,False
FAR52_0505,52.246-17,246,train,768,256,0,False
FAR52_0505,52.246-17,246,train,1024,256,0,False
FAR52_0505,52.246-17,246,train,1152,256,0,False
FAR52_0505,52.246-17,246,train,1280,256,0,False
FAR52_0505,52.246-17,246,train,1408,256,0,False
FAR52_0505,52.246-17,246,train,1536,256,0,False
FAR52_0505,52.246-17,246,train,1664,256,0,False
FAR52_0505,52.246-17,246,train,1920,256,0,False
FAR52_0505,52.246-17,246,train,2048,256,0,False
FAR52_0505,52.246-17,246,train,2176,256,0,False
FAR52_0505,52.246-17,246,train,2304,256,0,False
FAR52_0505,52.246-17,246,train,2432,256,0,False
FAR52_0505,52.246-17,246,train,2560,256,0,False
FAR52_0505,52.246-17,246,train,2816,256,0,False
FAR52_0505,52.246-17,246,train,2944,256,0,False
FAR52_0505,52.246-17,246,train,3072,256,0,False
FAR52_0505,52.246-17,246,train,3200,256,0,False
FAR52_0505,52.246-17,246,train,3328,256,0,False
FAR52_0505,52.246-17,246,train,3456,256,0,False
FAR52_0505,52.246-17,246,train,3584,256,0,False
FAR52_0505,52.246-17,246,train,3840,256,0,False
FAR52_0505,52.246-17,246,train,3968,256,0,False
FAR52_0505,52.246-17,246,train,4096,256,0,False
FAR52_0505,52.246-17,246,train,4224,256,0,False
FAR52_0505,52.246-17,246,train,4352,256,0,False
FAR52_0505,52.246-17,246,train,4480,256,0,False
FAR52_0505,52.246-17,246,train,4736,256,0,False
FAR52_0505,52.246-17,246,train,4864,256,0,False
FAR52_0505,52.246-17,246,train,4992,256,0,False
FAR52_0505,52.246-17,246,train,5120,256,0,False
FAR52_0505,52.246-17,246,train,5248,256,0,False
FAR52_0505,52.246-17,246,train,5376,256,0,False
FAR52_0505,52.246-17,246,train,5632,256,0,False
FAR52_0505,52.246-17,246,train,5760,256,0,False
FAR52_0505,52.246-17,246,train,5888,256,0,False
FAR52_0505,52.246-17,246,train,6016,256,0,False
FAR52_0505,52.246-17,246,train,6144,256,0,False
FAR52_0505,52.246-17,246,train,6272,256,0,False
FAR52_0505,52.246-17,246,train,6400,256,0,False
FAR52_0505,52.246-17,246,train,6656,256,0,False
FAR52_0505,52.246-17,246,train,6784,256,0,False
FAR52_0505,52.246-17,246,train,6912,256,0,False
FAR52_0505,52.246-17,246,train,7040,256,0,False
FAR52_0505,52.246-17,246,train,7168,256,0,False
FAR52_0505,52.246-17,246,train,7296,256,0,False
FAR52_0505,52.246-17,246,train,7552,256,0,False
FAR52_0505,52.246-17,246,train,7680,256,0,False
FAR52_0505,52.246-17,246,train,7808,256,0,False
FAR52_0505,52.246-17,246,train,7936,256,0,False
FAR52_0505,52.246-17,246,train,8064,256,0,False
FAR52_0505,52.246-17,246,train,8192,256,0,False
FAR52_0505,52.246-17,246,train,8448,256,0,False
FAR52_0505,52.246-17,246,train,8576,256,0,False
FAR52_0505,52.246-17,246,train,8704,256,0,False
FAR52_0505,52.246-17,246,train,8832,256,0,False
FAR52_0505,52.246-17,246,train,8960,256,0,False
FAR52_0505,52.246-17,246,train,9052,256,0,False
FAR52_0505,52.246-17,246,train,9216,92,164,True
FAR52_0506,52.246-18,246,train,0,256,0,False
FAR52_0506,52.246-18,246,train,128,256,0,False
FAR52_0506,52.246-18,246,train,256,256,0,False
FAR52_0506,52.246-18,246,train,384,256,0,False
FAR52_0506,52.246-18,246,train,512,256,0,False
FAR52_0506,52.246-18,246,train,640,256,0,False
FAR52_0506,52.246-18,246,train,768,256,0,False
FAR52_0506,52.246-18,246,train,896,256,0,False
FAR52_0506,52.246-18,246,train,1024,256,0,False
FAR52_0506,52.246-18,246,train,1152,256,0,False
FAR52_0506,52.246-18,246,train,1280,256,0,False
FAR52_0506,52.246-18,246,train,1408,256,0,False
FAR52_0506,52.246-18,246,train,1536,256,0,False
FAR52_0506,52.246-18,246,train,1664,256,0,False
FAR52_0506,52.246-18,246,train,1792,256,0,False
FAR52_0506,52.246-18,246,train,1920,256,0,False
FAR52_0506,52.246-18,246,train,2048,256,0,False
FAR52_0506,52.246-18,246,train,2176,256,0,False
FAR52_0506,52.246-18,246,train,2304,256,0,False
FAR52_0506,52.246-18,246,train,2432,256,0,False
FAR52_0506,52.246-18,246,train,2560,256,0,False
FAR52_0506,52.246-18,246,train,2688,256,0,False
FAR52_0506,52.246-18,246,train,2816,256,0,False
FAR52_0506,52.246-18,246,train,2944,256,0,False
FAR52_0506,52.246-18,246,train,3072,256,0,False
FAR52_0506,52.246-18,246,train,3200,256,0,False
FAR52_0506,52.246-18,246,train,3328,256,0,False
FAR52_0506,52.246-18,246,train,3456,256,0,False
FAR52_0506,52.246-18,246,train,3584,256,0,False
FAR52_0506,52.246-18,246,train,3712,256,0,False
FAR52_0506,52.246-18,246,train,3840,256,0,False
FAR52_0506,52.246-18,246,train,3968,256,0,False
FAR52_0506,52.246-18,246,train,4096,256,0,False
FAR52_0506,52.246-18,246,train,4224,256,0,False
FAR52_0506,52.246-18,246,train,4352,256,0,False
FAR52_0506,52.246-18,246,train,4480,256,0,False
FAR52_0506,52.246-18,246,train,4608,256,0,False
FAR52_0506,52.246-18,246,train,4736,256,0,False
FAR52_0506,52.246-18,246,train,4864,256,0,False
FAR52_0506,52.246-18,246,train,4992,256,0,False
FAR52_0506,52.246-18,246,train,5120,256,0,False
FAR52_0506,52.246-18,246,train,5248,256,0,False
FAR52_0506,52.246-18,246,train,5376,256,0,False
FAR52_0506,52.246-18,246,train,5504,256,0,False
FAR52_0506,52.246-18,246,train,5632,256,0,False
FAR52_0506,52.246-18,246,train,5760,256,0,False
FAR52_0506,52.246-18,246,train,5888,256,0,False
FAR52_0506,52.246-18,246,train,6016,256,0,False
FAR52_0506,52.246-18,246,train,6144,256,0,False
FAR52_0506,52.246-18,246,train,6272,256,0,False
FAR52_0506,52.246-18,246,train,6400,256,0,False
FAR52_0506,52.246-18,246,train,6528,256,0,False
FAR52_0506,52.246-18,246,train,6656,256,0,False
FAR52_0506,52.246-18,246,train,6784,256,0,False
FAR52_0506,52.246-18,246,train,6912,256,0,False
FAR52_0506,52.246-18,246,train,7040,256,0,False
FAR52_0506,52.246-18,246,train,7168,256,0,False
FAR52_0506,52.246-18,246,train,7296,256,0,False
FAR52_0506,52.246-18,246,train,7424,256,0,False
FAR52_0506,52.246-18,246,train,7552,256,0,False
FAR52_0506,52.246-18,246,train,7616,256,0,False
FAR52_0506,52.246-18,246,train,7680,192,64,True
FAR52_0506,52.246-18,246,train,7808,64,192,True
FAR52_0507,52.246-19,246,train,0,256,0,False
FAR52_0507,52.246-19,246,train,128,256,0,False
FAR52_0507,52.246-19,246,train,256,256,0,False
FAR52_0507,52.246-19,246,train,384,256,0,False
FAR52_0507,52.246-19,246,train,512,256,0,False
FAR52_0507,52.246-19,246,train,768,256,0,False
FAR52_0507,52.246-19,246,train,896,256,0,False
FAR52_0507,52.246-19,246,train,1024,256,0,False
FAR52_0507,52.246-19,246,train,1152,256,0,False
FAR52_0507,52.246-19,246,train,1408,256,0,False
FAR52_0507,52.246-19,246,train,1536,256,0,False
FAR52_0507,52.246-19,246,train,1664,256,0,False
FAR52_0507,52.246-19,246,train,1792,256,0,False
FAR52_0507,52.246-19,246,train,1920,256,0,False
FAR52_0507,52.246-19,246,train,2176,256,0,False
FAR52_0507,52.246-19,246,train,2304,256,0,False
FAR52_0507,52.246-19,246,train,2432,256,0,False
FAR52_0507,52.246-19,246,train,2560,256,0,False
FAR52_0507,52.246-19,246,train,2816,256,0,False
FAR52_0507,52.246-19,246,train,2944,256,0,False
FAR52_0507,52.246-19,246,train,3072,256,0,False
FAR52_0507,52.246-19,246,train,3200,256,0,False
FAR52_0507,52.246-19,246,train,3328,256,0,False
FAR52_0507,52.246-19,246,train,3584,256,0,False
FAR52_0507,52.246-19,246,train,3712,256,0,False
FAR52_0507,52.246-19,246,train,3840,256,0,False
FAR52_0507,52.246-19,246,train,3968,256,0,False
FAR52_0507,52.246-19,246,train,4224,256,0,False
FAR52_0507,52.246-19,246,train,4352,256,0,False
FAR52_0507,52.246-19,246,train,4480,256,0,False
FAR52_0507,52.246-19,246,train,4608,256,0,False
FAR52_0507,52.246-19,246,train,4736,256,0,False
FAR52_0507,52.246-19,246,train,4992,256,0,False
FAR52_0507,52.246-19,246,train,5120,256,0,False
FAR52_0507,52.246-19,246,train,5248,256,0,False
FAR52_0507,52.246-19,246,train,5376,256,0,False
FAR52_0507,52.246-19,246,train,5632,256,0,False
FAR52_0507,52.246-19,246,train,5760,256,0,False
FAR52_0507,52.246-19,246,train,5888,256,0,False
FAR52_0507,52.246-19,246,train,6016,256,0,False
FAR52_0507,52.246-19,246,train,6144,256,0,False
FAR52_0507,52.246-19,246,train,6400,256,0,False
FAR52_0507,52.246-19,246,train,6528,256,0,False
FAR52_0507,52.246-19,246,train,6656,256,0,False
FAR52_0507,52.246-19,246,train,6784,256,0,False
FAR52_0507,52.246-19,246,train,7040,256,0,False
FAR52_0507,52.246-19,246,train,7168,256,0,False
FAR52_0507,52.246-19,246,train,7296,256,0,False
FAR52_0507,52.246-19,246,train,7424,256,0,False
FAR52_0507,52.246-19,246,train,7552,256,0,False
FAR52_0507,52.246-19,246,train,7808,256,0,False
FAR52_0507,52.246-19,246,train,7936,256,0,False
FAR52_0507,52.246-19,246,train,8064,256,0,False
FAR52_0507,52.246-19,246,train,8192,256,0,False
FAR52_0507,52.246-19,246,train,8448,256,0,False
FAR52_0507,52.246-19,246,train,8576,256,0,False
FAR52_0507,52.246-19,246,train,8704,256,0,False
FAR52_0507,52.246-19,246,train,8832,256,0,False
FAR52_0507,52.246-19,246,train,8960,256,0,False
FAR52_0507,52.246-19,246,train,9216,256,0,False
FAR52_0507,52.246-19,246,train,9344,256,0,False
FAR52_0507,52.246-19,246,train,9472,256,0,False
FAR52_0507,52.246-19,246,train,9592,256,0,False
FAR52_0507,52.246-19,246,train,9728,120,136,True
FAR52_0508,52.246-20,246,train,0,256,0,False
FAR52_0508,52.246-20,246,train,128,256,0,False
FAR52_0508,52.246-20,246,train,256,256,0,False
FAR52_0508,52.246-20,246,train,384,256,0,False
FAR52_0508,52.246-20,246,train,512,256,0,False
FAR52_0508,52.246-20,246,train,640,256,0,False
FAR52_0508,52.246-20,246,train,768,256,0,False
FAR52_0508,52.246-20,246,train,896,256,0,False
FAR52_0508,52.246-20,246,train,1024,256,0,False
FAR52_0508,52.246-20,246,train,1152,256,0,False
FAR52_0508,52.246-20,246,train,1280,256,0,False
FAR52_0508,52.246-20,246,train,1408,256,0,False
FAR52_0508,52.246-20,246,train,1536,256,0,False
FAR52_0508,52.246-20,246,train,1664,256,0,False
FAR52_0508,52.246-20,246,train,1792,256,0,False
FAR52_0508,52.246-20,246,train,1878,256,0,False
FAR52_0508,52.246-20,246,train,1920,214,42,True
FAR52_0508,52.246-20,246,train,2048,86,170,True
FAR52_0509,52.246-21,246,train,0,256,0,False
FAR52_0509,52.246-21,246,train,128,256,0,False
FAR52_0509,52.246-21,246,train,256,256,0,False
FAR52_0509,52.246-21,246,train,384,256,0,False
FAR52_0509,52.246-21,246,train,512,256,0,False
FAR52_0509,52.246-21,246,train,640,256,0,False
FAR52_0509,52.246-21,246,train,768,256,0,False
FAR52_0509,52.246-21,246,train,896,256,0,False
FAR52_0509,52.246-21,246,train,1024,256,0,False
FAR52_0509,52.246-21,246,train,1152,256,0,False
FAR52_0509,52.246-21,246,train,1280,256,0,False
FAR52_0509,52.246-21,246,train,1408,256,0,False
FAR52_0509,52.246-21,246,train,1536,256,0,False
FAR52_0509,52.246-21,246,train,1664,256,0,False
FAR52_0509,52.246-21,246,train,1792,256,0,False
FAR52_0509,52.246-21,246,train,1920,256,0,False
FAR52_0509,52.246-21,246,train,2048,256,0,False
FAR52_0509,52.246-21,246,train,2176,256,0,False
FAR52_0509,52.246-21,246,train,2304,256,0,False
FAR52_0509,52.246-21,246,train,2432,256,0,False
FAR52_0509,52.246-21,246,train,2560,256,0,False
FAR52_0509,52.246-21,246,train,2688,256,0,False
FAR52_0509,52.246-21,246,train,2816,256,0,False
FAR52_0509,52.246-21,246,train,2944,256,0,False
FAR52_0509,52.246-21,246,train,3072,256,0,False
FAR52_0509,52.246-21,246,train,3200,256,0,False
FAR52_0509,52.246-21,246,train,3328,256,0,False
FAR52_0509,52.246-21,246,train,3456,256,0,False
FAR52_0509,52.246-21,246,train,3584,256,0,False
FAR52_0509,52.246-21,246,train,3606,256,0,False
FAR52_0509,52.246-21,246,train,3712,150,106,True
FAR52_0509,52.246-21,246,train,3840,22,234,True
FAR52_0510,52.246-23,246,train,0,256,0,False
FAR52_0510,52.246-23,246,train,128,256,0,False
FAR52_0510,52.246-23,246,train,256,256,0,False
FAR52_0510,52.246-23,246,train,384,256,0,False
FAR52_0510,52.246-23,246,train,512,256,0,False
FAR52_0510,52.246-23,246,train,640,256,0,False
FAR52_0510,52.246-23,246,train,768,256,0,False
FAR52_0510,52.246-23,246,train,896,256,0,False
FAR52_0510,52.246-23,246,train,1024,256,0,False
FAR52_0510,52.246-23,246,train,1152,256,0,False
FAR52_0510,52.246-23,246,train,1280,256,0,False
FAR52_0510,52.246-23,246,train,1408,256,0,False
FAR52_0510,52.246-23,246,train,1536,256,0,False
FAR52_0510,52.246-23,246,train,1664,256,0,False
FAR52_0510,52.246-23,246,train,1681,256,0,False
FAR52_0510,52.246-23,246,train,1792,145,111,True
FAR52_0510,52.246-23,246,train,1920,17,239,True
FAR52_0511,52.246-24,246,validation,0,256,0,False
FAR52_0511,52.246-24,246,validation,128,256,0,False
FAR52_0511,52.246-24,246,validation,256,256,0,False
FAR52_0511,52.246-24,246,validation,384,256,0,False
FAR52_0511,52.246-24,246,validation,512,256,0,False
FAR52_0511,52.246-24,246,validation,640,256,0,False
FAR52_0511,52.246-24,246,validation,768,256,0,False
FAR52_0511,52.246-24,246,validation,896,256,0,False
FAR52_0511,52.246-24,246,validation,1024,256,0,False
FAR52_0511,52.246-24,246,validation,1152,256,0,False
FAR52_0511,52.246-24,246,validation,1280,256,0,False
FAR52_0511,52.246-24,246,validation,1408,256,0,False
FAR52_0511,52.246-24,246,validation,1536,256,0,False
FAR52_0511,52.246-24,246,validation,1664,256,0,False
FAR52_0511,52.246-24,246,validation,1792,256,0,False
FAR52_0511,52.246-24,246,validation,1920,256,0,False
FAR52_0511,52.246-24,246,validation,2048,256,0,False
FAR52_0511,52.246-24,246,validation,2176,256,0,False
FAR52_0511,52.246-24,246,validation,2304,256,0,False
FAR52_0511,52.246-24,246,validation,2432,256,0,False
FAR52_0511,52.246-24,246,validation,2560,256,0,False
FAR52_0511,52.246-24,246,validation,2688,256,0,False
FAR52_0511,52.246-24,246,validation,2816,256,0,False
FAR52_0511,52.246-24,246,validation,2944,256,0,False
FAR52_0511,52.246-24,246,validation,2951,256,0,False
FAR52_0511,52.246-24,246,validation,3072,135,121,True
FAR52_0511,52.246-24,246,validation,3200,7,249,True
FAR52_0512,52.246-25,246,train,0,256,0,False
FAR52_0512,52.246-25,246,train,128,256,0,False
FAR52_0512,52.246-25,246,train,256,256,0,False
FAR52_0512,52.246-25,246,train,384,256,0,False
FAR52_0512,52.246-25,246,train,512,256,0,False
FAR52_0512,52.246-25,246,train,640,256,0,False
FAR52_0512,52.246-25,246,train,768,256,0,False
FAR52_0512,52.246-25,246,train,896,256,0,False
FAR52_0512,52.246-25,246,train,1024,256,0,False
FAR52_0512,52.246-25,246,train,1152,256,0,False
FAR52_0512,52.246-25,246,train,1280,256,0,False
FAR52_0512,52.246-25,246,train,1408,256,0,False
FAR52_0512,52.246-25,246,train,1536,256,0,False
FAR52_0512,52.246-25,246,train,1664,256,0,False
FAR52_0512,52.246-25,246,train,1792,256,0,False
FAR52_0512,52.246-25,246,train,1890,256,0,False
FAR52_0512,52.246-25,246,train,1920,226,30,True
FAR52_0512,52.246-25,246,train,2048,98,158,True
FAR52_0513,52.246-26,246,train,0,256,0,False
FAR52_0513,52.246-26,246,train,128,256,0,False
FAR52_0513,52.246-26,246,train,256,256,0,False
FAR52_0513,52.246-26,246,train,384,256,0,False
FAR52_0513,52.246-26,246,train,512,256,0,False
FAR52_0513,52.246-26,246,train,640,256,0,False
FAR52_0513,52.246-26,246,train,768,256,0,False
FAR52_0513,52.246-26,246,train,896,256,0,False
FAR52_0513,52.246-26,246,train,1024,256,0,False
FAR52_0513,52.246-26,246,train,1152,256,0,False
FAR52_0513,52.246-26,246,train,1280,256,0,False
FAR52_0513,52.246-26,246,train,1408,256,0,False
FAR52_0513,52.246-26,246,train,1536,256,0,False
FAR52_0513,52.246-26,246,train,1664,256,0,False
FAR52_0513,52.246-26,246,train,1792,256,0,False
FAR52_0513,52.246-26,246,train,1920,256,0,False
FAR52_0513,52.246-26,246,train,2048,256,0,False
FAR52_0513,52.246-26,246,train,2176,256,0,False
FAR52_0513,52.246-26,246,train,2304,256,0,False
FAR52_0513,52.246-26,246,train,2432,256,0,False
FAR52_0513,52.246-26,246,train,2560,256,0,False
FAR52_0513,52.246-26,246,train,2688,256,0,False
FAR52_0513,52.246-26,246,train,2816,256,0,False
FAR52_0513,52.246-26,246,train,2944,256,0,False
FAR52_0513,52.246-26,246,train,3072,256,0,False
FAR52_0513,52.246-26,246,train,3200,256,0,False
FAR52_0513,52.246-26,246,train,3328,256,0,False
FAR52_0513,52.246-26,246,train,3456,256,0,False
FAR52_0513,52.246-26,246,train,3584,256,0,False
FAR52_0513,52.246-26,246,train,3712,256,0,False
FAR52_0513,52.246-26,246,train,3840,256,0,False
FAR52_0513,52.246-26,246,train,3968,256,0,False
FAR52_0513,52.246-26,246,train,4096,256,0,False
FAR52_0513,52.246-26,246,train,4224,256,0,False
FAR52_0513,52.246-26,246,train,4352,256,0,False
FAR52_0513,52.246-26,246,train,4480,256,0,False
FAR52_0513,52.246-26,246,train,4608,256,0,False
FAR52_0513,52.246-26,246,train,4736,256,0,False
FAR52_0513,52.246-26,246,train,4864,256,0,False
FAR52_0513,52.246-26,246,train,4992,256,0,False
FAR52_0513,52.246-26,246,train,5120,256,0,False
FAR52_0513,52.246-26,246,train,5248,256,0,False
FAR52_0513,52.246-26,246,train,5376,256,0,False
FAR52_0513,52.246-26,246,train,5504,256,0,False
FAR52_0513,52.246-26,246,train,5632,256,0,False
FAR52_0513,52.246-26,246,train,5760,256,0,False
FAR52_0513,52.246-26,246,train,5888,256,0,False
FAR52_0513,52.246-26,246,train,6016,256,0,False
FAR52_0513,52.246-26,246,train,6144,256,0,False
FAR52_0513,52.246-26,246,train,6272,256,0,False
FAR52_0513,52.246-26,246,train,6400,256,0,False
FAR52_0513,52.246-26,246,train,6528,256,0,False
FAR52_0513,52.246-26,246,train,6656,256,0,False
FAR52_0513,52.246-26,246,train,6784,256,0,False
FAR52_0513,52.246-26,246,train,6912,256,0,False
FAR52_0513,52.246-26,246,train,6970,256,0,False
FAR52_0513,52.246-26,246,train,7040,186,70,True
FAR52_0513,52.246-26,246,train,7168,58,198,True
FAR52_0514,52.247-1,247,train,0,256,0,False
FAR52_0514,52.247-1,247,train,128,256,0,False
FAR52_0514,52.247-1,247,train,256,256,0,False
FAR52_0514,52.247-1,247,train,384,256,0,False
FAR52_0514,52.247-1,247,train,512,256,0,False
FAR52_0514,52.247-1,247,train,640,256,0,False
FAR52_0514,52.247-1,247,train,768,256,0,False
FAR52_0514,52.247-1,247,train,896,256,0,False
FAR52_0514,52.247-1,247,train,1024,256,0,False
FAR52_0514,52.247-1,247,train,1058,256,0,False
FAR52_0514,52.247-1,247,train,1152,162,94,True
FAR52_0514,52.247-1,247,train,1280,34,222,True
FAR52_0515,52.247-2,247,test,0,256,0,False
FAR52_0515,52.247-2,247,test,128,256,0,False
FAR52_0515,52.247-2,247,test,256,256,0,False
FAR52_0515,52.247-2,247,test,384,256,0,False
FAR52_0515,52.247-2,247,test,512,256,0,False
FAR52_0515,52.247-2,247,test,563,256,0,False
FAR52_0515,52.247-2,247,test,640,179,77,True
FAR52_0515,52.247-2,247,test,768,51,205,True
FAR52_0516,52.247-3,247,train,0,256,0,False
FAR52_0516,52.247-3,247,train,128,256,0,False
FAR52_0516,52.247-3,247,train,256,256,0,False
FAR52_0516,52.247-3,247,train,384,256,0,False
FAR52_0516,52.247-3,247,train,512,256,0,False
FAR52_0516,52.247-3,247,train,640,256,0,False
FAR52_0516,52.247-3,247,train,768,256,0,False
FAR52_0516,52.247-3,247,train,896,256,0,False
FAR52_0516,52.247-3,247,train,1024,256,0,False
FAR52_0516,52.247-3,247,train,1152,256,0,False
FAR52_0516,52.247-3,247,train,1280,256,0,False
FAR52_0516,52.247-3,247,train,1408,256,0,False
FAR52_0516,52.247-3,247,train,1536,256,0,False
FAR52_0516,52.247-3,247,train,1664,256,0,False
FAR52_0516,52.247-3,247,train,1792,256,0,False
FAR52_0516,52.247-3,247,train,1920,256,0,False
FAR52_0516,52.247-3,247,train,2048,256,0,False
FAR52_0516,52.247-3,247,train,2176,256,0,False
FAR52_0516,52.247-3,247,train,2304,256,0,False
FAR52_0516,52.247-3,247,train,2432,256,0,False
FAR52_0516,52.247-3,247,train,2560,256,0,False
FAR52_0516,52.247-3,247,train,2688,256,0,False
FAR52_0516,52.247-3,247,train,2816,256,0,False
FAR52_0516,52.247-3,247,train,2944,256,0,False
FAR52_0516,52.247-3,247,train,3072,256,0,False
FAR52_0516,52.247-3,247,train,3200,256,0,False
FAR52_0516,52.247-3,247,train,3328,256,0,False
FAR52_0516,52.247-3,247,train,3363,256,0,False
FAR52_0516,52.247-3,247,train,3456,163,93,True
FAR52_0516,52.247-3,247,train,3584,35,221,True
FAR52_0517,52.247-4,247,train,0,256,0,False
FAR52_0517,52.247-4,247,train,128,256,0,False
FAR52_0517,52.247-4,247,train,256,256,0,False
FAR52_0517,52.247-4,247,train,384,256,0,False
FAR52_0517,52.247-4,247,train,512,256,0,False
FAR52_0517,52.247-4,247,train,640,256,0,False
FAR52_0517,52.247-4,247,train,749,256,0,False
FAR52_0517,52.247-4,247,train,768,237,19,True
FAR52_0517,52.247-4,247,train,896,109,147,True
FAR52_0518,52.247-5,247,train,0,256,0,False
FAR52_0518,52.247-5,247,train,128,256,0,False
FAR52_0518,52.247-5,247,train,256,256,0,False
FAR52_0518,52.247-5,247,train,384,256,0,False
FAR52_0518,52.247-5,247,train,512,256,0,False
FAR52_0518,52.247-5,247,train,640,256,0,False
FAR52_0518,52.247-5,247,train,644,256,0,False
FAR52_0518,52.247-5,247,train,768,132,124,True
FAR52_0518,52.247-5,247,train,896,4,252,True
FAR52_0519,52.247-6,247,train,0,256,0,False
FAR52_0519,52.247-6,247,train,128,256,0,False
FAR52_0519,52.247-6,247,train,256,256,0,False
FAR52_0519,52.247-6,247,train,384,256,0,False
FAR52_0519,52.247-6,247,train,512,256,0,False
FAR52_0519,52.247-6,247,train,522,256,0,False
FAR52_0519,52.247-6,247,train,640,138,118,True
FAR52_0519,52.247-6,247,train,768,10,246,True
FAR52_0520,52.247-7,247,train,0,256,0,False
FAR52_0520,52.247-7,247,train,128,256,0,False
FAR52_0520,52.247-7,247,train,256,256,0,False
FAR52_0520,52.247-7,247,train,384,256,0,False
FAR52_0520,52.247-7,247,train,449,256,0,False
FAR52_0520,52.247-7,247,train,512,193,63,True
FAR52_0520,52.247-7,247,train,640,65,191,True
FAR52_0521,52.247-8,247,validation,0,256,0,False
FAR52_0521,52.247-8,247,validation,128,256,0,False
FAR52_0521,52.247-8,247,validation,256,256,0,False
FAR52_0521,52.247-8,247,validation,384,256,0,False
FAR52_0521,52.247-8,247,validation,443,256,0,False
FAR52_0521,52.247-8,247,validation,512,187,69,True
FAR52_0521,52.247-8,247,validation,640,59,197,True
FAR52_0522,52.247-9,247,train,0,256,0,False
FAR52_0522,52.247-9,247,train,128,256,0,False
FAR52_0522,52.247-9,247,train,256,256,0,False
FAR52_0522,52.247-9,247,train,302,256,0,False
FAR52_0522,52.247-9,247,train,384,174,82,True
FAR52_0522,52.247-9,247,train,512,46,210,True
FAR52_0523,52.247-10,247,train,0,256,0,False
FAR52_0523,52.247-10,247,train,128,256,0,False
FAR52_0523,52.247-10,247,train,256,256,0,False
FAR52_0523,52.247-10,247,train,384,256,0,False
FAR52_0523,52.247-10,247,train,512,256,0,False
FAR52_0523,52.247-10,247,train,640,256,0,False
FAR52_0523,52.247-10,247,train,701,256,0,False
FAR52_0523,52.247-10,247,train,768,189,67,True
FAR52_0523,52.247-10,247,train,896,61,195,True
FAR52_0524,52.247-11,247,test,0,256,0,False
FAR52_0524,52.247-11,247,test,128,256,0,False
FAR52_0524,52.247-11,247,test,256,256,0,False
FAR52_0524,52.247-11,247,test,384,256,0,False
FAR52_0524,52.247-11,247,test,512,256,0,False
FAR52_0524,52.247-11,247,test,640,256,0,False
FAR52_0524,52.247-11,247,test,768,256,0,False
FAR52_0524,52.247-11,247,test,896,256,0,False
FAR52_0524,52.247-11,247,test,1024,256,0,False
FAR52_0524,52.247-11,247,test,1152,256,0,False
FAR52_0524,52.247-11,247,test,1250,256,0,False
FAR52_0524,52.247-11,247,test,1280,226,30,True
FAR52_0524,52.247-11,247,test,1408,98,158,True
FAR52_0525,52.247-12,247,test,0,256,0,False
FAR52_0525,52.247-12,247,test,128,256,0,False
FAR52_0525,52.247-12,247,test,256,256,0,False
FAR52_0525,52.247-12,247,test,295,256,0,False
FAR52_0525,52.247-12,247,test,384,167,89,True
FAR52_0525,52.247-12,247,test,512,39,217,True
FAR52_0526,52.247-13,247,train,0,256,0,False
FAR52_0526,52.247-13,247,train,128,256,0,False
FAR52_0526,52.247-13,247,train,256,256,0,False
FAR52_0526,52.247-13,247,train,384,256,0,False
FAR52_0526,52.247-13,247,train,512,256,0,False
FAR52_0526,52.247-13,247,train,640,256,0,False
FAR52_0526,52.247-13,247,train,768,256,0,False
FAR52_0526,52.247-13,247,train,896,256,0,False
FAR52_0526,52.247-13,247,train,1024,256,0,False
FAR52_0526,52.247-13,247,train,1152,256,0,False
FAR52_0526,52.247-13,247,train,1280,256,0,False
FAR52_0526,52.247-13,247,train,1408,256,0,False
FAR52_0526,52.247-13,247,train,1497,256,0,False
FAR52_0526,52.247-13,247,train,1536,217,39,True
FAR52_0526,52.247-13,247,train,1664,89,167,True
FAR52_0527,52.247-14,247,train,0,256,0,False
FAR52_0527,52.247-14,247,train,128,256,0,False
FAR52_0527,52.247-14,247,train,213,256,0,False
FAR52_0527,52.247-14,247,train,256,213,43,True
FAR52_0527,52.247-14,247,train,384,85,171,True
FAR52_0528,52.247-15,247,train,0,256,0,False
FAR52_0528,52.247-15,247,train,128,256,0,False
FAR52_0528,52.247-15,247,train,256,256,0,False
FAR52_0528,52.247-15,247,train,384,256,0,False
FAR52_0528,52.247-15,247,train,512,256,0,False
FAR52_0528,52.247-15,247,train,640,256,0,False
FAR52_0528,52.247-15,247,train,768,256,0,False
FAR52_0528,52.247-15,247,train,797,256,0,False
FAR52_0528,52.247-15,247,train,896,157,99,True
FAR52_0528,52.247-15,247,train,1024,29,227,True
FAR52_0529,52.247-16,247,train,0,256,0,False
FAR52_0529,52.247-16,247,train,128,256,0,False
FAR52_0529,52.247-16,247,train,256,256,0,False
FAR52_0529,52.247-16,247,train,384,256,0,False
FAR52_0529,52.247-16,247,train,512,256,0,False
FAR52_0529,52.247-16,247,train,640,256,0,False
FAR52_0529,52.247-16,247,train,768,256,0,False
FAR52_0529,52.247-16,247,train,896,256,0,False
FAR52_0529,52.247-16,247,train,1024,256,0,False
FAR52_0529,52.247-16,247,train,1113,256,0,False
FAR52_0529,52.247-16,247,train,1152,217,39,True
FAR52_0529,52.247-16,247,train,1280,89,167,True
FAR52_0530,52.247-17,247,train,0,256,0,False
FAR52_0530,52.247-17,247,train,128,256,0,False
FAR52_0530,52.247-17,247,train,218,256,0,False
FAR52_0530,52.247-17,247,train,256,218,38,True
FAR52_0530,52.247-17,247,train,384,90,166,True
FAR52_0531,52.247-18,247,test,0,256,0,False
FAR52_0531,52.247-18,247,test,128,256,0,False
FAR52_0531,52.247-18,247,test,256,256,0,False
FAR52_0531,52.247-18,247,test,361,256,0,False
FAR52_0531,52.247-18,247,test,384,233,23,True
FAR52_0531,52.247-18,247,test,512,105,151,True
FAR52_0532,52.247-19,247,train,0,256,0,False
FAR52_0532,52.247-19,247,train,128,256,0,False
FAR52_0532,52.247-19,247,train,256,256,0,False
FAR52_0532,52.247-19,247,train,384,256,0,False
FAR52_0532,52.247-19,247,train,512,256,0,False
FAR52_0532,52.247-19,247,train,568,256,0,False
FAR52_0532,52.247-19,247,train,640,184,72,True
FAR52_0532,52.247-19,247,train,768,56,200,True
FAR52_0533,52.247-20,247,train,0,256,0,False
FAR52_0533,52.247-20,247,train,128,256,0,False
FAR52_0533,52.247-20,247,train,256,256,0,False
FAR52_0533,52.247-20,247,train,384,256,0,False
FAR52_0533,52.247-20,247,train,512,256,0,False
FAR52_0533,52.247-20,247,train,640,256,0,False
FAR52_0533,52.247-20,247,train,768,256,0,False
FAR52_0533,52.247-20,247,train,896,256,0,False
FAR52_0533,52.247-20,247,train,930,256,0,False
FAR52_0533,52.247-20,247,train,1024,162,94,True
FAR52_0533,52.247-20,247,train,1152,34,222,True
FAR52_0534,52.247-21,247,validation,0,256,0,False
FAR52_0534,52.247-21,247,validation,128,256,0,False
FAR52_0534,52.247-21,247,validation,256,256,0,False
FAR52_0534,52.247-21,247,validation,384,256,0,False
FAR52_0534,52.247-21,247,validation,512,256,0,False
FAR52_0534,52.247-21,247,validation,640,256,0,False
FAR52_0534,52.247-21,247,validation,768,256,0,False
FAR52_0534,52.247-21,247,validation,896,256,0,False
FAR52_0534,52.247-21,247,validation,1024,256,0,False
FAR52_0534,52.247-21,247,validation,1129,256,0,False
FAR52_0534,52.247-21,247,validation,1152,233,23,True
FAR52_0534,52.247-21,247,validation,1280,105,151,True
FAR52_0535,52.247-22,247,train,0,256,0,False
FAR52_0535,52.247-22,247,train,128,256,0,False
FAR52_0535,52.247-22,247,train,256,256,0,False
FAR52_0535,52.247-22,247,train,357,256,0,False
FAR52_0535,52.247-22,247,train,384,229,27,True
FAR52_0535,52.247-22,247,train,512,101,155,True
FAR52_0536,52.247-23,247,train,0,256,0,False
FAR52_0536,52.247-23,247,train,128,256,0,False
FAR52_0536,52.247-23,247,train,256,256,0,False
FAR52_0536,52.247-23,247,train,384,256,0,False
FAR52_0536,52.247-23,247,train,512,256,0,False
FAR52_0536,52.247-23,247,train,640,256,0,False
FAR52_0536,52.247-23,247,train,728,256,0,False
FAR52_0536,52.247-23,247,train,768,216,40,True
FAR52_0536,52.247-23,247,train,896,88,168,True
FAR52_0537,52.247-24,247,train,0,256,0,False
FAR52_0537,52.247-24,247,train,128,256,0,False
FAR52_0537,52.247-24,247,train,256,256,0,False
FAR52_0537,52.247-24,247,train,384,256,0,False
FAR52_0537,52.247-24,247,train,512,256,0,False
FAR52_0537,52.247-24,247,train,529,256,0,False
FAR52_0537,52.247-24,247,train,640,145,111,True
FAR52_0537,52.247-24,247,train,768,17,239,True
FAR52_0538,52.247-25,247,train,0,256,0,False
FAR52_0538,52.247-25,247,train,128,256,0,False
FAR52_0538,52.247-25,247,train,256,256,0,False
FAR52_0538,52.247-25,247,train,380,256,0,False
FAR52_0538,52.247-25,247,train,384,252,4,True
FAR52_0538,52.247-25,247,train,512,124,132,True
FAR52_0539,52.247-26,247,train,0,256,0,False
FAR52_0539,52.247-26,247,train,128,256,0,False
FAR52_0539,52.247-26,247,train,256,256,0,False
FAR52_0539,52.247-26,247,train,317,256,0,False
FAR52_0539,52.247-26,247,train,384,189,67,True
FAR52_0539,52.247-26,247,train,512,61,195,True
FAR52_0540,52.247-27,247,train,0,256,0,False
FAR52_0540,52.247-27,247,train,128,256,0,False
FAR52_0540,52.247-27,247,train,256,256,0,False
FAR52_0540,52.247-27,247,train,260,256,0,False
FAR52_0540,52.247-27,247,train,384,132,124,True
FAR52_0540,52.247-27,247,train,512,4,252,True
FAR52_0541,52.247-28,247,train,0,256,0,False
FAR52_0541,52.247-28,247,train,128,256,0,False
FAR52_0541,52.247-28,247,train,245,256,0,False
FAR52_0541,52.247-28,247,train,256,245,11,True
FAR52_0541,52.247-28,247,train,384,117,139,True
FAR52_0542,52.247-29,247,validation,0,256,0,False
FAR52_0542,52.247-29,247,validation,128,256,0,False
FAR52_0542,52.247-29,247,validation,256,256,0,False
FAR52_0542,52.247-29,247,validation,384,256,0,False
FAR52_0542,52.247-29,247,validation,512,256,0,False
FAR52_0542,52.247-29,247,validation,640,256,0,False
FAR52_0542,52.247-29,247,validation,768,256,0,False
FAR52_0542,52.247-29,247,validation,896,256,0,False
FAR52_0542,52.247-29,247,validation,1024,256,0,False
FAR52_0542,52.247-29,247,validation,1152,256,0,False
FAR52_0542,52.247-29,247,validation,1280,256,0,False
FAR52_0542,52.247-29,247,validation,1408,256,0,False
FAR52_0542,52.247-29,247,validation,1536,256,0,False
FAR52_0542,52.247-29,247,validation,1664,256,0,False
FAR52_0542,52.247-29,247,validation,1792,256,0,False
FAR52_0542,52.247-29,247,validation,1920,256,0,False
FAR52_0542,52.247-29,247,validation,2048,256,0,False
FAR52_0542,52.247-29,247,validation,2176,256,0,False
FAR52_0542,52.247-29,247,validation,2304,256,0,False
FAR52_0542,52.247-29,247,validation,2432,256,0,False
FAR52_0542,52.247-29,247,validation,2560,256,0,False
FAR52_0542,52.247-29,247,validation,2688,256,0,False
FAR52_0542,52.247-29,247,validation,2816,256,0,False
FAR52_0542,52.247-29,247,validation,2944,256,0,False
FAR52_0542,52.247-29,247,validation,3072,256,0,False
FAR52_0542,52.247-29,247,validation,3200,256,0,False
FAR52_0542,52.247-29,247,validation,3328,256,0,False
FAR52_0542,52.247-29,247,validation,3456,256,0,False
FAR52_0542,52.247-29,247,validation,3584,256,0,False
FAR52_0542,52.247-29,247,validation,3712,256,0,False
FAR52_0542,52.247-29,247,validation,3840,256,0,False
FAR52_0542,52.247-29,247,validation,3968,256,0,False
FAR52_0542,52.247-29,247,validation,4096,256,0,False
FAR52_0542,52.247-29,247,validation,4224,256,0,False
FAR52_0542,52.247-29,247,validation,4279,256,0,False
FAR52_0542,52.247-29,247,validation,4352,183,73,True
FAR52_0542,52.247-29,247,validation,4480,55,201,True
FAR52_0543,52.247-30,247,test,0,256,0,False
FAR52_0543,52.247-30,247,test,128,256,0,False
FAR52_0543,52.247-30,247,test,256,256,0,False
FAR52_0543,52.247-30,247,test,384,256,0,False
FAR52_0543,52.247-30,247,test,512,256,0,False
FAR52_0543,52.247-30,247,test,640,256,0,False
FAR52_0543,52.247-30,247,test,768,256,0,False
FAR52_0543,52.247-30,247,test,896,256,0,False
FAR52_0543,52.247-30,247,test,1024,256,0,False
FAR52_0543,52.247-30,247,test,1152,256,0,False
FAR52_0543,52.247-30,247,test,1280,256,0,False
FAR52_0543,52.247-30,247,test,1408,256,0,False
FAR52_0543,52.247-30,247,test,1536,256,0,False
FAR52_0543,52.247-30,247,test,1664,256,0,False
FAR52_0543,52.247-30,247,test,1792,256,0,False
FAR52_0543,52.247-30,247,test,1920,256,0,False
FAR52_0543,52.247-30,247,test,2048,256,0,False
FAR52_0543,52.247-30,247,test,2176,256,0,False
FAR52_0543,52.247-30,247,test,2304,256,0,False
FAR52_0543,52.247-30,247,test,2432,256,0,False
FAR52_0543,52.247-30,247,test,2560,256,0,False
FAR52_0543,52.247-30,247,test,2609,256,0,False
FAR52_0543,52.247-30,247,test,2688,177,79,True
FAR52_0543,52.247-30,247,test,2816,49,207,True
FAR52_0544,52.247-31,247,train,0,256,0,False
FAR52_0544,52.247-31,247,train,128,256,0,False
FAR52_0544,52.247-31,247,train,256,256,0,False
FAR52_0544,52.247-31,247,train,384,256,0,False
FAR52_0544,52.247-31,247,train,512,256,0,False
FAR52_0544,52.247-31,247,train,640,256,0,False
FAR52_0544,52.247-31,247,train,768,256,0,False
FAR52_0544,52.247-31,247,train,896,256,0,False
FAR52_0544,52.247-31,247,train,1024,256,0,False
FAR52_0544,52.247-31,247,train,1152,256,0,False
FAR52_0544,52.247-31,247,train,1280,256,0,False
FAR52_0544,52.247-31,247,train,1408,256,0,False
FAR52_0544,52.247-31,247,train,1536,256,0,False
FAR52_0544,52.247-31,247,train,1664,256,0,False
FAR52_0544,52.247-31,247,train,1792,256,0,False
FAR52_0544,52.247-31,247,train,1920,256,0,False
FAR52_0544,52.247-31,247,train,2048,256,0,False
FAR52_0544,52.247-31,247,train,2176,256,0,False
FAR52_0544,52.247-31,247,train,2304,256,0,False
FAR52_0544,52.247-31,247,train,2432,256,0,False
FAR52_0544,52.247-31,247,train,2560,256,0,False
FAR52_0544,52.247-31,247,train,2688,256,0,False
FAR52_0544,52.247-31,247,train,2816,256,0,False
FAR52_0544,52.247-31,247,train,2944,256,0,False
FAR52_0544,52.247-31,247,train,3072,256,0,False
FAR52_0544,52.247-31,247,train,3200,256,0,False
FAR52_0544,52.247-31,247,train,3328,256,0,False
FAR52_0544,52.247-31,247,train,3456,256,0,False
FAR52_0544,52.247-31,247,train,3584,256,0,False
FAR52_0544,52.247-31,247,train,3712,256,0,False
FAR52_0544,52.247-31,247,train,3840,256,0,False
FAR52_0544,52.247-31,247,train,3968,256,0,False
FAR52_0544,52.247-31,247,train,4096,256,0,False
FAR52_0544,52.247-31,247,train,4224,256,0,False
FAR52_0544,52.247-31,247,train,4352,256,0,False
FAR52_0544,52.247-31,247,train,4480,256,0,False
FAR52_0544,52.247-31,247,train,4525,256,0,False
FAR52_0544,52.247-31,247,train,4608,173,83,True
FAR52_0544,52.247-31,247,train,4736,45,211,True
FAR52_0545,52.247-32,247,train,0,256,0,False
FAR52_0545,52.247-32,247,train,128,256,0,False
FAR52_0545,52.247-32,247,train,256,256,0,False
FAR52_0545,52.247-32,247,train,384,256,0,False
FAR52_0545,52.247-32,247,train,512,256,0,False
FAR52_0545,52.247-32,247,train,640,256,0,False
FAR52_0545,52.247-32,247,train,768,256,0,False
FAR52_0545,52.247-32,247,train,896,256,0,False
FAR52_0545,52.247-32,247,train,1024,256,0,False
FAR52_0545,52.247-32,247,train,1152,256,0,False
FAR52_0545,52.247-32,247,train,1280,256,0,False
FAR52_0545,52.247-32,247,train,1408,256,0,False
FAR52_0545,52.247-32,247,train,1536,256,0,False
FAR52_0545,52.247-32,247,train,1664,256,0,False
FAR52_0545,52.247-32,247,train,1792,256,0,False
FAR52_0545,52.247-32,247,train,1920,256,0,False
FAR52_0545,52.247-32,247,train,2048,256,0,False
FAR52_0545,52.247-32,247,train,2176,256,0,False
FAR52_0545,52.247-32,247,train,2304,256,0,False
FAR52_0545,52.247-32,247,train,2432,256,0,False
FAR52_0545,52.247-32,247,train,2560,256,0,False
FAR52_0545,52.247-32,247,train,2688,256,0,False
FAR52_0545,52.247-32,247,train,2816,256,0,False
FAR52_0545,52.247-32,247,train,2944,256,0,False
FAR52_0545,52.247-32,247,train,3072,256,0,False
FAR52_0545,52.247-32,247,train,3200,256,0,False
FAR52_0545,52.247-32,247,train,3328,256,0,False
FAR52_0545,52.247-32,247,train,3456,256,0,False
FAR52_0545,52.247-32,247,train,3584,256,0,False
FAR52_0545,52.247-32,247,train,3712,256,0,False
FAR52_0545,52.247-32,247,train,3840,256,0,False
FAR52_0545,52.247-32,247,train,3968,256,0,False
FAR52_0545,52.247-32,247,train,4096,256,0,False
FAR52_0545,52.247-32,247,train,4224,256,0,False
FAR52_0545,52.247-32,247,train,4352,256,0,False
FAR52_0545,52.247-32,247,train,4412,256,0,False
FAR52_0545,52.247-32,247,train,4480,188,68,True
FAR52_0545,52.247-32,247,train,4608,60,196,True
FAR52_0546,52.247-33,247,train,0,256,0,False
FAR52_0546,52.247-33,247,train,128,256,0,False
FAR52_0546,52.247-33,247,train,256,256,0,False
FAR52_0546,52.247-33,247,train,384,256,0,False
FAR52_0546,52.247-33,247,train,512,256,0,False
FAR52_0546,52.247-33,247,train,640,256,0,False
FAR52_0546,52.247-33,247,train,768,256,0,False
FAR52_0546,52.247-33,247,train,896,256,0,False
FAR52_0546,52.247-33,247,train,1024,256,0,False
FAR52_0546,52.247-33,247,train,1152,256,0,False
FAR52_0546,52.247-33,247,train,1280,256,0,False
FAR52_0546,52.247-33,247,train,1408,256,0,False
FAR52_0546,52.247-33,247,train,1536,256,0,False
FAR52_0546,52.247-33,247,train,1664,256,0,False
FAR52_0546,52.247-33,247,train,1792,256,0,False
FAR52_0546,52.247-33,247,train,1920,256,0,False
FAR52_0546,52.247-33,247,train,2048,256,0,False
FAR52_0546,52.247-33,247,train,2176,256,0,False
FAR52_0546,52.247-33,247,train,2304,256,0,False
FAR52_0546,52.247-33,247,train,2432,256,0,False
FAR52_0546,52.247-33,247,train,2560,256,0,False
FAR52_0546,52.247-33,247,train,2688,256,0,False
FAR52_0546,52.247-33,247,train,2816,256,0,False
FAR52_0546,52.247-33,247,train,2944,256,0,False
FAR52_0546,52.247-33,247,train,3072,256,0,False
FAR52_0546,52.247-33,247,train,3200,256,0,False
FAR52_0546,52.247-33,247,train,3328,256,0,False
FAR52_0546,52.247-33,247,train,3456,256,0,False
FAR52_0546,52.247-33,247,train,3584,256,0,False
FAR52_0546,52.247-33,247,train,3712,256,0,False
FAR52_0546,52.247-33,247,train,3840,256,0,False
FAR52_0546,52.247-33,247,train,3968,256,0,False
FAR52_0546,52.247-33,247,train,4096,256,0,False
FAR52_0546,52.247-33,247,train,4224,256,0,False
FAR52_0546,52.247-33,247,train,4352,256,0,False
FAR52_0546,52.247-33,247,train,4480,256,0,False
FAR52_0546,52.247-33,247,train,4608,256,0,False
FAR52_0546,52.247-33,247,train,4736,256,0,False
FAR52_0546,52.247-33,247,train,4864,256,0,False
FAR52_0546,52.247-33,247,train,4992,256,0,False
FAR52_0546,52.247-33,247,train,5120,256,0,False
FAR52_0546,52.247-33,247,train,5248,256,0,False
FAR52_0546,52.247-33,247,train,5331,256,0,False
FAR52_0546,52.247-33,247,train,5376,211,45,True
FAR52_0546,52.247-33,247,train,5504,83,173,True
FAR52_0547,52.247-34,247,train,0,256,0,False
FAR52_0547,52.247-34,247,train,128,256,0,False
FAR52_0547,52.247-34,247,train,256,256,0,False
FAR52_0547,52.247-34,247,train,384,256,0,False
FAR52_0547,52.247-34,247,train,512,256,0,False
FAR52_0547,52.247-34,247,train,640,256,0,False
FAR52_0547,52.247-34,247,train,768,256,0,False
FAR52_0547,52.247-34,247,train,896,256,0,False
FAR52_0547,52.247-34,247,train,1024,256,0,False
FAR52_0547,52.247-34,247,train,1152,256,0,False
FAR52_0547,52.247-34,247,train,1280,256,0,False
FAR52_0547,52.247-34,247,train,1408,256,0,False
FAR52_0547,52.247-34,247,train,1536,256,0,False
FAR52_0547,52.247-34,247,train,1664,256,0,False
FAR52_0547,52.247-34,247,train,1792,256,0,False
FAR52_0547,52.247-34,247,train,1920,256,0,False
FAR52_0547,52.247-34,247,train,2048,256,0,False
FAR52_0547,52.247-34,247,train,2176,256,0,False
FAR52_0547,52.247-34,247,train,2269,256,0,False
FAR52_0547,52.247-34,247,train,2304,221,35,True
FAR52_0547,52.247-34,247,train,2432,93,163,True
FAR52_0548,52.247-35,247,train,0,256,0,False
FAR52_0548,52.247-35,247,train,128,256,0,False
FAR52_0548,52.247-35,247,train,256,256,0,False
FAR52_0548,52.247-35,247,train,384,256,0,False
FAR52_0548,52.247-35,247,train,512,256,0,False
FAR52_0548,52.247-35,247,train,640,256,0,False
FAR52_0548,52.247-35,247,train,768,256,0,False
FAR52_0548,52.247-35,247,train,896,256,0,False
FAR52_0548,52.247-35,247,train,995,256,0,False
FAR52_0548,52.247-35,247,train,1024,227,29,True
FAR52_0548,52.247-35,247,train,1152,99,157,True
FAR52_0549,52.247-36,247,train,0,256,0,False
FAR52_0549,52.247-36,247,train,128,256,0,False
FAR52_0549,52.247-36,247,train,256,256,0,False
FAR52_0549,52.247-36,247,train,384,256,0,False
FAR52_0549,52.247-36,247,train,512,256,0,False
FAR52_0549,52.247-36,247,train,640,256,0,False
FAR52_0549,52.247-36,247,train,768,256,0,False
FAR52_0549,52.247-36,247,train,896,256,0,False
FAR52_0549,52.247-36,247,train,1024,256,0,False
FAR52_0549,52.247-36,247,train,1152,256,0,False
FAR52_0549,52.247-36,247,train,1244,256,0,False
FAR52_0549,52.247-36,247,train,1280,220,36,True
FAR52_0549,52.247-36,247,train,1408,92,164,True
FAR52_0550,52.247-37,247,train,0,256,0,False
FAR52_0550,52.247-37,247,train,128,256,0,False
FAR52_0550,52.247-37,247,train,256,256,0,False
FAR52_0550,52.247-37,247,train,384,256,0,False
FAR52_0550,52.247-37,247,train,512,256,0,False
FAR52_0550,52.247-37,247,train,640,256,0,False
FAR52_0550,52.247-37,247,train,768,256,0,False
FAR52_0550,52.247-37,247,train,896,256,0,False
FAR52_0550,52.247-37,247,train,1024,256,0,False
FAR52_0550,52.247-37,247,train,1079,256,0,False
FAR52_0550,52.247-37,247,train,1152,183,73,True
FAR52_0550,52.247-37,247,train,1280,55,201,True
FAR52_0551,52.247-38,247,train,0,256,0,False
FAR52_0551,52.247-38,247,train,128,256,0,False
FAR52_0551,52.247-38,247,train,256,256,0,False
FAR52_0551,52.247-38,247,train,384,256,0,False
FAR52_0551,52.247-38,247,train,512,256,0,False
FAR52_0551,52.247-38,247,train,640,256,0,False
FAR52_0551,52.247-38,247,train,768,256,0,False
FAR52_0551,52.247-38,247,train,896,256,0,False
FAR52_0551,52.247-38,247,train,1024,256,0,False
FAR52_0551,52.247-38,247,train,1152,256,0,False
FAR52_0551,52.247-38,247,train,1230,256,0,False
FAR52_0551,52.247-38,247,train,1280,206,50,True
FAR52_0551,52.247-38,247,train,1408,78,178,True
FAR52_0552,52.247-39,247,train,0,256,0,False
FAR52_0552,52.247-39,247,train,128,256,0,False
FAR52_0552,52.247-39,247,train,256,256,0,False
FAR52_0552,52.247-39,247,train,384,256,0,False
FAR52_0552,52.247-39,247,train,512,256,0,False
FAR52_0552,52.247-39,247,train,640,256,0,False
FAR52_0552,52.247-39,247,train,768,256,0,False
FAR52_0552,52.247-39,247,train,896,256,0,False
FAR52_0552,52.247-39,247,train,1024,256,0,False
FAR52_0552,52.247-39,247,train,1152,256,0,False
FAR52_0552,52.247-39,247,train,1192,256,0,False
FAR52_0552,52.247-39,247,train,1280,168,88,True
FAR52_0552,52.247-39,247,train,1408,40,216,True
FAR52_0553,52.247-40,247,train,0,256,0,False
FAR52_0553,52.247-40,247,train,128,256,0,False
FAR52_0553,52.247-40,247,train,256,256,0,False
FAR52_0553,52.247-40,247,train,384,256,0,False
FAR52_0553,52.247-40,247,train,512,256,0,False
FAR52_0553,52.247-40,247,train,640,256,0,False
FAR52_0553,52.247-40,247,train,768,256,0,False
FAR52_0553,52.247-40,247,train,896,256,0,False
FAR52_0553,52.247-40,247,train,1024,256,0,False
FAR52_0553,52.247-40,247,train,1085,256,0,False
FAR52_0553,52.247-40,247,train,1152,189,67,True
FAR52_0553,52.247-40,247,train,1280,61,195,True
FAR52_0554,52.247-41,247,test,0,256,0,False
FAR52_0554,52.247-41,247,test,128,256,0,False
FAR52_0554,52.247-41,247,test,256,256,0,False
FAR52_0554,52.247-41,247,test,384,256,0,False
FAR52_0554,52.247-41,247,test,512,256,0,False
FAR52_0554,52.247-41,247,test,640,256,0,False
FAR52_0554,52.247-41,247,test,768,256,0,False
FAR52_0554,52.247-41,247,test,896,256,0,False
FAR52_0554,52.247-41,247,test,1024,256,0,False
FAR52_0554,52.247-41,247,test,1146,256,0,False
FAR52_0554,52.247-41,247,test,1152,250,6,True
FAR52_0554,52.247-41,247,test,1280,122,134,True
FAR52_0555,52.247-42,247,train,0,256,0,False
FAR52_0555,52.247-42,247,train,128,256,0,False
FAR52_0555,52.247-42,247,train,256,256,0,False
FAR52_0555,52.247-42,247,train,384,256,0,False
FAR52_0555,52.247-42,247,train,512,256,0,False
FAR52_0555,52.247-42,247,train,640,256,0,False
FAR52_0555,52.247-42,247,train,768,256,0,False
FAR52_0555,52.247-42,247,train,896,256,0,False
FAR52_0555,52.247-42,247,train,1024,256,0,False
FAR52_0555,52.247-42,247,train,1152,256,0,False
FAR52_0555,52.247-42,247,train,1280,256,0,False
FAR52_0555,52.247-42,247,train,1385,256,0,False
FAR52_0555,52.247-42,247,train,1408,233,23,True
FAR52_0555,52.247-42,247,train,1536,105,151,True
FAR52_0556,52.247-43,247,train,0,256,0,False
FAR52_0556,52.247-43,247,train,128,256,0,False
FAR52_0556,52.247-43,247,train,256,256,0,False
FAR52_0556,52.247-43,247,train,384,256,0,False
FAR52_0556,52.247-43,247,train,512,256,0,False
FAR52_0556,52.247-43,247,train,640,256,0,False
FAR52_0556,52.247-43,247,train,768,256,0,False
FAR52_0556,52.247-43,247,train,896,256,0,False
FAR52_0556,52.247-43,247,train,1024,256,0,False
FAR52_0556,52.247-43,247,train,1152,256,0,False
FAR52_0556,52.247-43,247,train,1280,256,0,False
FAR52_0556,52.247-43,247,train,1377,256,0,False
FAR52_0556,52.247-43,247,train,1408,225,31,True
FAR52_0556,52.247-43,247,train,1536,97,159,True
FAR52_0557,52.247-44,247,train,0,256,0,False
FAR52_0557,52.247-44,247,train,128,256,0,False
FAR52_0557,52.247-44,247,train,256,256,0,False
FAR52_0557,52.247-44,247,train,384,256,0,False
FAR52_0557,52.247-44,247,train,512,256,0,False
FAR52_0557,52.247-44,247,train,640,256,0,False
FAR52_0557,52.247-44,247,train,768,256,0,False
FAR52_0557,52.247-44,247,train,896,256,0,False
FAR52_0557,52.247-44,247,train,1024,256,0,False
FAR52_0557,52.247-44,247,train,1152,256,0,False
FAR52_0557,52.247-44,247,train,1239,256,0,False
FAR52_0557,52.247-44,247,train,1280,215,41,True
FAR52_0557,52.247-44,247,train,1408,87,169,True
FAR52_0558,52.247-45,247,train,0,256,0,False
FAR52_0558,52.247-45,247,train,128,256,0,False
FAR52_0558,52.247-45,247,train,256,256,0,False
FAR52_0558,52.247-45,247,train,384,256,0,False
FAR52_0558,52.247-45,247,train,512,128,128,True
FAR52_0559,52.247-46,247,train,0,256,0,False
FAR52_0559,52.247-46,247,train,128,256,0,False
FAR52_0559,52.247-46,247,train,256,256,0,False
FAR52_0559,52.247-46,247,train,384,256,0,False
FAR52_0559,52.247-46,247,train,512,256,0,False
FAR52_0559,52.247-46,247,train,640,256,0,False
FAR52_0559,52.247-46,247,train,768,256,0,False
FAR52_0559,52.247-46,247,train,896,256,0,False
FAR52_0559,52.247-46,247,train,1024,256,0,False
FAR52_0559,52.247-46,247,train,1130,256,0,False
FAR52_0559,52.247-46,247,train,1152,234,22,True
FAR52_0559,52.247-46,247,train,1280,106,150,True
FAR52_0560,52.247-47,247,train,0,256,0,False
FAR52_0560,52.247-47,247,train,128,256,0,False
FAR52_0560,52.247-47,247,train,256,256,0,False
FAR52_0560,52.247-47,247,train,384,256,0,False
FAR52_0560,52.247-47,247,train,512,256,0,False
FAR52_0560,52.247-47,247,train,640,256,0,False
FAR52_0560,52.247-47,247,train,768,256,0,False
FAR52_0560,52.247-47,247,train,781,256,0,False
FAR52_0560,52.247-47,247,train,896,141,115,True
FAR52_0560,52.247-47,247,train,1024,13,243,True
FAR52_0561,52.247-48,247,train,0,256,0,False
FAR52_0561,52.247-48,247,train,128,256,0,False
FAR52_0561,52.247-48,247,train,256,256,0,False
FAR52_0561,52.247-48,247,train,384,256,0,False
FAR52_0561,52.247-48,247,train,512,256,0,False
FAR52_0561,52.247-48,247,train,640,256,0,False
FAR52_0561,52.247-48,247,train,768,256,0,False
FAR52_0561,52.247-48,247,train,896,256,0,False
FAR52_0561,52.247-48,247,train,965,256,0,False
FAR52_0561,52.247-48,247,train,1024,197,59,True
FAR52_0561,52.247-48,247,train,1152,69,187,True
FAR52_0562,52.247-49,247,train,0,256,0,False
FAR52_0562,52.247-49,247,train,128,256,0,False
FAR52_0562,52.247-49,247,train,152,256,0,False
FAR52_0562,52.247-49,247,train,256,152,104,True
FAR52_0562,52.247-49,247,train,384,24,232,True
FAR52_0563,52.247-50,247,train,0,256,0,False
FAR52_0563,52.247-50,247,train,128,256,0,False
FAR52_0563,52.247-50,247,train,213,256,0,False
FAR52_0563,52.247-50,247,train,256,213,43,True
FAR52_0563,52.247-50,247,train,384,85,171,True
FAR52_0564,52.247-51,247,train,0,256,0,False
FAR52_0564,52.247-51,247,train,128,256,0,False
FAR52_0564,52.247-51,247,train,256,256,0,False
FAR52_0564,52.247-51,247,train,384,256,0,False
FAR52_0564,52.247-51,247,train,512,256,0,False
FAR52_0564,52.247-51,247,train,640,256,0,False
FAR52_0564,52.247-51,247,train,768,256,0,False
FAR52_0564,52.247-51,247,train,896,256,0,False
FAR52_0564,52.247-51,247,train,1024,256,0,False
FAR52_0564,52.247-51,247,train,1152,256,0,False
FAR52_0564,52.247-51,247,train,1280,256,0,False
FAR52_0564,52.247-51,247,train,1408,256,0,False
FAR52_0564,52.247-51,247,train,1536,256,0,False
FAR52_0564,52.247-51,247,train,1664,256,0,False
FAR52_0564,52.247-51,247,train,1792,256,0,False
FAR52_0564,52.247-51,247,train,1920,256,0,False
FAR52_0564,52.247-51,247,train,2048,256,0,False
FAR52_0564,52.247-51,247,train,2176,256,0,False
FAR52_0564,52.247-51,247,train,2304,256,0,False
FAR52_0564,52.247-51,247,train,2432,256,0,False
FAR52_0564,52.247-51,247,train,2560,256,0,False
FAR52_0564,52.247-51,247,train,2688,256,0,False
FAR52_0564,52.247-51,247,train,2816,256,0,False
FAR52_0564,52.247-51,247,train,2944,256,0,False
FAR52_0564,52.247-51,247,train,3072,256,0,False
FAR52_0564,52.247-51,247,train,3200,256,0,False
FAR52_0564,52.247-51,247,train,3328,256,0,False
FAR52_0564,52.247-51,247,train,3456,256,0,False
FAR52_0564,52.247-51,247,train,3584,256,0,False
FAR52_0564,52.247-51,247,train,3712,256,0,False
FAR52_0564,52.247-51,247,train,3840,256,0,False
FAR52_0564,52.247-51,247,train,3968,256,0,False
FAR52_0564,52.247-51,247,train,4096,256,0,False
FAR52_0564,52.247-51,247,train,4224,256,0,False
FAR52_0564,52.247-51,247,train,4352,256,0,False
FAR52_0564,52.247-51,247,train,4480,256,0,False
FAR52_0564,52.247-51,247,train,4608,256,0,False
FAR52_0564,52.247-51,247,train,4736,256,0,False
FAR52_0564,52.247-51,247,train,4864,256,0,False
FAR52_0564,52.247-51,247,train,4992,256,0,False
FAR52_0564,52.247-51,247,train,5120,256,0,False
FAR52_0564,52.247-51,247,train,5248,256,0,False
FAR52_0564,52.247-51,247,train,5376,256,0,False
FAR52_0564,52.247-51,247,train,5504,256,0,False
FAR52_0564,52.247-51,247,train,5632,256,0,False
FAR52_0564,52.247-51,247,train,5760,256,0,False
FAR52_0564,52.247-51,247,train,5888,256,0,False
FAR52_0564,52.247-51,247,train,6016,256,0,False
FAR52_0564,52.247-51,247,train,6144,256,0,False
FAR52_0564,52.247-51,247,train,6272,256,0,False
FAR52_0564,52.247-51,247,train,6400,256,0,False
FAR52_0564,52.247-51,247,train,6528,256,0,False
FAR52_0564,52.247-51,247,train,6656,256,0,False
FAR52_0564,52.247-51,247,train,6784,256,0,False
FAR52_0564,52.247-51,247,train,6912,256,0,False
FAR52_0564,52.247-51,247,train,7040,256,0,False
FAR52_0564,52.247-51,247,train,7168,256,0,False
FAR52_0564,52.247-51,247,train,7296,256,0,False
FAR52_0564,52.247-51,247,train,7424,256,0,False
FAR52_0564,52.247-51,247,train,7552,256,0,False
FAR52_0564,52.247-51,247,train,7680,256,0,False
FAR52_0564,52.247-51,247,train,7795,256,0,False
FAR52_0564,52.247-51,247,train,7808,243,13,True
FAR52_0564,52.247-51,247,train,7936,115,141,True
FAR52_0565,52.247-52,247,train,0,256,0,False
FAR52_0565,52.247-52,247,train,128,256,0,False
FAR52_0565,52.247-52,247,train,256,256,0,False
FAR52_0565,52.247-52,247,train,384,256,0,False
FAR52_0565,52.247-52,247,train,512,256,0,False
FAR52_0565,52.247-52,247,train,640,256,0,False
FAR52_0565,52.247-52,247,train,768,256,0,False
FAR52_0565,52.247-52,247,train,896,256,0,False
FAR52_0565,52.247-52,247,train,1024,256,0,False
FAR52_0565,52.247-52,247,train,1152,256,0,False
FAR52_0565,52.247-52,247,train,1280,256,0,False
FAR52_0565,52.247-52,247,train,1408,256,0,False
FAR52_0565,52.247-52,247,train,1536,256,0,False
FAR52_0565,52.247-52,247,train,1664,256,0,False
FAR52_0565,52.247-52,247,train,1792,256,0,False
FAR52_0565,52.247-52,247,train,1920,256,0,False
FAR52_0565,52.247-52,247,train,2048,256,0,False
FAR52_0565,52.247-52,247,train,2176,256,0,False
FAR52_0565,52.247-52,247,train,2304,256,0,False
FAR52_0565,52.247-52,247,train,2432,256,0,False
FAR52_0565,52.247-52,247,train,2560,256,0,False
FAR52_0565,52.247-52,247,train,2688,256,0,False
FAR52_0565,52.247-52,247,train,2816,256,0,False
FAR52_0565,52.247-52,247,train,2944,256,0,False
FAR52_0565,52.247-52,247,train,3072,256,0,False
FAR52_0565,52.247-52,247,train,3200,256,0,False
FAR52_0565,52.247-52,247,train,3328,256,0,False
FAR52_0565,52.247-52,247,train,3456,256,0,False
FAR52_0565,52.247-52,247,train,3584,256,0,False
FAR52_0565,52.247-52,247,train,3712,256,0,False
FAR52_0565,52.247-52,247,train,3840,256,0,False
FAR52_0565,52.247-52,247,train,3968,256,0,False
FAR52_0565,52.247-52,247,train,4061,256,0,False
FAR52_0565,52.247-52,247,train,4096,221,35,True
FAR52_0565,52.247-52,247,train,4224,93,163,True
FAR52_0566,52.247-53,247,train,0,256,0,False
FAR52_0566,52.247-53,247,train,128,256,0,False
FAR52_0566,52.247-53,247,train,256,256,0,False
FAR52_0566,52.247-53,247,train,384,256,0,False
FAR52_0566,52.247-53,247,train,512,256,0,False
FAR52_0566,52.247-53,247,train,640,256,0,False
FAR52_0566,52.247-53,247,train,768,256,0,False
FAR52_0566,52.247-53,247,train,896,256,0,False
FAR52_0566,52.247-53,247,train,1024,256,0,False
FAR52_0566,52.247-53,247,train,1152,256,0,False
FAR52_0566,52.247-53,247,train,1165,256,0,False
FAR52_0566,52.247-53,247,train,1280,141,115,True
FAR52_0566,52.247-53,247,train,1408,13,243,True
FAR52_0567,52.247-55,247,train,0,256,0,False
FAR52_0567,52.247-55,247,train,128,256,0,False
FAR52_0567,52.247-55,247,train,256,256,0,False
FAR52_0567,52.247-55,247,train,384,256,0,False
FAR52_0567,52.247-55,247,train,512,256,0,False
FAR52_0567,52.247-55,247,train,640,256,0,False
FAR52_0567,52.247-55,247,train,768,256,0,False
FAR52_0567,52.247-55,247,train,896,256,0,False
FAR52_0567,52.247-55,247,train,1024,256,0,False
FAR52_0567,52.247-55,247,train,1152,256,0,False
FAR52_0567,52.247-55,247,train,1280,256,0,False
FAR52_0567,52.247-55,247,train,1408,256,0,False
FAR52_0567,52.247-55,247,train,1536,256,0,False
FAR52_0567,52.247-55,247,train,1664,256,0,False
FAR52_0567,52.247-55,247,train,1792,256,0,False
FAR52_0567,52.247-55,247,train,1920,256,0,False
FAR52_0567,52.247-55,247,train,2048,256,0,False
FAR52_0567,52.247-55,247,train,2175,256,0,False
FAR52_0567,52.247-55,247,train,2176,255,1,True
FAR52_0567,52.247-55,247,train,2304,127,129,True
FAR52_0568,52.247-56,247,validation,0,256,0,False
FAR52_0568,52.247-56,247,validation,128,256,0,False
FAR52_0568,52.247-56,247,validation,256,256,0,False
FAR52_0568,52.247-56,247,validation,384,256,0,False
FAR52_0568,52.247-56,247,validation,490,256,0,False
FAR52_0568,52.247-56,247,validation,512,234,22,True
FAR52_0568,52.247-56,247,validation,640,106,150,True
FAR52_0569,52.247-57,247,validation,0,256,0,False
FAR52_0569,52.247-57,247,validation,128,256,0,False
FAR52_0569,52.247-57,247,validation,256,256,0,False
FAR52_0569,52.247-57,247,validation,384,256,0,False
FAR52_0569,52.247-57,247,validation,512,256,0,False
FAR52_0569,52.247-57,247,validation,640,256,0,False
FAR52_0569,52.247-57,247,validation,768,256,0,False
FAR52_0569,52.247-57,247,validation,896,256,0,False
FAR52_0569,52.247-57,247,validation,1024,256,0,False
FAR52_0569,52.247-57,247,validation,1152,256,0,False
FAR52_0569,52.247-57,247,validation,1280,256,0,False
FAR52_0569,52.247-57,247,validation,1408,256,0,False
FAR52_0569,52.247-57,247,validation,1536,256,0,False
FAR52_0569,52.247-57,247,validation,1664,256,0,False
FAR52_0569,52.247-57,247,validation,1792,256,0,False
FAR52_0569,52.247-57,247,validation,1920,256,0,False
FAR52_0569,52.247-57,247,validation,2048,256,0,False
FAR52_0569,52.247-57,247,validation,2140,256,0,False
FAR52_0569,52.247-57,247,validation,2176,220,36,True
FAR52_0569,52.247-57,247,validation,2304,92,164,True
FAR52_0570,52.247-58,247,train,0,256,0,False
FAR52_0570,52.247-58,247,train,128,256,0,False
FAR52_0570,52.247-58,247,train,256,256,0,False
FAR52_0570,52.247-58,247,train,384,256,0,False
FAR52_0570,52.247-58,247,train,512,256,0,False
FAR52_0570,52.247-58,247,train,640,256,0,False
FAR52_0570,52.247-58,247,train,768,256,0,False
FAR52_0570,52.247-58,247,train,896,256,0,False
FAR52_0570,52.247-58,247,train,927,256,0,False
FAR52_0570,52.247-58,247,train,1024,159,97,True
FAR52_0570,52.247-58,247,train,1152,31,225,True
FAR52_0571,52.247-59,247,test,0,256,0,False
FAR52_0571,52.247-59,247,test,128,256,0,False
FAR52_0571,52.247-59,247,test,256,256,0,False
FAR52_0571,52.247-59,247,test,384,256,0,False
FAR52_0571,52.247-59,247,test,512,256,0,False
FAR52_0571,52.247-59,247,test,640,256,0,False
FAR52_0571,52.247-59,247,test,768,256,0,False
FAR52_0571,52.247-59,247,test,896,256,0,False
FAR52_0571,52.247-59,247,test,1024,256,0,False
FAR52_0571,52.247-59,247,test,1152,256,0,False
FAR52_0571,52.247-59,247,test,1280,256,0,False
FAR52_0571,52.247-59,247,test,1408,256,0,False
FAR52_0571,52.247-59,247,test,1536,256,0,False
FAR52_0571,52.247-59,247,test,1539,256,0,False
FAR52_0571,52.247-59,247,test,1664,131,125,True
FAR52_0571,52.247-59,247,test,1792,3,253,True
FAR52_0572,52.247-60,247,train,0,256,0,False
FAR52_0572,52.247-60,247,train,128,256,0,False
FAR52_0572,52.247-60,247,train,256,256,0,False
FAR52_0572,52.247-60,247,train,384,256,0,False
FAR52_0572,52.247-60,247,train,512,256,0,False
FAR52_0572,52.247-60,247,train,640,256,0,False
FAR52_0572,52.247-60,247,train,768,256,0,False
FAR52_0572,52.247-60,247,train,896,256,0,False
FAR52_0572,52.247-60,247,train,1024,256,0,False
FAR52_0572,52.247-60,247,train,1152,256,0,False
FAR52_0572,52.247-60,247,train,1280,256,0,False
FAR52_0572,52.247-60,247,train,1408,256,0,False
FAR52_0572,52.247-60,247,train,1536,256,0,False
FAR52_0572,52.247-60,247,train,1664,256,0,False
FAR52_0572,52.247-60,247,train,1792,256,0,False
FAR52_0572,52.247-60,247,train,1920,256,0,False
FAR52_0572,52.247-60,247,train,2048,256,0,False
FAR52_0572,52.247-60,247,train,2176,256,0,False
FAR52_0572,52.247-60,247,train,2304,256,0,False
FAR52_0572,52.247-60,247,train,2432,256,0,False
FAR52_0572,52.247-60,247,train,2554,256,0,False
FAR52_0572,52.247-60,247,train,2560,250,6,True
FAR52_0572,52.247-60,247,train,2688,122,134,True
FAR52_0573,52.247-61,247,validation,0,256,0,False
FAR52_0573,52.247-61,247,validation,128,256,0,False
FAR52_0573,52.247-61,247,validation,256,256,0,False
FAR52_0573,52.247-61,247,validation,384,256,0,False
FAR52_0573,52.247-61,247,validation,512,256,0,False
FAR52_0573,52.247-61,247,validation,640,256,0,False
FAR52_0573,52.247-61,247,validation,768,256,0,False
FAR52_0573,52.247-61,247,validation,896,256,0,False
FAR52_0573,52.247-61,247,validation,1024,256,0,False
FAR52_0573,52.247-61,247,validation,1072,256,0,False
FAR52_0573,52.247-61,247,validation,1152,176,80,True
FAR52_0573,52.247-61,247,validation,1280,48,208,True
FAR52_0574,52.247-62,247,train,0,256,0,False
FAR52_0574,52.247-62,247,train,128,256,0,False
FAR52_0574,52.247-62,247,train,256,256,0,False
FAR52_0574,52.247-62,247,train,384,256,0,False
FAR52_0574,52.247-62,247,train,512,256,0,False
FAR52_0574,52.247-62,247,train,640,256,0,False
FAR52_0574,52.247-62,247,train,768,256,0,False
FAR52_0574,52.247-62,247,train,896,256,0,False
FAR52_0574,52.247-62,247,train,1024,256,0,False
FAR52_0574,52.247-62,247,train,1152,256,0,False
FAR52_0574,52.247-62,247,train,1195,256,0,False
FAR52_0574,52.247-62,247,train,1280,171,85,True
FAR52_0574,52.247-62,247,train,1408,43,213,True
FAR52_0575,52.247-63,247,train,0,256,0,False
FAR52_0575,52.247-63,247,train,128,256,0,False
FAR52_0575,52.247-63,247,train,256,256,0,False
FAR52_0575,52.247-63,247,train,384,256,0,False
FAR52_0575,52.247-63,247,train,512,256,0,False
FAR52_0575,52.247-63,247,train,640,256,0,False
FAR52_0575,52.247-63,247,train,768,256,0,False
FAR52_0575,52.247-63,247,train,896,256,0,False
FAR52_0575,52.247-63,247,train,1024,256,0,False
FAR52_0575,52.247-63,247,train,1152,256,0,False
FAR52_0575,52.247-63,247,train,1280,256,0,False
FAR52_0575,52.247-63,247,train,1408,256,0,False
FAR52_0575,52.247-63,247,train,1536,256,0,False
FAR52_0575,52.247-63,247,train,1664,256,0,False
FAR52_0575,52.247-63,247,train,1792,256,0,False
FAR52_0575,52.247-63,247,train,1920,256,0,False
FAR52_0575,52.247-63,247,train,2048,256,0,False
FAR52_0575,52.247-63,247,train,2176,256,0,False
FAR52_0575,52.247-63,247,train,2304,256,0,False
FAR52_0575,52.247-63,247,train,2432,256,0,False
FAR52_0575,52.247-63,247,train,2526,256,0,False
FAR52_0575,52.247-63,247,train,2560,222,34,True
FAR52_0575,52.247-63,247,train,2688,94,162,True
FAR52_0576,52.247-64,247,train,0,256,0,False
FAR52_0576,52.247-64,247,train,128,256,0,False
FAR52_0576,52.247-64,247,train,256,256,0,False
FAR52_0576,52.247-64,247,train,384,256,0,False
FAR52_0576,52.247-64,247,train,512,256,0,False
FAR52_0576,52.247-64,247,train,640,256,0,False
FAR52_0576,52.247-64,247,train,768,256,0,False
FAR52_0576,52.247-64,247,train,896,256,0,False
FAR52_0576,52.247-64,247,train,1024,256,0,False
FAR52_0576,52.247-64,247,train,1152,256,0,False
FAR52_0576,52.247-64,247,train,1280,256,0,False
FAR52_0576,52.247-64,247,train,1408,256,0,False
FAR52_0576,52.247-64,247,train,1536,256,0,False
FAR52_0576,52.247-64,247,train,1664,256,0,False
FAR52_0576,52.247-64,247,train,1792,256,0,False
FAR52_0576,52.247-64,247,train,1920,256,0,False
FAR52_0576,52.247-64,247,train,2048,256,0,False
FAR52_0576,52.247-64,247,train,2176,256,0,False
FAR52_0576,52.247-64,247,train,2304,256,0,False
FAR52_0576,52.247-64,247,train,2432,256,0,False
FAR52_0576,52.247-64,247,train,2560,256,0,False
FAR52_0576,52.247-64,247,train,2688,256,0,False
FAR52_0576,52.247-64,247,train,2816,256,0,False
FAR52_0576,52.247-64,247,train,2944,256,0,False
FAR52_0576,52.247-64,247,train,3072,256,0,False
FAR52_0576,52.247-64,247,train,3200,256,0,False
FAR52_0576,52.247-64,247,train,3328,256,0,False
FAR52_0576,52.247-64,247,train,3456,256,0,False
FAR52_0576,52.247-64,247,train,3584,256,0,False
FAR52_0576,52.247-64,247,train,3712,256,0,False
FAR52_0576,52.247-64,247,train,3840,256,0,False
FAR52_0576,52.247-64,247,train,3968,256,0,False
FAR52_0576,52.247-64,247,train,4096,256,0,False
FAR52_0576,52.247-64,247,train,4224,256,0,False
FAR52_0576,52.247-64,247,train,4352,256,0,False
FAR52_0576,52.247-64,247,train,4480,256,0,False
FAR52_0576,52.247-64,247,train,4608,256,0,False
FAR52_0576,52.247-64,247,train,4736,256,0,False
FAR52_0576,52.247-64,247,train,4864,256,0,False
FAR52_0576,52.247-64,247,train,4992,256,0,False
FAR52_0576,52.247-64,247,train,5120,256,0,False
FAR52_0576,52.247-64,247,train,5248,256,0,False
FAR52_0576,52.247-64,247,train,5376,256,0,False
FAR52_0576,52.247-64,247,train,5504,256,0,False
FAR52_0576,52.247-64,247,train,5632,256,0,False
FAR52_0576,52.247-64,247,train,5760,256,0,False
FAR52_0576,52.247-64,247,train,5888,256,0,False
FAR52_0576,52.247-64,247,train,6016,256,0,False
FAR52_0576,52.247-64,247,train,6144,256,0,False
FAR52_0576,52.247-64,247,train,6272,256,0,False
FAR52_0576,52.247-64,247,train,6400,256,0,False
FAR52_0576,52.247-64,247,train,6500,256,0,False
FAR52_0576,52.247-64,247,train,6528,228,28,True
FAR52_0576,52.247-64,247,train,6656,100,156,True
FAR52_0577,52.247-65,247,train,0,256,0,False
FAR52_0577,52.247-65,247,train,128,256,0,False
FAR52_0577,52.247-65,247,train,256,256,0,False
FAR52_0577,52.247-65,247,train,384,256,0,False
FAR52_0577,52.247-65,247,train,512,256,0,False
FAR52_0577,52.247-65,247,train,640,256,0,False
FAR52_0577,52.247-65,247,train,768,256,0,False
FAR52_0577,52.247-65,247,train,896,256,0,False
FAR52_0577,52.247-65,247,train,1024,256,0,False
FAR52_0577,52.247-65,247,train,1152,256,0,False
FAR52_0577,52.247-65,247,train,1280,256,0,False
FAR52_0577,52.247-65,247,train,1408,256,0,False
FAR52_0577,52.247-65,247,train,1527,256,0,False
FAR52_0577,52.247-65,247,train,1536,247,9,True
FAR52_0577,52.247-65,247,train,1664,119,137,True
FAR52_0578,52.247-66,247,train,0,256,0,False
FAR52_0578,52.247-66,247,train,128,256,0,False
FAR52_0578,52.247-66,247,train,256,256,0,False
FAR52_0578,52.247-66,247,train,384,256,0,False
FAR52_0578,52.247-66,247,train,512,256,0,False
FAR52_0578,52.247-66,247,train,640,256,0,False
FAR52_0578,52.247-66,247,train,768,256,0,False
FAR52_0578,52.247-66,247,train,896,256,0,False
FAR52_0578,52.247-66,247,train,1024,256,0,False
FAR52_0578,52.247-66,247,train,1152,256,0,False
FAR52_0578,52.247-66,247,train,1280,256,0,False
FAR52_0578,52.247-66,247,train,1408,256,0,False
FAR52_0578,52.247-66,247,train,1536,256,0,False
FAR52_0578,52.247-66,247,train,1664,256,0,False
FAR52_0578,52.247-66,247,train,1792,256,0,False
FAR52_0578,52.247-66,247,train,1920,256,0,False
FAR52_0578,52.247-66,247,train,2048,256,0,False
FAR52_0578,52.247-66,247,train,2176,256,0,False
FAR52_0578,52.247-66,247,train,2282,256,0,False
FAR52_0578,52.247-66,247,train,2304,234,22,True
FAR52_0578,52.247-66,247,train,2432,106,150,True
FAR52_0579,52.247-67,247,train,0,256,0,False
FAR52_0579,52.247-67,247,train,128,256,0,False
FAR52_0579,52.247-67,247,train,256,256,0,False
FAR52_0579,52.247-67,247,train,384,256,0,False
FAR52_0579,52.247-67,247,train,512,256,0,False
FAR52_0579,52.247-67,247,train,640,256,0,False
FAR52_0579,52.247-67,247,train,768,256,0,False
FAR52_0579,52.247-67,247,train,896,256,0,False
FAR52_0579,52.247-67,247,train,911,256,0,False
FAR52_0579,52.247-67,247,train,1024,143,113,True
FAR52_0579,52.247-67,247,train,1152,15,241,True
FAR52_0580,52.247-68,247,train,0,256,0,False
FAR52_0580,52.247-68,247,train,128,256,0,False
FAR52_0580,52.247-68,247,train,256,256,0,False
FAR52_0580,52.247-68,247,train,384,256,0,False
FAR52_0580,52.247-68,247,train,512,256,0,False
FAR52_0580,52.247-68,247,train,640,256,0,False
FAR52_0580,52.247-68,247,train,768,256,0,False
FAR52_0580,52.247-68,247,train,896,256,0,False
FAR52_0580,52.247-68,247,train,1024,256,0,False
FAR52_0580,52.247-68,247,train,1152,256,0,False
FAR52_0580,52.247-68,247,train,1280,256,0,False
FAR52_0580,52.247-68,247,train,1408,256,0,False
FAR52_0580,52.247-68,247,train,1536,256,0,False
FAR52_0580,52.247-68,247,train,1664,256,0,False
FAR52_0580,52.247-68,247,train,1746,256,0,False
FAR52_0580,52.247-68,247,train,1792,210,46,True
FAR52_0580,52.247-68,247,train,1920,82,174,True
FAR52_0581,52.247-69,247,train,0,256,0,False
FAR52_0581,52.247-69,247,train,128,256,0,False
FAR52_0581,52.247-69,247,train,256,256,0,False
FAR52_0581,52.247-69,247,train,384,256,0,False
FAR52_0581,52.247-69,247,train,512,256,0,False
FAR52_0581,52.247-69,247,train,640,256,0,False
FAR52_0581,52.247-69,247,train,768,256,0,False
FAR52_0581,52.247-69,247,train,896,256,0,False
FAR52_0581,52.247-69,247,train,1024,256,0,False
FAR52_0581,52.247-69,247,train,1152,256,0,False
FAR52_0581,52.247-69,247,train,1280,256,0,False
FAR52_0581,52.247-69,247,train,1408,256,0,False
FAR52_0581,52.247-69,247,train,1536,256,0,False
FAR52_0581,52.247-69,247,train,1664,256,0,False
FAR52_0581,52.247-69,247,train,1792,256,0,False
FAR52_0581,52.247-69,247,train,1920,256,0,False
FAR52_0581,52.247-69,247,train,2048,256,0,False
FAR52_0581,52.247-69,247,train,2176,256,0,False
FAR52_0581,52.247-69,247,train,2304,256,0,False
FAR52_0581,52.247-69,247,train,2432,256,0,False
FAR52_0581,52.247-69,247,train,2545,256,0,False
FAR52_0581,52.247-69,247,train,2560,241,15,True
FAR52_0581,52.247-69,247,train,2688,113,143,True
FAR52_0582,52.248-1,248,test,0,256,0,False
FAR52_0582,52.248-1,248,test,256,256,0,False
FAR52_0582,52.248-1,248,test,640,256,0,False
FAR52_0582,52.248-1,248,test,1024,256,0,False
FAR52_0582,52.248-1,248,test,1280,256,0,False
FAR52_0582,52.248-1,248,test,1664,256,0,False
FAR52_0582,52.248-1,248,test,2048,256,0,False
FAR52_0582,52.248-1,248,test,2304,256,0,False
FAR52_0582,52.248-1,248,test,2688,256,0,False
FAR52_0582,52.248-1,248,test,3072,256,0,False
FAR52_0582,52.248-1,248,test,3328,256,0,False
FAR52_0582,52.248-1,248,test,3712,256,0,False
FAR52_0582,52.248-1,248,test,4096,256,0,False
FAR52_0582,52.248-1,248,test,4480,256,0,False
FAR52_0582,52.248-1,248,test,4736,256,0,False
FAR52_0582,52.248-1,248,test,5120,256,0,False
FAR52_0582,52.248-1,248,test,5504,256,0,False
FAR52_0582,52.248-1,248,test,5760,256,0,False
FAR52_0582,52.248-1,248,test,6144,256,0,False
FAR52_0582,52.248-1,248,test,6528,256,0,False
FAR52_0582,52.248-1,248,test,6784,256,0,False
FAR52_0582,52.248-1,248,test,7168,256,0,False
FAR52_0582,52.248-1,248,test,7552,256,0,False
FAR52_0582,52.248-1,248,test,7936,256,0,False
FAR52_0582,52.248-1,248,test,8192,256,0,False
FAR52_0582,52.248-1,248,test,8576,256,0,False
FAR52_0582,52.248-1,248,test,8960,256,0,False
FAR52_0582,52.248-1,248,test,9216,256,0,False
FAR52_0582,52.248-1,248,test,9600,256,0,False
FAR52_0582,52.248-1,248,test,9984,256,0,False
FAR52_0582,52.248-1,248,test,10240,256,0,False
FAR52_0582,52.248-1,248,test,10624,256,0,False
FAR52_0582,52.248-1,248,test,11008,256,0,False
FAR52_0582,52.248-1,248,test,11392,256,0,False
FAR52_0582,52.248-1,248,test,11648,256,0,False
FAR52_0582,52.248-1,248,test,12032,256,0,False
FAR52_0582,52.248-1,248,test,12416,256,0,False
FAR52_0582,52.248-1,248,test,12672,256,0,False
FAR52_0582,52.248-1,248,test,13056,256,0,False
FAR52_0582,52.248-1,248,test,13440,256,0,False
FAR52_0582,52.248-1,248,test,13696,256,0,False
FAR52_0582,52.248-1,248,test,14080,256,0,False
FAR52_0582,52.248-1,248,test,14464,256,0,False
FAR52_0582,52.248-1,248,test,14848,256,0,False
FAR52_0582,52.248-1,248,test,15104,256,0,False
FAR52_0582,52.248-1,248,test,15488,256,0,False
FAR52_0582,52.248-1,248,test,15872,256,0,False
FAR52_0582,52.248-1,248,test,16128,256,0,False
FAR52_0582,52.248-1,248,test,16512,256,0,False
FAR52_0582,52.248-1,248,test,16896,256,0,False
FAR52_0582,52.248-1,248,test,17152,256,0,False
FAR52_0582,52.248-1,248,test,17536,256,0,False
FAR52_0582,52.248-1,248,test,17920,256,0,False
FAR52_0582,52.248-1,248,test,18304,256,0,False
FAR52_0582,52.248-1,248,test,18560,256,0,False
FAR52_0582,52.248-1,248,test,18944,256,0,False
FAR52_0582,52.248-1,248,test,19328,256,0,False
FAR52_0582,52.248-1,248,test,19584,256,0,False
FAR52_0582,52.248-1,248,test,19968,256,0,False
FAR52_0582,52.248-1,248,test,20352,256,0,False
FAR52_0582,52.248-1,248,test,20608,256,0,False
FAR52_0582,52.248-1,248,test,20992,256,0,False
FAR52_0582,52.248-1,248,test,21376,256,0,False
FAR52_0582,52.248-1,248,test,21632,18,238,True
FAR52_0583,52.248-2,248,validation,0,256,0,False
FAR52_0583,52.248-2,248,validation,128,256,0,False
FAR52_0583,52.248-2,248,validation,256,256,0,False
FAR52_0583,52.248-2,248,validation,384,256,0,False
FAR52_0583,52.248-2,248,validation,512,256,0,False
FAR52_0583,52.248-2,248,validation,640,256,0,False
FAR52_0583,52.248-2,248,validation,768,256,0,False
FAR52_0583,52.248-2,248,validation,896,256,0,False
FAR52_0583,52.248-2,248,validation,1024,256,0,False
FAR52_0583,52.248-2,248,validation,1152,256,0,False
FAR52_0583,52.248-2,248,validation,1280,256,0,False
FAR52_0583,52.248-2,248,validation,1408,256,0,False
FAR52_0583,52.248-2,248,validation,1536,256,0,False
FAR52_0583,52.248-2,248,validation,1664,256,0,False
FAR52_0583,52.248-2,248,validation,1792,256,0,False
FAR52_0583,52.248-2,248,validation,1920,256,0,False
FAR52_0583,52.248-2,248,validation,2048,256,0,False
FAR52_0583,52.248-2,248,validation,2176,256,0,False
FAR52_0583,52.248-2,248,validation,2304,256,0,False
FAR52_0583,52.248-2,248,validation,2432,256,0,False
FAR52_0583,52.248-2,248,validation,2560,256,0,False
FAR52_0583,52.248-2,248,validation,2688,256,0,False
FAR52_0583,52.248-2,248,validation,2816,256,0,False
FAR52_0583,52.248-2,248,validation,2944,256,0,False
FAR52_0583,52.248-2,248,validation,3072,256,0,False
FAR52_0583,52.248-2,248,validation,3200,256,0,False
FAR52_0583,52.248-2,248,validation,3328,256,0,False
FAR52_0583,52.248-2,248,validation,3456,256,0,False
FAR52_0583,52.248-2,248,validation,3584,256,0,False
FAR52_0583,52.248-2,248,validation,3614,256,0,False
FAR52_0583,52.248-2,248,validation,3712,158,98,True
FAR52_0583,52.248-2,248,validation,3840,30,226,True
FAR52_0584,52.248-3,248,train,0,256,0,False
FAR52_0584,52.248-3,248,train,128,256,0,False
FAR52_0584,52.248-3,248,train,256,256,0,False
FAR52_0584,52.248-3,248,train,384,256,0,False
FAR52_0584,52.248-3,248,train,512,256,0,False
FAR52_0584,52.248-3,248,train,640,256,0,False
FAR52_0584,52.248-3,248,train,768,256,0,False
FAR52_0584,52.248-3,248,train,896,256,0,False
FAR52_0584,52.248-3,248,train,1152,256,0,False
FAR52_0584,52.248-3,248,train,1280,256,0,False
FAR52_0584,52.248-3,248,train,1408,256,0,False
FAR52_0584,52.248-3,248,train,1536,256,0,False
FAR52_0584,52.248-3,248,train,1664,256,0,False
FAR52_0584,52.248-3,248,train,1792,256,0,False
FAR52_0584,52.248-3,248,train,1920,256,0,False
FAR52_0584,52.248-3,248,train,2048,256,0,False
FAR52_0584,52.248-3,248,train,2304,256,0,False
FAR52_0584,52.248-3,248,train,2432,256,0,False
FAR52_0584,52.248-3,248,train,2560,256,0,False
FAR52_0584,52.248-3,248,train,2688,256,0,False
FAR52_0584,52.248-3,248,train,2816,256,0,False
FAR52_0584,52.248-3,248,train,2944,256,0,False
FAR52_0584,52.248-3,248,train,3072,256,0,False
FAR52_0584,52.248-3,248,train,3200,256,0,False
FAR52_0584,52.248-3,248,train,3456,256,0,False
FAR52_0584,52.248-3,248,train,3584,256,0,False
FAR52_0584,52.248-3,248,train,3712,256,0,False
FAR52_0584,52.248-3,248,train,3840,256,0,False
FAR52_0584,52.248-3,248,train,3968,256,0,False
FAR52_0584,52.248-3,248,train,4096,256,0,False
FAR52_0584,52.248-3,248,train,4224,256,0,False
FAR52_0584,52.248-3,248,train,4352,256,0,False
FAR52_0584,52.248-3,248,train,4608,256,0,False
FAR52_0584,52.248-3,248,train,4736,256,0,False
FAR52_0584,52.248-3,248,train,4864,256,0,False
FAR52_0584,52.248-3,248,train,4992,256,0,False
FAR52_0584,52.248-3,248,train,5120,256,0,False
FAR52_0584,52.248-3,248,train,5248,256,0,False
FAR52_0584,52.248-3,248,train,5376,256,0,False
FAR52_0584,52.248-3,248,train,5504,256,0,False
FAR52_0584,52.248-3,248,train,5760,256,0,False
FAR52_0584,52.248-3,248,train,5888,256,0,False
FAR52_0584,52.248-3,248,train,6016,256,0,False
FAR52_0584,52.248-3,248,train,6144,256,0,False
FAR52_0584,52.248-3,248,train,6272,256,0,False
FAR52_0584,52.248-3,248,train,6400,256,0,False
FAR52_0584,52.248-3,248,train,6528,256,0,False
FAR52_0584,52.248-3,248,train,6656,256,0,False
FAR52_0584,52.248-3,248,train,6912,256,0,False
FAR52_0584,52.248-3,248,train,7040,256,0,False
FAR52_0584,52.248-3,248,train,7168,256,0,False
FAR52_0584,52.248-3,248,train,7296,256,0,False
FAR52_0584,52.248-3,248,train,7424,256,0,False
FAR52_0584,52.248-3,248,train,7552,256,0,False
FAR52_0584,52.248-3,248,train,7680,256,0,False
FAR52_0584,52.248-3,248,train,7808,256,0,False
FAR52_0584,52.248-3,248,train,8064,256,0,False
FAR52_0584,52.248-3,248,train,8192,256,0,False
FAR52_0584,52.248-3,248,train,8320,256,0,False
FAR52_0584,52.248-3,248,train,8448,256,0,False
FAR52_0584,52.248-3,248,train,8576,256,0,False
FAR52_0584,52.248-3,248,train,8704,256,0,False
FAR52_0584,52.248-3,248,train,8761,256,0,False
FAR52_0584,52.248-3,248,train,8960,57,199,True
FAR52_0585,52.249-1,249,train,0,256,0,False
FAR52_0585,52.249-1,249,train,128,256,0,False
FAR52_0585,52.249-1,249,train,256,256,0,False
FAR52_0585,52.249-1,249,train,384,256,0,False
FAR52_0585,52.249-1,249,train,512,256,0,False
FAR52_0585,52.249-1,249,train,640,256,0,False
FAR52_0585,52.249-1,249,train,768,256,0,False
FAR52_0585,52.249-1,249,train,845,256,0,False
FAR52_0585,52.249-1,249,train,896,205,51,True
FAR52_0585,52.249-1,249,train,1024,77,179,True
FAR52_0586,52.249-2,249,test,0,256,0,False
FAR52_0586,52.249-2,249,test,128,256,0,False
FAR52_0586,52.249-2,249,test,384,256,0,False
FAR52_0586,52.249-2,249,test,640,256,0,False
FAR52_0586,52.249-2,249,test,896,256,0,False
FAR52_0586,52.249-2,249,test,1152,256,0,False
FAR52_0586,52.249-2,249,test,1408,256,0,False
FAR52_0586,52.249-2,249,test,1664,256,0,False
FAR52_0586,52.249-2,249,test,1920,256,0,False
FAR52_0586,52.249-2,249,test,2176,256,0,False
FAR52_0586,52.249-2,249,test,2432,256,0,False
FAR52_0586,52.249-2,249,test,2688,256,0,False
FAR52_0586,52.249-2,249,test,2944,256,0,False
FAR52_0586,52.249-2,249,test,3200,256,0,False
FAR52_0586,52.249-2,249,test,3456,256,0,False
FAR52_0586,52.249-2,249,test,3712,256,0,False
FAR52_0586,52.249-2,249,test,3968,256,0,False
FAR52_0586,52.249-2,249,test,4224,256,0,False
FAR52_0586,52.249-2,249,test,4480,256,0,False
FAR52_0586,52.249-2,249,test,4736,256,0,False
FAR52_0586,52.249-2,249,test,4992,256,0,False
FAR52_0586,52.249-2,249,test,5248,256,0,False
FAR52_0586,52.249-2,249,test,5376,256,0,False
FAR52_0586,52.249-2,249,test,5632,256,0,False
FAR52_0586,52.249-2,249,test,5888,256,0,False
FAR52_0586,52.249-2,249,test,6144,256,0,False
FAR52_0586,52.249-2,249,test,6400,256,0,False
FAR52_0586,52.249-2,249,test,6656,256,0,False
FAR52_0586,52.249-2,249,test,6912,256,0,False
FAR52_0586,52.249-2,249,test,7168,256,0,False
FAR52_0586,52.249-2,249,test,7424,256,0,False
FAR52_0586,52.249-2,249,test,7680,256,0,False
FAR52_0586,52.249-2,249,test,7936,256,0,False
FAR52_0586,52.249-2,249,test,8192,256,0,False
FAR52_0586,52.249-2,249,test,8448,256,0,False
FAR52_0586,52.249-2,249,test,8704,256,0,False
FAR52_0586,52.249-2,249,test,8960,256,0,False
FAR52_0586,52.249-2,249,test,9216,256,0,False
FAR52_0586,52.249-2,249,test,9472,256,0,False
FAR52_0586,52.249-2,249,test,9728,256,0,False
FAR52_0586,52.249-2,249,test,9984,256,0,False
FAR52_0586,52.249-2,249,test,10240,256,0,False
FAR52_0586,52.249-2,249,test,10496,256,0,False
FAR52_0586,52.249-2,249,test,10624,256,0,False
FAR52_0586,52.249-2,249,test,10880,256,0,False
FAR52_0586,52.249-2,249,test,11136,256,0,False
FAR52_0586,52.249-2,249,test,11392,256,0,False
FAR52_0586,52.249-2,249,test,11648,256,0,False
FAR52_0586,52.249-2,249,test,11904,256,0,False
FAR52_0586,52.249-2,249,test,12160,256,0,False
FAR52_0586,52.249-2,249,test,12416,256,0,False
FAR52_0586,52.249-2,249,test,12672,256,0,False
FAR52_0586,52.249-2,249,test,12928,256,0,False
FAR52_0586,52.249-2,249,test,13184,256,0,False
FAR52_0586,52.249-2,249,test,13440,256,0,False
FAR52_0586,52.249-2,249,test,13696,256,0,False
FAR52_0586,52.249-2,249,test,13952,256,0,False
FAR52_0586,52.249-2,249,test,14208,256,0,False
FAR52_0586,52.249-2,249,test,14464,256,0,False
FAR52_0586,52.249-2,249,test,14720,256,0,False
FAR52_0586,52.249-2,249,test,14976,256,0,False
FAR52_0586,52.249-2,249,test,15232,256,0,False
FAR52_0586,52.249-2,249,test,15382,256,0,False
FAR52_0586,52.249-2,249,test,15616,22,234,True
FAR52_0587,52.249-3,249,train,0,256,0,False
FAR52_0587,52.249-3,249,train,128,256,0,False
FAR52_0587,52.249-3,249,train,256,256,0,False
FAR52_0587,52.249-3,249,train,512,256,0,False
FAR52_0587,52.249-3,249,train,640,256,0,False
FAR52_0587,52.249-3,249,train,896,256,0,False
FAR52_0587,52.249-3,249,train,1024,256,0,False
FAR52_0587,52.249-3,249,train,1280,256,0,False
FAR52_0587,52.249-3,249,train,1408,256,0,False
FAR52_0587,52.249-3,249,train,1664,256,0,False
FAR52_0587,52.249-3,249,train,1792,256,0,False
FAR52_0587,52.249-3,249,train,2048,256,0,False
FAR52_0587,52.249-3,249,train,2176,256,0,False
FAR52_0587,52.249-3,249,train,2432,256,0,False
FAR52_0587,52.249-3,249,train,2560,256,0,False
FAR52_0587,52.249-3,249,train,2816,256,0,False
FAR52_0587,52.249-3,249,train,2944,256,0,False
FAR52_0587,52.249-3,249,train,3200,256,0,False
FAR52_0587,52.249-3,249,train,3328,256,0,False
FAR52_0587,52.249-3,249,train,3584,256,0,False
FAR52_0587,52.249-3,249,train,3712,256,0,False
FAR52_0587,52.249-3,249,train,3968,256,0,False
FAR52_0587,52.249-3,249,train,4096,256,0,False
FAR52_0587,52.249-3,249,train,4352,256,0,False
FAR52_0587,52.249-3,249,train,4480,256,0,False
FAR52_0587,52.249-3,249,train,4736,256,0,False
FAR52_0587,52.249-3,249,train,4864,256,0,False
FAR52_0587,52.249-3,249,train,5120,256,0,False
FAR52_0587,52.249-3,249,train,5248,256,0,False
FAR52_0587,52.249-3,249,train,5504,256,0,False
FAR52_0587,52.249-3,249,train,5632,256,0,False
FAR52_0587,52.249-3,249,train,5888,256,0,False
FAR52_0587,52.249-3,249,train,6016,256,0,False
FAR52_0587,52.249-3,249,train,6272,256,0,False
FAR52_0587,52.249-3,249,train,6400,256,0,False
FAR52_0587,52.249-3,249,train,6656,256,0,False
FAR52_0587,52.249-3,249,train,6784,256,0,False
FAR52_0587,52.249-3,249,train,7040,256,0,False
FAR52_0587,52.249-3,249,train,7168,256,0,False
FAR52_0587,52.249-3,249,train,7424,256,0,False
FAR52_0587,52.249-3,249,train,7552,256,0,False
FAR52_0587,52.249-3,249,train,7808,256,0,False
FAR52_0587,52.249-3,249,train,7936,256,0,False
FAR52_0587,52.249-3,249,train,8192,256,0,False
FAR52_0587,52.249-3,249,train,8320,256,0,False
FAR52_0587,52.249-3,249,train,8576,256,0,False
FAR52_0587,52.249-3,249,train,8704,256,0,False
FAR52_0587,52.249-3,249,train,8960,256,0,False
FAR52_0587,52.249-3,249,train,9088,256,0,False
FAR52_0587,52.249-3,249,train,9344,256,0,False
FAR52_0587,52.249-3,249,train,9472,256,0,False
FAR52_0587,52.249-3,249,train,9728,256,0,False
FAR52_0587,52.249-3,249,train,9856,256,0,False
FAR52_0587,52.249-3,249,train,10112,256,0,False
FAR52_0587,52.249-3,249,train,10240,256,0,False
FAR52_0587,52.249-3,249,train,10496,256,0,False
FAR52_0587,52.249-3,249,train,10624,256,0,False
FAR52_0587,52.249-3,249,train,10880,256,0,False
FAR52_0587,52.249-3,249,train,11008,256,0,False
FAR52_0587,52.249-3,249,train,11264,256,0,False
FAR52_0587,52.249-3,249,train,11392,256,0,False
FAR52_0587,52.249-3,249,train,11648,256,0,False
FAR52_0587,52.249-3,249,train,11670,256,0,False
FAR52_0587,52.249-3,249,train,11904,22,234,True
FAR52_0588,52.249-4,249,train,0,256,0,False
FAR52_0588,52.249-4,249,train,128,256,0,False
FAR52_0588,52.249-4,249,train,256,256,0,False
FAR52_0588,52.249-4,249,train,384,256,0,False
FAR52_0588,52.249-4,249,train,512,256,0,False
FAR52_0588,52.249-4,249,train,640,256,0,False
FAR52_0588,52.249-4,249,train,764,256,0,False
FAR52_0588,52.249-4,249,train,768,252,4,True
FAR52_0588,52.249-4,249,train,896,124,132,True
FAR52_0589,52.249-5,249,train,0,256,0,False
FAR52_0589,52.249-5,249,train,128,256,0,False
FAR52_0589,52.249-5,249,train,256,256,0,False
FAR52_0589,52.249-5,249,train,384,256,0,False
FAR52_0589,52.249-5,249,train,512,256,0,False
FAR52_0589,52.249-5,249,train,640,256,0,False
FAR52_0589,52.249-5,249,train,768,256,0,False
FAR52_0589,52.249-5,249,train,896,256,0,False
FAR52_0589,52.249-5,249,train,1024,256,0,False
FAR52_0589,52.249-5,249,train,1152,256,0,False
FAR52_0589,52.249-5,249,train,1280,256,0,False
FAR52_0589,52.249-5,249,train,1408,256,0,False
FAR52_0589,52.249-5,249,train,1536,256,0,False
FAR52_0589,52.249-5,249,train,1664,256,0,False
FAR52_0589,52.249-5,249,train,1792,256,0,False
FAR52_0589,52.249-5,249,train,1920,256,0,False
FAR52_0589,52.249-5,249,train,2048,256,0,False
FAR52_0589,52.249-5,249,train,2176,256,0,False
FAR52_0589,52.249-5,249,train,2304,256,0,False
FAR52_0589,52.249-5,249,train,2432,256,0,False
FAR52_0589,52.249-5,249,train,2560,256,0,False
FAR52_0589,52.249-5,249,train,2688,256,0,False
FAR52_0589,52.249-5,249,train,2816,256,0,False
FAR52_0589,52.249-5,249,train,2944,256,0,False
FAR52_0589,52.249-5,249,train,3072,256,0,False
FAR52_0589,52.249-5,249,train,3200,256,0,False
FAR52_0589,52.249-5,249,train,3328,256,0,False
FAR52_0589,52.249-5,249,train,3456,256,0,False
FAR52_0589,52.249-5,249,train,3584,256,0,False
FAR52_0589,52.249-5,249,train,3712,256,0,False
FAR52_0589,52.249-5,249,train,3840,256,0,False
FAR52_0589,52.249-5,249,train,3968,256,0,False
FAR52_0589,52.249-5,249,train,4096,256,0,False
FAR52_0589,52.249-5,249,train,4224,256,0,False
FAR52_0589,52.249-5,249,train,4352,256,0,False
FAR52_0589,52.249-5,249,train,4480,256,0,False
FAR52_0589,52.249-5,249,train,4608,256,0,False
FAR52_0589,52.249-5,249,train,4736,256,0,False
FAR52_0589,52.249-5,249,train,4864,256,0,False
FAR52_0589,52.249-5,249,train,4992,256,0,False
FAR52_0589,52.249-5,249,train,5120,256,0,False
FAR52_0589,52.249-5,249,train,5248,256,0,False
FAR52_0589,52.249-5,249,train,5376,256,0,False
FAR52_0589,52.249-5,249,train,5504,256,0,False
FAR52_0589,52.249-5,249,train,5632,256,0,False
FAR52_0589,52.249-5,249,train,5760,256,0,False
FAR52_0589,52.249-5,249,train,5888,256,0,False
FAR52_0589,52.249-5,249,train,5910,256,0,False
FAR52_0589,52.249-5,249,train,6016,150,106,True
FAR52_0589,52.249-5,249,train,6144,22,234,True
FAR52_0590,52.249-6,249,train,0,256,0,False
FAR52_0590,52.249-6,249,train,256,256,0,False
FAR52_0590,52.249-6,249,train,512,256,0,False
FAR52_0590,52.249-6,249,train,896,256,0,False
FAR52_0590,52.249-6,249,train,1152,256,0,False
FAR52_0590,52.249-6,249,train,1536,256,0,False
FAR52_0590,52.249-6,249,train,1792,256,0,False
FAR52_0590,52.249-6,249,train,2176,256,0,False
FAR52_0590,52.249-6,249,train,2432,256,0,False
FAR52_0590,52.249-6,249,train,2816,256,0,False
FAR52_0590,52.249-6,249,train,3072,256,0,False
FAR52_0590,52.249-6,249,train,3456,256,0,False
FAR52_0590,52.249-6,249,train,3712,256,0,False
FAR52_0590,52.249-6,249,train,3968,256,0,False
FAR52_0590,52.249-6,249,train,4352,256,0,False
FAR52_0590,52.249-6,249,train,4608,256,0,False
FAR52_0590,52.249-6,249,train,4992,256,0,False
FAR52_0590,52.249-6,249,train,5248,256,0,False
FAR52_0590,52.249-6,249,train,5632,256,0,False
FAR52_0590,52.249-6,249,train,5888,256,0,False
FAR52_0590,52.249-6,249,train,6272,256,0,False
FAR52_0590,52.249-6,249,train,6528,256,0,False
FAR52_0590,52.249-6,249,train,6912,256,0,False
FAR52_0590,52.249-6,249,train,7168,256,0,False
FAR52_0590,52.249-6,249,train,7552,256,0,False
FAR52_0590,52.249-6,249,train,7808,256,0,False
FAR52_0590,52.249-6,249,train,8064,256,0,False
FAR52_0590,52.249-6,249,train,8448,256,0,False
FAR52_0590,52.249-6,249,train,8704,256,0,False
FAR52_0590,52.249-6,249,train,9088,256,0,False
FAR52_0590,52.249-6,249,train,9344,256,0,False
FAR52_0590,52.249-6,249,train,9728,256,0,False
FAR52_0590,52.249-6,249,train,9984,256,0,False
FAR52_0590,52.249-6,249,train,10368,256,0,False
FAR52_0590,52.249-6,249,train,10624,256,0,False
FAR52_0590,52.249-6,249,train,11008,256,0,False
FAR52_0590,52.249-6,249,train,11264,256,0,False
FAR52_0590,52.249-6,249,train,11648,256,0,False
FAR52_0590,52.249-6,249,train,11904,256,0,False
FAR52_0590,52.249-6,249,train,12160,256,0,False
FAR52_0590,52.249-6,249,train,12544,256,0,False
FAR52_0590,52.249-6,249,train,12800,256,0,False
FAR52_0590,52.249-6,249,train,13184,256,0,False
FAR52_0590,52.249-6,249,train,13440,256,0,False
FAR52_0590,52.249-6,249,train,13824,256,0,False
FAR52_0590,52.249-6,249,train,14080,256,0,False
FAR52_0590,52.249-6,249,train,14464,256,0,False
FAR52_0590,52.249-6,249,train,14720,256,0,False
FAR52_0590,52.249-6,249,train,15104,256,0,False
FAR52_0590,52.249-6,249,train,15360,256,0,False
FAR52_0590,52.249-6,249,train,15744,256,0,False
FAR52_0590,52.249-6,249,train,16000,256,0,False
FAR52_0590,52.249-6,249,train,16256,256,0,False
FAR52_0590,52.249-6,249,train,16640,256,0,False
FAR52_0590,52.249-6,249,train,16896,256,0,False
FAR52_0590,52.249-6,249,train,17280,256,0,False
FAR52_0590,52.249-6,249,train,17536,256,0,False
FAR52_0590,52.249-6,249,train,17920,256,0,False
FAR52_0590,52.249-6,249,train,18176,256,0,False
FAR52_0590,52.249-6,249,train,18560,256,0,False
FAR52_0590,52.249-6,249,train,18816,256,0,False
FAR52_0590,52.249-6,249,train,19200,256,0,False
FAR52_0590,52.249-6,249,train,19456,256,0,False
FAR52_0590,52.249-6,249,train,19712,29,227,True
FAR52_0591,52.249-7,249,train,0,256,0,False
FAR52_0591,52.249-7,249,train,128,256,0,False
FAR52_0591,52.249-7,249,train,256,256,0,False
FAR52_0591,52.249-7,249,train,384,256,0,False
FAR52_0591,52.249-7,249,train,512,256,0,False
FAR52_0591,52.249-7,249,train,640,256,0,False
FAR52_0591,52.249-7,249,train,768,256,0,False
FAR52_0591,52.249-7,249,train,896,256,0,False
FAR52_0591,52.249-7,249,train,1024,256,0,False
FAR52_0591,52.249-7,249,train,1152,256,0,False
FAR52_0591,52.249-7,249,train,1280,256,0,False
FAR52_0591,52.249-7,249,train,1408,256,0,False
FAR52_0591,52.249-7,249,train,1536,256,0,False
FAR52_0591,52.249-7,249,train,1634,256,0,False
FAR52_0591,52.249-7,249,train,1664,226,30,True
FAR52_0591,52.249-7,249,train,1792,98,158,True
FAR52_0592,52.249-8,249,train,0,256,0,False
FAR52_0592,52.249-8,249,train,128,256,0,False
FAR52_0592,52.249-8,249,train,256,256,0,False
FAR52_0592,52.249-8,249,train,384,256,0,False
FAR52_0592,52.249-8,249,train,512,256,0,False
FAR52_0592,52.249-8,249,train,640,256,0,False
FAR52_0592,52.249-8,249,train,768,256,0,False
FAR52_0592,52.249-8,249,train,896,256,0,False
FAR52_0592,52.249-8,249,train,1024,256,0,False
FAR52_0592,52.249-8,249,train,1152,256,0,False
FAR52_0592,52.249-8,249,train,1280,256,0,False
FAR52_0592,52.249-8,249,train,1408,256,0,False
FAR52_0592,52.249-8,249,train,1536,256,0,False
FAR52_0592,52.249-8,249,train,1664,256,0,False
FAR52_0592,52.249-8,249,train,1792,256,0,False
FAR52_0592,52.249-8,249,train,1920,256,0,False
FAR52_0592,52.249-8,249,train,2048,256,0,False
FAR52_0592,52.249-8,249,train,2176,256,0,False
FAR52_0592,52.249-8,249,train,2304,256,0,False
FAR52_0592,52.249-8,249,train,2432,256,0,False
FAR52_0592,52.249-8,249,train,2560,256,0,False
FAR52_0592,52.249-8,249,train,2688,256,0,False
FAR52_0592,52.249-8,249,train,2816,256,0,False
FAR52_0592,52.249-8,249,train,2944,256,0,False
FAR52_0592,52.249-8,249,train,3072,256,0,False
FAR52_0592,52.249-8,249,train,3200,256,0,False
FAR52_0592,52.249-8,249,train,3328,256,0,False
FAR52_0592,52.249-8,249,train,3456,256,0,False
FAR52_0592,52.249-8,249,train,3584,256,0,False
FAR52_0592,52.249-8,249,train,3712,256,0,False
FAR52_0592,52.249-8,249,train,3840,256,0,False
FAR52_0592,52.249-8,249,train,3968,256,0,False
FAR52_0592,52.249-8,249,train,4096,256,0,False
FAR52_0592,52.249-8,249,train,4224,256,0,False
FAR52_0592,52.249-8,249,train,4352,256,0,False
FAR52_0592,52.249-8,249,train,4480,256,0,False
FAR52_0592,52.249-8,249,train,4608,256,0,False
FAR52_0592,52.249-8,249,train,4736,256,0,False
FAR52_0592,52.249-8,249,train,4864,256,0,False
FAR52_0592,52.249-8,249,train,4992,256,0,False
FAR52_0592,52.249-8,249,train,5120,256,0,False
FAR52_0592,52.249-8,249,train,5248,256,0,False
FAR52_0592,52.249-8,249,train,5376,256,0,False
FAR52_0592,52.249-8,249,train,5504,256,0,False
FAR52_0592,52.249-8,249,train,5515,256,0,False
FAR52_0592,52.249-8,249,train,5632,139,117,True
FAR52_0592,52.249-8,249,train,5760,11,245,True
FAR52_0593,52.249-9,249,train,0,256,0,False
FAR52_0593,52.249-9,249,train,128,256,0,False
FAR52_0593,52.249-9,249,train,256,256,0,False
FAR52_0593,52.249-9,249,train,384,256,0,False
FAR52_0593,52.249-9,249,train,512,256,0,False
FAR52_0593,52.249-9,249,train,640,256,0,False
FAR52_0593,52.249-9,249,train,768,256,0,False
FAR52_0593,52.249-9,249,train,896,256,0,False
FAR52_0593,52.249-9,249,train,1024,256,0,False
FAR52_0593,52.249-9,249,train,1152,256,0,False
FAR52_0593,52.249-9,249,train,1280,256,0,False
FAR52_0593,52.249-9,249,train,1408,256,0,False
FAR52_0593,52.249-9,249,train,1536,256,0,False
FAR52_0593,52.249-9,249,train,1664,256,0,False
FAR52_0593,52.249-9,249,train,1792,256,0,False
FAR52_0593,52.249-9,249,train,1920,256,0,False
FAR52_0593,52.249-9,249,train,2048,256,0,False
FAR52_0593,52.249-9,249,train,2176,256,0,False
FAR52_0593,52.249-9,249,train,2304,256,0,False
FAR52_0593,52.249-9,249,train,2432,256,0,False
FAR52_0593,52.249-9,249,train,2560,256,0,False
FAR52_0593,52.249-9,249,train,2688,256,0,False
FAR52_0593,52.249-9,249,train,2816,256,0,False
FAR52_0593,52.249-9,249,train,2944,256,0,False
FAR52_0593,52.249-9,249,train,3072,256,0,False
FAR52_0593,52.249-9,249,train,3200,256,0,False
FAR52_0593,52.249-9,249,train,3328,256,0,False
FAR52_0593,52.249-9,249,train,3456,256,0,False
FAR52_0593,52.249-9,249,train,3584,256,0,False
FAR52_0593,52.249-9,249,train,3712,256,0,False
FAR52_0593,52.249-9,249,train,3840,256,0,False
FAR52_0593,52.249-9,249,train,3919,256,0,False
FAR52_0593,52.249-9,249,train,3968,207,49,True
FAR52_0593,52.249-9,249,train,4096,79,177,True
FAR52_0594,52.249-10,249,validation,0,256,0,False
FAR52_0594,52.249-10,249,validation,128,256,0,False
FAR52_0594,52.249-10,249,validation,256,256,0,False
FAR52_0594,52.249-10,249,validation,384,256,0,False
FAR52_0594,52.249-10,249,validation,512,256,0,False
FAR52_0594,52.249-10,249,validation,640,256,0,False
FAR52_0594,52.249-10,249,validation,768,256,0,False
FAR52_0594,52.249-10,249,validation,896,256,0,False
FAR52_0594,52.249-10,249,validation,1024,256,0,False
FAR52_0594,52.249-10,249,validation,1152,256,0,False
FAR52_0594,52.249-10,249,validation,1280,256,0,False
FAR52_0594,52.249-10,249,validation,1408,256,0,False
FAR52_0594,52.249-10,249,validation,1536,256,0,False
FAR52_0594,52.249-10,249,validation,1664,256,0,False
FAR52_0594,52.249-10,249,validation,1792,256,0,False
FAR52_0594,52.249-10,249,validation,1920,256,0,False
FAR52_0594,52.249-10,249,validation,2048,256,0,False
FAR52_0594,52.249-10,249,validation,2176,256,0,False
FAR52_0594,52.249-10,249,validation,2304,256,0,False
FAR52_0594,52.249-10,249,validation,2432,256,0,False
FAR52_0594,52.249-10,249,validation,2560,256,0,False
FAR52_0594,52.249-10,249,validation,2688,256,0,False
FAR52_0594,52.249-10,249,validation,2816,256,0,False
FAR52_0594,52.249-10,249,validation,2944,256,0,False
FAR52_0594,52.249-10,249,validation,3072,256,0,False
FAR52_0594,52.249-10,249,validation,3200,256,0,False
FAR52_0594,52.249-10,249,validation,3328,256,0,False
FAR52_0594,52.249-10,249,validation,3456,256,0,False
FAR52_0594,52.249-10,249,validation,3584,256,0,False
FAR52_0594,52.249-10,249,validation,3712,256,0,False
FAR52_0594,52.249-10,249,validation,3840,256,0,False
FAR52_0594,52.249-10,249,validation,3968,256,0,False
FAR52_0594,52.249-10,249,validation,4096,256,0,False
FAR52_0594,52.249-10,249,validation,4224,256,0,False
FAR52_0594,52.249-10,249,validation,4352,256,0,False
FAR52_0594,52.249-10,249,validation,4480,256,0,False
FAR52_0594,52.249-10,249,validation,4608,256,0,False
FAR52_0594,52.249-10,249,validation,4736,256,0,False
FAR52_0594,52.249-10,249,validation,4864,256,0,False
FAR52_0594,52.249-10,249,validation,4992,256,0,False
FAR52_0594,52.249-10,249,validation,5120,256,0,False
FAR52_0594,52.249-10,249,validation,5248,256,0,False
FAR52_0594,52.249-10,249,validation,5376,256,0,False
FAR52_0594,52.249-10,249,validation,5504,256,0,False
FAR52_0594,52.249-10,249,validation,5632,256,0,False
FAR52_0594,52.249-10,249,validation,5760,256,0,False
FAR52_0594,52.249-10,249,validation,5888,256,0,False
FAR52_0594,52.249-10,249,validation,6016,256,0,False
FAR52_0594,52.249-10,249,validation,6144,256,0,False
FAR52_0594,52.249-10,249,validation,6272,256,0,False
FAR52_0594,52.249-10,249,validation,6400,256,0,False
FAR52_0594,52.249-10,249,validation,6528,256,0,False
FAR52_0594,52.249-10,249,validation,6656,256,0,False
FAR52_0594,52.249-10,249,validation,6784,256,0,False
FAR52_0594,52.249-10,249,validation,6912,256,0,False
FAR52_0594,52.249-10,249,validation,7040,256,0,False
FAR52_0594,52.249-10,249,validation,7168,256,0,False
FAR52_0594,52.249-10,249,validation,7296,256,0,False
FAR52_0594,52.249-10,249,validation,7424,256,0,False
FAR52_0594,52.249-10,249,validation,7537,256,0,False
FAR52_0594,52.249-10,249,validation,7552,241,15,True
FAR52_0594,52.249-10,249,validation,7680,113,143,True
FAR52_0595,52.249-12,249,train,0,256,0,False
FAR52_0595,52.249-12,249,train,128,256,0,False
FAR52_0595,52.249-12,249,train,256,256,0,False
FAR52_0595,52.249-12,249,train,274,256,0,False
FAR52_0595,52.249-12,249,train,384,146,110,True
FAR52_0595,52.249-12,249,train,512,18,238,True
FAR52_0596,52.249-14,249,train,0,256,0,False
FAR52_0596,52.249-14,249,train,128,256,0,False
FAR52_0596,52.249-14,249,train,256,256,0,False
FAR52_0596,52.249-14,249,train,384,256,0,False
FAR52_0596,52.249-14,249,train,512,256,0,False
FAR52_0596,52.249-14,249,train,640,256,0,False
FAR52_0596,52.249-14,249,train,768,256,0,False
FAR52_0596,52.249-14,249,train,896,256,0,False
FAR52_0596,52.249-14,249,train,1024,256,0,False
FAR52_0596,52.249-14,249,train,1152,256,0,False
FAR52_0596,52.249-14,249,train,1280,256,0,False
FAR52_0596,52.249-14,249,train,1408,256,0,False
FAR52_0596,52.249-14,249,train,1536,256,0,False
FAR52_0596,52.249-14,249,train,1664,256,0,False
FAR52_0596,52.249-14,249,train,1792,256,0,False
FAR52_0596,52.249-14,249,train,1920,256,0,False
FAR52_0596,52.249-14,249,train,1961,256,0,False
FAR52_0596,52.249-14,249,train,2048,169,87,True
FAR52_0596,52.249-14,249,train,2176,41,215,True
FAR52_0597,52.250-1,250,train,0,256,0,False
FAR52_0597,52.250-1,250,train,128,256,0,False
FAR52_0597,52.250-1,250,train,256,256,0,False
FAR52_0597,52.250-1,250,train,384,256,0,False
FAR52_0597,52.250-1,250,train,512,256,0,False
FAR52_0597,52.250-1,250,train,640,256,0,False
FAR52_0597,52.250-1,250,train,768,256,0,False
FAR52_0597,52.250-1,250,train,896,256,0,False
FAR52_0597,52.250-1,250,train,1024,256,0,False
FAR52_0597,52.250-1,250,train,1152,256,0,False
FAR52_0597,52.250-1,250,train,1280,256,0,False
FAR52_0597,52.250-1,250,train,1408,256,0,False
FAR52_0597,52.250-1,250,train,1536,256,0,False
FAR52_0597,52.250-1,250,train,1664,256,0,False
FAR52_0597,52.250-1,250,train,1792,256,0,False
FAR52_0597,52.250-1,250,train,1920,256,0,False
FAR52_0597,52.250-1,250,train,2048,256,0,False
FAR52_0597,52.250-1,250,train,2176,256,0,False
FAR52_0597,52.250-1,250,train,2304,256,0,False
FAR52_0597,52.250-1,250,train,2432,256,0,False
FAR52_0597,52.250-1,250,train,2560,256,0,False
FAR52_0597,52.250-1,250,train,2688,256,0,False
FAR52_0597,52.250-1,250,train,2816,256,0,False
FAR52_0597,52.250-1,250,train,2944,256,0,False
FAR52_0597,52.250-1,250,train,3072,256,0,False
FAR52_0597,52.250-1,250,train,3200,256,0,False
FAR52_0597,52.250-1,250,train,3328,256,0,False
FAR52_0597,52.250-1,250,train,3456,256,0,False
FAR52_0597,52.250-1,250,train,3584,256,0,False
FAR52_0597,52.250-1,250,train,3712,256,0,False
FAR52_0597,52.250-1,250,train,3840,256,0,False
FAR52_0597,52.250-1,250,train,3968,256,0,False
FAR52_0597,52.250-1,250,train,4096,256,0,False
FAR52_0597,52.250-1,250,train,4224,256,0,False
FAR52_0597,52.250-1,250,train,4352,256,0,False
FAR52_0597,52.250-1,250,train,4480,256,0,False
FAR52_0597,52.250-1,250,train,4553,256,0,False
FAR52_0597,52.250-1,250,train,4608,201,55,True
FAR52_0597,52.250-1,250,train,4736,73,183,True
FAR52_0598,52.250-2,250,train,0,256,0,False
FAR52_0598,52.250-2,250,train,128,256,0,False
FAR52_0598,52.250-2,250,train,256,256,0,False
FAR52_0598,52.250-2,250,train,384,256,0,False
FAR52_0598,52.250-2,250,train,512,256,0,False
FAR52_0598,52.250-2,250,train,640,256,0,False
FAR52_0598,52.250-2,250,train,768,256,0,False
FAR52_0598,52.250-2,250,train,896,128,128,True
FAR52_0599,52.250-3,250,train,0,256,0,False
FAR52_0599,52.250-3,250,train,128,256,0,False
FAR52_0599,52.250-3,250,train,256,256,0,False
FAR52_0599,52.250-3,250,train,384,256,0,False
FAR52_0599,52.250-3,250,train,512,256,0,False
FAR52_0599,52.250-3,250,train,640,256,0,False
FAR52_0599,52.250-3,250,train,768,256,0,False
FAR52_0599,52.250-3,250,train,896,256,0,False
FAR52_0599,52.250-3,250,train,1024,256,0,False
FAR52_0599,52.250-3,250,train,1152,256,0,False
FAR52_0599,52.250-3,250,train,1280,256,0,False
FAR52_0599,52.250-3,250,train,1408,256,0,False
FAR52_0599,52.250-3,250,train,1536,256,0,False
FAR52_0599,52.250-3,250,train,1664,256,0,False
FAR52_0599,52.250-3,250,train,1792,256,0,False
FAR52_0599,52.250-3,250,train,1920,256,0,False
FAR52_0599,52.250-3,250,train,2048,256,0,False
FAR52_0599,52.250-3,250,train,2176,256,0,False
FAR52_0599,52.250-3,250,train,2304,256,0,False
FAR52_0599,52.250-3,250,train,2432,256,0,False
FAR52_0599,52.250-3,250,train,2560,256,0,False
FAR52_0599,52.250-3,250,train,2688,256,0,False
FAR52_0599,52.250-3,250,train,2816,256,0,False
FAR52_0599,52.250-3,250,train,2944,256,0,False
FAR52_0599,52.250-3,250,train,3072,256,0,False
FAR52_0599,52.250-3,250,train,3200,256,0,False
FAR52_0599,52.250-3,250,train,3328,256,0,False
FAR52_0599,52.250-3,250,train,3456,256,0,False
FAR52_0599,52.250-3,250,train,3584,256,0,False
FAR52_0599,52.250-3,250,train,3712,256,0,False
FAR52_0599,52.250-3,250,train,3840,256,0,False
FAR52_0599,52.250-3,250,train,3968,256,0,False
FAR52_0599,52.250-3,250,train,4096,256,0,False
FAR52_0599,52.250-3,250,train,4224,256,0,False
FAR52_0599,52.250-3,250,train,4352,256,0,False
FAR52_0599,52.250-3,250,train,4480,256,0,False
FAR52_0599,52.250-3,250,train,4608,256,0,False
FAR52_0599,52.250-3,250,train,4736,256,0,False
FAR52_0599,52.250-3,250,train,4864,256,0,False
FAR52_0599,52.250-3,250,train,4992,256,0,False
FAR52_0599,52.250-3,250,train,5120,256,0,False
FAR52_0599,52.250-3,250,train,5248,256,0,False
FAR52_0599,52.250-3,250,train,5376,256,0,False
FAR52_0599,52.250-3,250,train,5504,256,0,False
FAR52_0599,52.250-3,250,train,5632,256,0,False
FAR52_0599,52.250-3,250,train,5760,256,0,False
FAR52_0599,52.250-3,250,train,5888,256,0,False
FAR52_0599,52.250-3,250,train,6016,256,0,False
FAR52_0599,52.250-3,250,train,6144,256,0,False
FAR52_0599,52.250-3,250,train,6272,256,0,False
FAR52_0599,52.250-3,250,train,6400,256,0,False
FAR52_0599,52.250-3,250,train,6528,256,0,False
FAR52_0599,52.250-3,250,train,6656,256,0,False
FAR52_0599,52.250-3,250,train,6784,256,0,False
FAR52_0599,52.250-3,250,train,6912,256,0,False
FAR52_0599,52.250-3,250,train,7040,256,0,False
FAR52_0599,52.250-3,250,train,7168,256,0,False
FAR52_0599,52.250-3,250,train,7296,256,0,False
FAR52_0599,52.250-3,250,train,7424,256,0,False
FAR52_0599,52.250-3,250,train,7552,256,0,False
FAR52_0599,52.250-3,250,train,7680,256,0,False
FAR52_0599,52.250-3,250,train,7700,256,0,False
FAR52_0599,52.250-3,250,train,7808,148,108,True
FAR52_0599,52.250-3,250,train,7936,20,236,True
FAR52_0600,52.250-4,250,train,0,256,0,False
FAR52_0600,52.250-4,250,train,128,256,0,False
FAR52_0600,52.250-4,250,train,256,256,0,False
FAR52_0600,52.250-4,250,train,384,256,0,False
FAR52_0600,52.250-4,250,train,512,256,0,False
FAR52_0600,52.250-4,250,train,640,256,0,False
FAR52_0600,52.250-4,250,train,768,256,0,False
FAR52_0600,52.250-4,250,train,896,256,0,False
FAR52_0600,52.250-4,250,train,1024,256,0,False
FAR52_0600,52.250-4,250,train,1152,256,0,False
FAR52_0600,52.250-4,250,train,1280,256,0,False
FAR52_0600,52.250-4,250,train,1408,256,0,False
FAR52_0600,52.250-4,250,train,1536,256,0,False
FAR52_0600,52.250-4,250,train,1664,256,0,False
FAR52_0600,52.250-4,250,train,1792,256,0,False
FAR52_0600,52.250-4,250,train,1920,256,0,False
FAR52_0600,52.250-4,250,train,2048,256,0,False
FAR52_0600,52.250-4,250,train,2176,256,0,False
FAR52_0600,52.250-4,250,train,2304,256,0,False
FAR52_0600,52.250-4,250,train,2432,256,0,False
FAR52_0600,52.250-4,250,train,2560,256,0,False
FAR52_0600,52.250-4,250,train,2688,256,0,False
FAR52_0600,52.250-4,250,train,2816,256,0,False
FAR52_0600,52.250-4,250,train,2944,256,0,False
FAR52_0600,52.250-4,250,train,3072,256,0,False
FAR52_0600,52.250-4,250,train,3200,256,0,False
FAR52_0600,52.250-4,250,train,3328,256,0,False
FAR52_0600,52.250-4,250,train,3456,256,0,False
FAR52_0600,52.250-4,250,train,3584,256,0,False
FAR52_0600,52.250-4,250,train,3712,256,0,False
FAR52_0600,52.250-4,250,train,3840,256,0,False
FAR52_0600,52.250-4,250,train,3968,256,0,False
FAR52_0600,52.250-4,250,train,4096,256,0,False
FAR52_0600,52.250-4,250,train,4224,256,0,False
FAR52_0600,52.250-4,250,train,4352,256,0,False
FAR52_0600,52.250-4,250,train,4480,256,0,False
FAR52_0600,52.250-4,250,train,4608,256,0,False
FAR52_0600,52.250-4,250,train,4736,256,0,False
FAR52_0600,52.250-4,250,train,4864,256,0,False
FAR52_0600,52.250-4,250,train,4992,256,0,False
FAR52_0600,52.250-4,250,train,5120,256,0,False
FAR52_0600,52.250-4,250,train,5248,256,0,False
FAR52_0600,52.250-4,250,train,5376,256,0,False
FAR52_0600,52.250-4,250,train,5504,256,0,False
FAR52_0600,52.250-4,250,train,5632,256,0,False
FAR52_0600,52.250-4,250,train,5760,256,0,False
FAR52_0600,52.250-4,250,train,5888,256,0,False
FAR52_0600,52.250-4,250,train,6016,256,0,False
FAR52_0600,52.250-4,250,train,6144,256,0,False
FAR52_0600,52.250-4,250,train,6272,256,0,False
FAR52_0600,52.250-4,250,train,6400,256,0,False
FAR52_0600,52.250-4,250,train,6528,256,0,False
FAR52_0600,52.250-4,250,train,6656,256,0,False
FAR52_0600,52.250-4,250,train,6784,256,0,False
FAR52_0600,52.250-4,250,train,6912,256,0,False
FAR52_0600,52.250-4,250,train,7040,256,0,False
FAR52_0600,52.250-4,250,train,7168,256,0,False
FAR52_0600,52.250-4,250,train,7296,256,0,False
FAR52_0600,52.250-4,250,train,7424,256,0,False
FAR52_0600,52.250-4,250,train,7456,256,0,False
FAR52_0600,52.250-4,250,train,7552,160,96,True
FAR52_0600,52.250-4,250,train,7680,32,224,True
FAR52_0601,52.250-5,250,train,0,256,0,False
FAR52_0601,52.250-5,250,train,128,256,0,False
FAR52_0601,52.250-5,250,train,256,256,0,False
FAR52_0601,52.250-5,250,train,384,256,0,False
FAR52_0601,52.250-5,250,train,512,256,0,False
FAR52_0601,52.250-5,250,train,640,256,0,False
FAR52_0601,52.250-5,250,train,768,256,0,False
FAR52_0601,52.250-5,250,train,896,256,0,False
FAR52_0601,52.250-5,250,train,1024,256,0,False
FAR52_0601,52.250-5,250,train,1152,256,0,False
FAR52_0601,52.250-5,250,train,1280,256,0,False
FAR52_0601,52.250-5,250,train,1408,256,0,False
FAR52_0601,52.250-5,250,train,1536,256,0,False
FAR52_0601,52.250-5,250,train,1664,256,0,False
FAR52_0601,52.250-5,250,train,1792,256,0,False
FAR52_0601,52.250-5,250,train,1920,256,0,False
FAR52_0601,52.250-5,250,train,2048,256,0,False
FAR52_0601,52.250-5,250,train,2176,256,0,False
FAR52_0601,52.250-5,250,train,2304,256,0,False
FAR52_0601,52.250-5,250,train,2432,256,0,False
FAR52_0601,52.250-5,250,train,2560,256,0,False
FAR52_0601,52.250-5,250,train,2688,256,0,False
FAR52_0601,52.250-5,250,train,2816,256,0,False
FAR52_0601,52.250-5,250,train,2944,256,0,False
FAR52_0601,52.250-5,250,train,3072,256,0,False
FAR52_0601,52.250-5,250,train,3200,256,0,False
FAR52_0601,52.250-5,250,train,3328,256,0,False
FAR52_0601,52.250-5,250,train,3456,256,0,False
FAR52_0601,52.250-5,250,train,3584,256,0,False
FAR52_0601,52.250-5,250,train,3712,256,0,False
FAR52_0601,52.250-5,250,train,3840,256,0,False
FAR52_0601,52.250-5,250,train,3896,256,0,False
FAR52_0601,52.250-5,250,train,3968,184,72,True
FAR52_0601,52.250-5,250,train,4096,56,200,True
FAR52_0602,52.251-1,251,train,0,256,0,False
FAR52_0602,52.251-1,251,train,128,256,0,False
FAR52_0602,52.251-1,251,train,256,256,0,False
FAR52_0602,52.251-1,251,train,298,256,0,False
FAR52_0602,52.251-1,251,train,384,170,86,True
FAR52_0602,52.251-1,251,train,512,42,214,True
FAR52_0603,52.251-2,251,validation,0,256,0,False
FAR52_0603,52.251-2,251,validation,128,256,0,False
FAR52_0603,52.251-2,251,validation,256,256,0,False
FAR52_0603,52.251-2,251,validation,362,256,0,False
FAR52_0603,52.251-2,251,validation,384,234,22,True
FAR52_0603,52.251-2,251,validation,512,106,150,True
FAR52_0604,52.252-1,252,train,0,256,0,False
FAR52_0604,52.252-1,252,train,128,256,0,False
FAR52_0604,52.252-1,252,train,256,256,0,False
FAR52_0604,52.252-1,252,train,384,256,0,False
FAR52_0604,52.252-1,252,train,512,256,0,False
FAR52_0604,52.252-1,252,train,640,256,0,False
FAR52_0604,52.252-1,252,train,768,256,0,False
FAR52_0604,52.252-1,252,train,793,256,0,False
FAR52_0604,52.252-1,252,train,896,153,103,True
FAR52_0604,52.252-1,252,train,1024,25,231,True
FAR52_0605,52.252-2,252,train,0,256,0,False
FAR52_0605,52.252-2,252,train,128,256,0,False
FAR52_0605,52.252-2,252,train,256,256,0,False
FAR52_0605,52.252-2,252,train,378,256,0,False
FAR52_0605,52.252-2,252,train,384,250,6,True
FAR52_0605,52.252-2,252,train,512,122,134,True
FAR52_0606,52.252-3,252,train,0,256,0,False
FAR52_0606,52.252-3,252,train,128,256,0,False
FAR52_0606,52.252-3,252,train,256,256,0,False
FAR52_0606,52.252-3,252,train,347,256,0,False
FAR52_0606,52.252-3,252,train,384,219,37,True
FAR52_0606,52.252-3,252,train,512,91,165,True
FAR52_0607,52.252-4,252,test,0,256,0,False
FAR52_0607,52.252-4,252,test,128,256,0,False
FAR52_0607,52.252-4,252,test,256,256,0,False
FAR52_0607,52.252-4,252,test,359,256,0,False
FAR52_0607,52.252-4,252,test,384,231,25,True
FAR52_0607,52.252-4,252,test,512,103,153,True
FAR52_0608,52.252-5,252,train,0,256,0,False
FAR52_0608,52.252-5,252,train,128,256,0,False
FAR52_0608,52.252-5,252,train,256,256,0,False
FAR52_0608,52.252-5,252,train,384,256,0,False
FAR52_0608,52.252-5,252,train,512,256,0,False
FAR52_0608,52.252-5,252,train,640,256,0,False
FAR52_0608,52.252-5,252,train,768,256,0,False
FAR52_0608,52.252-5,252,train,811,256,0,False
FAR52_0608,52.252-5,252,train,896,171,85,True
FAR52_0608,52.252-5,252,train,1024,43,213,True
FAR52_0609,52.252-6,252,train,0,256,0,False
FAR52_0609,52.252-6,252,train,128,256,0,False
FAR52_0609,52.252-6,252,train,256,256,0,False
FAR52_0609,52.252-6,252,train,384,256,0,False
FAR52_0609,52.252-6,252,train,512,256,0,False
FAR52_0609,52.252-6,252,train,640,256,0,False
FAR52_0609,52.252-6,252,train,768,256,0,False
FAR52_0609,52.252-6,252,train,797,256,0,False
FAR52_0609,52.252-6,252,train,896,157,99,True
FAR52_0609,52.252-6,252,train,1024,29,227,True
FAR52_0610,52.253-1,253,train,0,256,0,False
FAR52_0610,52.253-1,253,train,128,256,0,False
FAR52_0610,52.253-1,253,train,256,256,0,False
FAR52_0610,52.253-1,253,train,384,256,0,False
FAR52_0610,52.253-1,253,train,512,256,0,False
FAR52_0610,52.253-1,253,train,640,256,0,False
FAR52_0610,52.253-1,253,train,768,256,0,False
FAR52_0610,52.253-1,253,train,855,256,0,False
FAR52_0610,52.253-1,253,train,896,215,41,True
FAR52_0610,52.253-1,253,train,1024,87,169,True
